left_node,right_node,left_frame_id,right_frame_id,measured_dx_px,measured_dy_px,inlier_count,inlier_ratio,grid_coverage,vertical_span_fraction,forward_backward_p95_px,parallax_cluster_ratio,pose_progress_m,pose_direction_agreement,confidence,reliable,rejection_reasons,kind,direct_image_match,detected_feature_count,forward_lk_valid_count,backward_lk_valid_count,fb_retained_count,model_inlier_count,fb_retention_ratio,model_inlier_ratio_retained,effective_inlier_ratio_detected,forward_backward_p50_px,model_residual_p50_px,model_residual_p95_px,model_residual_max_px,dominant_cluster_count,secondary_cluster_count,frame_gap,timestamp_gap_ms,predicted_overlap_fraction,provisional_spacing_px,feature_domain,preprocessing,lk_window_size,lk_max_level,used_provisional_initial_flow,grid_domain_cell_count,grid_covered_cell_count,grid_covered_cell_ids,grid_rows,grid_columns,feature_calibrated_cx,feature_slit_left_px,feature_slit_right_px,feature_slit_width_px,initial_flow_source,initial_flow_dx_px,initial_flow_dy_px,initial_flow_response
0,1,54,60,1.166717529296875,0.006786346435546875,432,0.96,1.0,0.9833333333333333,0.1409820020198822,0.02040816326530612,0.0037411015717807583,True,1.0,True,[],adjacent,True,450,450,450,441,432,0.98,0.9795918367346939,0.96,0.00497520761564374,0.36856814750865485,1.0435802004306147,2.4006846738792444,432,9,6,133.56800000000112,1.0,0.0,full_calibrated_frame,gray,21,3,False,48,48,"['r0c0', 'r0c1', 'r0c2', 'r0c3', 'r0c4', 'r0c5', 'r0c6', 'r0c7', 'r1c0', 'r1c1', 'r1c2', 'r1c3', 'r1c4', 'r1c5', 'r1c6', 'r1c7', 'r2c0', 'r2c1', 'r2c2', 'r2c3', 'r2c4', 'r2c5', 'r2c6', 'r2c7', 'r3c0', 'r3c1', 'r3c2', 'r3c3', 'r3c4', 'r3c5', 'r3c6', 'r3c7', 'r4c0', 'r4c1', 'r4c2', 'r4c3', 'r4c4', 'r4c5', 'r4c6', 'r4c7', 'r5c0', 'r5c1', 'r5c2', 'r5c3', 'r5c4', 'r5c5', 'r5c6', 'r5c7']",6,8,210.9133758544922,0,0,0,none,0.0,0.0,0.0
1,2,60,66,1.9721832275390625,-0.05783891677856445,414,0.92,1.0,0.9875,0.1469498872756958,0.037209302325581395,0.005632812899556305,True,1.0,True,[],adjacent,True,450,450,448,433,414,0.9622222222222222,0.9561200923787528,0.92,0.006742697209119797,0.5649669432270585,1.3045057866345653,5.160515459354916,414,16,6,133.5679999999993,1.0,0.0,full_calibrated_frame,gray,21,3,False,48,48,"['r0c0', 'r0c1', 'r0c2', 'r0c3', 'r0c4', 'r0c5', 'r0c6', 'r0c7', 'r1c0', 'r1c1', 'r1c2', 'r1c3', 'r1c4', 'r1c5', 'r1c6', 'r1c7', 'r2c0', 'r2c1', 'r2c2', 'r2c3', 'r2c4', 'r2c5', 'r2c6', 'r2c7', 'r3c0', 'r3c1', 'r3c2', 'r3c3', 'r3c4', 'r3c5', 'r3c6', 'r3c7', 'r4c0', 'r4c1', 'r4c2', 'r4c3', 'r4c4', 'r4c5', 'r4c6', 'r4c7', 'r5c0', 'r5c1', 'r5c2', 'r5c3', 'r5c4', 'r5c5', 'r5c6', 'r5c7']",6,8,210.9133758544922,0,0,0,none,0.0,0.0,0.0
2,3,66,72,2.294036865234375,-0.03374481201171875,402,0.90744920993228,0.9791666666666666,0.9708333333333333,0.16523942351341248,0.06074766355140187,0.006497745736875227,True,1.0,True,[],adjacent,True,443,443,441,431,402,0.9729119638826185,0.9327146171693735,0.90744920993228,0.006054259836673737,0.6065057854996738,1.7004740078368807,4.374083450814694,402,26,6,133.56800000000112,1.0,0.0,full_calibrated_frame,gray,21,3,False,48,47,"['r0c0', 'r0c1', 'r0c2', 'r0c3', 'r0c4', 'r0c5', 'r0c6', 'r0c7', 'r1c0', 'r1c1', 'r1c2', 'r1c3', 'r1c4', 'r1c5', 'r1c6', 'r1c7', 'r2c0', 'r2c1', 'r2c2', 'r2c3', 'r2c4', 'r2c5', 'r2c6', 'r2c7', 'r3c0', 'r3c1', 'r3c2', 'r3c3', 'r3c5', 'r3c6', 'r3c7', 'r4c0', 'r4c1', 'r4c2', 'r4c3', 'r4c4', 'r4c5', 'r4c6', 'r4c7', 'r5c0', 'r5c1', 'r5c2', 'r5c3', 'r5c4', 'r5c5', 'r5c6', 'r5c7']",6,8,210.9133758544922,0,0,0,none,0.0,0.0,0.0
3,4,72,78,2.38427734375,-0.04727745056152344,399,0.9279069767441861,0.9791666666666666,0.9833333333333333,0.0812271386384964,0.0477326968973747,0.006470173246239663,True,1.0,True,[],adjacent,True,430,426,426,419,399,0.9744186046511628,0.9522673031026253,0.9279069767441861,0.004995593335479498,0.6654274234959641,1.4546409812180343,2.654630176367242,399,20,6,150.2639999999992,1.0,0.0,full_calibrated_frame,gray,21,3,False,48,47,"['r0c0', 'r0c1', 'r0c2', 'r0c3', 'r0c4', 'r0c5', 'r0c6', 'r0c7', 'r1c0', 'r1c1', 'r1c2', 'r1c3', 'r1c4', 'r1c5', 'r1c6', 'r1c7', 'r2c0', 'r2c1', 'r2c2', 'r2c3', 'r2c4', 'r2c5', 'r2c6', 'r2c7', 'r3c0', 'r3c1', 'r3c2', 'r3c3', 'r3c5', 'r3c6', 'r3c7', 'r4c0', 'r4c1', 'r4c2', 'r4c3', 'r4c4', 'r4c5', 'r4c6', 'r4c7', 'r5c0', 'r5c1', 'r5c2', 'r5c3', 'r5c4', 'r5c5', 'r5c6', 'r5c7']",6,8,210.9133758544922,0,0,0,none,0.0,0.0,0.0
4,5,78,84,2.4859161376953125,-0.11219596862792969,402,0.9136363636363637,1.0,0.9875,0.15627659857273102,0.0585480093676815,0.0071556603463631685,True,1.0,True,[],adjacent,True,440,438,438,428,402,0.9727272727272728,0.9392523364485982,0.9136363636363637,0.007967248558998108,0.6581143467367252,1.6640963654844243,3.3534510303484404,402,25,6,133.5679999999993,1.0,0.0,full_calibrated_frame,gray,21,3,False,48,48,"['r0c0', 'r0c1', 'r0c2', 'r0c3', 'r0c4', 'r0c5', 'r0c6', 'r0c7', 'r1c0', 'r1c1', 'r1c2', 'r1c3', 'r1c4', 'r1c5', 'r1c6', 'r1c7', 'r2c0', 'r2c1', 'r2c2', 'r2c3', 'r2c4', 'r2c5', 'r2c6', 'r2c7', 'r3c0', 'r3c1', 'r3c2', 'r3c3', 'r3c4', 'r3c5', 'r3c6', 'r3c7', 'r4c0', 'r4c1', 'r4c2', 'r4c3', 'r4c4', 'r4c5', 'r4c6', 'r4c7', 'r5c0', 'r5c1', 'r5c2', 'r5c3', 'r5c4', 'r5c5', 'r5c6', 'r5c7']",6,8,210.9133758544922,0,0,0,none,0.0,0.0,0.0
5,6,84,90,3.70697021484375,-0.066314697265625,306,0.6970387243735763,0.8958333333333334,0.975,0.23460125923156738,0.19047619047619047,0.011737298628722859,True,1.0,True,[],adjacent,True,439,438,436,423,306,0.9635535307517085,0.723404255319149,0.6970387243735763,0.010567721910774708,1.1744473050297841,2.780852101543674,4.929147949655924,306,72,6,150.26400000000103,1.0,0.0,full_calibrated_frame,gray,21,3,False,48,43,"['r0c0', 'r0c1', 'r0c2', 'r0c3', 'r0c4', 'r0c5', 'r0c6', 'r0c7', 'r1c1', 'r1c2', 'r1c3', 'r1c4', 'r1c5', 'r1c6', 'r1c7', 'r2c1', 'r2c2', 'r2c3', 'r2c4', 'r2c5', 'r2c6', 'r2c7', 'r3c0', 'r3c1', 'r3c2', 'r3c3', 'r3c4', 'r3c6', 'r3c7', 'r4c1', 'r4c2', 'r4c3', 'r4c4', 'r4c5', 'r4c6', 'r4c7', 'r5c1', 'r5c2', 'r5c3', 'r5c4', 'r5c5', 'r5c6', 'r5c7']",6,8,210.9133758544922,0,0,0,none,0.0,0.0,0.0
6,7,90,97,4.755706787109375,-0.0001373291015625,300,0.6787330316742082,0.8333333333333334,0.9833333333333333,0.1568882018327713,0.2840095465393795,0.01169707854898494,True,1.0,True,[],adjacent,True,442,440,438,426,300,0.9638009049773756,0.704225352112676,0.6787330316742082,0.009349148720502853,0.949222517567449,3.105392565424987,5.600479219828385,300,119,7,133.5689999999995,1.0,0.0,full_calibrated_frame,gray,21,3,False,48,40,"['r0c0', 'r0c1', 'r0c2', 'r0c3', 'r0c4', 'r0c5', 'r0c6', 'r1c0', 'r1c1', 'r1c2', 'r1c3', 'r1c4', 'r1c5', 'r1c6', 'r1c7', 'r2c0', 'r2c1', 'r3c0', 'r3c1', 'r3c2', 'r3c3', 'r3c4', 'r3c6', 'r3c7', 'r4c0', 'r4c1', 'r4c2', 'r4c3', 'r4c4', 'r4c5', 'r4c6', 'r4c7', 'r5c0', 'r5c1', 'r5c2', 'r5c3', 'r5c4', 'r5c5', 'r5c6', 'r5c7']",6,8,210.9133758544922,0,0,0,none,0.0,0.0,0.0
7,8,97,104,5.064849853515625,-0.1601104736328125,264,0.5919282511210763,0.7291666666666666,0.9625,0.21914872527122498,0.3282442748091603,0.013596288226831899,True,1.0,True,[],adjacent,True,446,444,443,422,264,0.9461883408071748,0.6255924170616114,0.5919282511210763,0.011130552738904953,1.1307591989362153,4.591494200814088,7.195012495530637,264,129,7,133.5679999999993,1.0,0.0,full_calibrated_frame,gray,21,3,False,48,35,"['r0c0', 'r0c1', 'r0c2', 'r0c3', 'r0c4', 'r0c5', 'r1c0', 'r1c1', 'r1c2', 'r1c3', 'r1c4', 'r1c7', 'r2c0', 'r2c1', 'r3c0', 'r3c1', 'r3c2', 'r3c3', 'r3c6', 'r4c0', 'r4c1', 'r4c2', 'r4c3', 'r4c4', 'r4c5', 'r4c6', 'r4c7', 'r5c0', 'r5c1', 'r5c2', 'r5c3', 'r5c4', 'r5c5', 'r5c6', 'r5c7']",6,8,210.9133758544922,0,0,0,none,0.0,0.0,0.0
8,9,104,111,4.820404052734375,-0.015625,276,0.6258503401360545,0.7916666666666666,0.9541666666666667,0.20985987782478333,0.3235294117647059,0.012300310563230221,True,1.0,True,[],adjacent,True,441,440,439,418,276,0.9478458049886621,0.6602870813397129,0.6258503401360545,0.008423008024692535,1.0023317402631218,3.2551345661202835,5.57487480483053,276,132,7,133.56800000000112,1.0,0.0,full_calibrated_frame,gray,21,3,False,48,38,"['r0c0', 'r0c1', 'r0c2', 'r0c3', 'r0c4', 'r1c0', 'r1c1', 'r1c2', 'r1c3', 'r1c4', 'r1c5', 'r1c6', 'r1c7', 'r2c0', 'r2c1', 'r2c5', 'r3c0', 'r3c1', 'r3c2', 'r3c3', 'r3c6', 'r3c7', 'r4c0', 'r4c1', 'r4c2', 'r4c3', 'r4c4', 'r4c5', 'r4c6', 'r4c7', 'r5c0', 'r5c1', 'r5c2', 'r5c3', 'r5c4', 'r5c5', 'r5c6', 'r5c7']",6,8,210.9133758544922,0,0,0,none,0.0,0.0,0.0
9,10,111,118,4.757781982421875,-0.089080810546875,289,0.6407982261640798,0.7708333333333334,0.9541666666666667,0.2008391171693802,0.3119047619047619,0.014434901055008775,True,1.0,True,[],adjacent,True,451,450,450,433,289,0.9600886917960089,0.6674364896073903,0.6407982261640798,0.010898536071181297,1.0818878530255196,3.9728783458202193,6.2289651505044406,289,131,7,150.2639999999992,1.0,0.0,full_calibrated_frame,gray,21,3,False,48,37,"['r0c0', 'r0c1', 'r0c2', 'r0c3', 'r0c4', 'r0c6', 'r1c0', 'r1c1', 'r1c2', 'r1c3', 'r1c4', 'r1c6', 'r1c7', 'r2c0', 'r2c1', 'r2c7', 'r3c0', 'r3c1', 'r3c3', 'r3c4', 'r3c6', 'r4c0', 'r4c1', 'r4c2', 'r4c3', 'r4c4', 'r4c5', 'r4c6', 'r4c7', 'r5c0', 'r5c1', 'r5c2', 'r5c3', 'r5c4', 'r5c5', 'r5c6', 'r5c7']",6,8,210.9133758544922,0,0,0,none,0.0,0.0,0.0
10,11,118,125,3.96417236328125,-0.1615142822265625,322,0.7268623024830699,0.9375,0.9791666666666666,0.2417142242193222,0.24056603773584906,0.010489734767603065,True,1.0,True,[],adjacent,True,443,443,443,428,322,0.9661399548532731,0.7523364485981309,0.7268623024830699,0.010250274091959,1.0217516355932592,3.212484356233074,5.152525011270957,322,102,7,133.56800000000112,1.0,0.0,full_calibrated_frame,gray,21,3,False,48,45,"['r0c0', 'r0c1', 'r0c2', 'r0c3', 'r0c4', 'r0c5', 'r0c6', 'r0c7', 'r1c0', 'r1c1', 'r1c2', 'r1c3', 'r1c4', 'r1c6', 'r1c7', 'r2c0', 'r2c1', 'r2c3', 'r2c4', 'r2c5', 'r2c6', 'r2c7', 'r3c0', 'r3c1', 'r3c2', 'r3c3', 'r3c4', 'r3c6', 'r3c7', 'r4c0', 'r4c1', 'r4c2', 'r4c3', 'r4c4', 'r4c5', 'r4c6', 'r4c7', 'r5c0', 'r5c1', 'r5c2', 'r5c3', 'r5c4', 'r5c5', 'r5c6', 'r5c7']",6,8,210.9133758544922,0,0,0,none,0.0,0.0,0.0
11,12,125,131,3.684173583984375,-0.055896759033203125,328,0.7699530516431925,1.0,0.9875,0.15608368813991547,0.18610421836228289,0.011006606564025745,True,1.0,True,[],adjacent,True,426,411,410,404,328,0.9483568075117371,0.8118811881188119,0.7699530516431925,0.006636197678744793,0.9440942277822029,3.056087444716111,4.136245043444365,328,75,6,133.5679999999993,1.0,0.0,full_calibrated_frame,gray,21,3,False,48,48,"['r0c0', 'r0c1', 'r0c2', 'r0c3', 'r0c4', 'r0c5', 'r0c6', 'r0c7', 'r1c0', 'r1c1', 'r1c2', 'r1c3', 'r1c4', 'r1c5', 'r1c6', 'r1c7', 'r2c0', 'r2c1', 'r2c2', 'r2c3', 'r2c4', 'r2c5', 'r2c6', 'r2c7', 'r3c0', 'r3c1', 'r3c2', 'r3c3', 'r3c4', 'r3c5', 'r3c6', 'r3c7', 'r4c0', 'r4c1', 'r4c2', 'r4c3', 'r4c4', 'r4c5', 'r4c6', 'r4c7', 'r5c0', 'r5c1', 'r5c2', 'r5c3', 'r5c4', 'r5c5', 'r5c6', 'r5c7']",6,8,210.9133758544922,0,0,0,none,0.0,0.0,0.0
12,13,131,137,3.6421966552734375,-0.0048980712890625,316,0.7149321266968326,0.9375,0.9833333333333333,0.1870012879371643,0.2494061757719715,0.010259757989591,True,1.0,True,[],adjacent,True,442,438,437,424,316,0.9592760180995475,0.7452830188679245,0.7149321266968326,0.006339157000184059,0.9605975931432765,3.002939643818158,4.07663113605229,316,105,6,133.5679999999993,1.0,0.0,full_calibrated_frame,gray,21,3,False,48,45,"['r0c0', 'r0c1', 'r0c2', 'r0c3', 'r0c4', 'r0c5', 'r0c6', 'r0c7', 'r1c0', 'r1c1', 'r1c2', 'r1c3', 'r1c4', 'r1c5', 'r1c6', 'r1c7', 'r2c0', 'r2c1', 'r2c3', 'r2c4', 'r2c5', 'r2c6', 'r2c7', 'r3c0', 'r3c1', 'r3c2', 'r3c3', 'r3c6', 'r3c7', 'r4c0', 'r4c1', 'r4c2', 'r4c3', 'r4c4', 'r4c5', 'r4c6', 'r4c7', 'r5c0', 'r5c1', 'r5c2', 'r5c3', 'r5c4', 'r5c5', 'r5c6', 'r5c7']",6,8,210.9133758544922,0,0,0,none,0.0,0.0,0.0
13,14,137,143,4.044853210449219,-0.0583343505859375,300,0.6896551724137931,0.9166666666666666,0.9125,0.27775493264198303,0.17582417582417584,0.012997193552684805,True,1.0,True,[],adjacent,True,435,435,434,425,300,0.9770114942528736,0.7058823529411765,0.6896551724137931,0.010215941816568375,1.2275600972351661,2.9167020218744253,5.7496560973669695,300,64,6,150.26400000000103,1.0,0.0,full_calibrated_frame,gray,21,3,False,48,44,"['r0c0', 'r0c1', 'r0c2', 'r0c3', 'r0c4', 'r0c5', 'r0c6', 'r0c7', 'r1c2', 'r1c3', 'r1c4', 'r1c5', 'r1c6', 'r1c7', 'r2c1', 'r2c2', 'r2c3', 'r2c4', 'r2c5', 'r2c6', 'r2c7', 'r3c0', 'r3c1', 'r3c2', 'r3c3', 'r3c4', 'r3c5', 'r3c6', 'r4c0', 'r4c1', 'r4c2', 'r4c3', 'r4c4', 'r4c5', 'r4c6', 'r4c7', 'r5c0', 'r5c1', 'r5c2', 'r5c3', 'r5c4', 'r5c5', 'r5c6', 'r5c7']",6,8,210.9133758544922,0,0,0,none,0.0,0.0,0.0
14,15,143,150,4.3642120361328125,-0.053691864013671875,248,0.5610859728506787,0.875,0.9041666666666667,0.22853229939937592,0.26409495548961426,0.014716763908790398,True,1.0,True,[],adjacent,True,442,442,440,424,248,0.9592760180995475,0.5849056603773585,0.5610859728506787,0.011146634817123413,1.379797968887436,3.5121617138872057,5.955491639713239,248,89,7,150.26499999999942,1.0,0.0,full_calibrated_frame,gray,21,3,False,48,42,"['r0c1', 'r0c2', 'r0c3', 'r0c4', 'r0c5', 'r0c6', 'r0c7', 'r1c1', 'r1c2', 'r1c3', 'r1c4', 'r1c5', 'r1c6', 'r1c7', 'r2c1', 'r2c2', 'r2c3', 'r2c4', 'r2c5', 'r2c6', 'r3c0', 'r3c1', 'r3c2', 'r3c3', 'r3c4', 'r3c5', 'r3c6', 'r3c7', 'r4c0', 'r4c1', 'r4c2', 'r4c3', 'r4c4', 'r4c5', 'r4c6', 'r4c7', 'r5c1', 'r5c3', 'r5c4', 'r5c5', 'r5c6', 'r5c7']",6,8,210.9133758544922,0,0,0,none,0.0,0.0,0.0
15,16,150,156,3.8243026733398438,-0.14461517333984375,337,0.7488888888888889,0.9791666666666666,0.9083333333333333,0.20165906846523285,0.16377171215880892,0.011839259457232743,True,1.0,True,[],adjacent,True,450,437,436,427,337,0.9488888888888889,0.7892271662763466,0.7488888888888889,0.01152398344129324,1.1105889590204407,2.836167128214674,4.9231740902792485,337,66,6,133.56800000000112,1.0,0.0,full_calibrated_frame,gray,21,3,False,48,47,"['r0c0', 'r0c1', 'r0c2', 'r0c3', 'r0c4', 'r0c5', 'r0c6', 'r0c7', 'r1c0', 'r1c1', 'r1c2', 'r1c3', 'r1c4', 'r1c5', 'r1c6', 'r1c7', 'r2c0', 'r2c1', 'r2c2', 'r2c3', 'r2c4', 'r2c5', 'r2c6', 'r3c0', 'r3c1', 'r3c2', 'r3c3', 'r3c4', 'r3c5', 'r3c6', 'r3c7', 'r4c0', 'r4c1', 'r4c2', 'r4c3', 'r4c4', 'r4c5', 'r4c6', 'r4c7', 'r5c0', 'r5c1', 'r5c2', 'r5c3', 'r5c4', 'r5c5', 'r5c6', 'r5c7']",6,8,210.9133758544922,0,0,0,none,0.0,0.0,0.0
16,17,156,163,3.892425537109375,-0.1003875732421875,332,0.7579908675799086,0.9583333333333334,0.975,0.26344773173332214,0.1902439024390244,0.011644290496227838,True,1.0,True,[],adjacent,True,438,438,437,427,332,0.9748858447488584,0.7775175644028103,0.7579908675799086,0.008547499775886536,1.080545042204273,2.9130290191555774,4.153412733455671,332,78,7,150.2639999999992,1.0,0.0,full_calibrated_frame,gray,21,3,False,48,46,"['r0c0', 'r0c1', 'r0c2', 'r0c3', 'r0c4', 'r0c5', 'r0c6', 'r0c7', 'r1c0', 'r1c2', 'r1c3', 'r1c4', 'r1c5', 'r1c6', 'r1c7', 'r2c0', 'r2c1', 'r2c2', 'r2c3', 'r2c4', 'r2c5', 'r2c6', 'r2c7', 'r3c0', 'r3c1', 'r3c2', 'r3c3', 'r3c5', 'r3c6', 'r3c7', 'r4c0', 'r4c1', 'r4c2', 'r4c3', 'r4c4', 'r4c5', 'r4c6', 'r4c7', 'r5c0', 'r5c1', 'r5c2', 'r5c3', 'r5c4', 'r5c5', 'r5c6', 'r5c7']",6,8,210.9133758544922,0,0,0,none,0.0,0.0,0.0
17,18,163,170,3.3786468505859375,-0.07313156127929688,376,0.864367816091954,0.9583333333333334,0.9416666666666667,0.1743294596672058,0.07160493827160494,0.01106810889798504,True,1.0,True,[],adjacent,True,435,434,433,426,376,0.9793103448275862,0.8826291079812206,0.864367816091954,0.007355528883635998,0.9030985591581662,2.350134613853732,6.071552550581154,376,29,7,133.5679999999993,1.0,0.0,full_calibrated_frame,gray,21,3,False,48,46,"['r0c0', 'r0c1', 'r0c2', 'r0c3', 'r0c4', 'r0c5', 'r0c6', 'r0c7', 'r1c0', 'r1c2', 'r1c3', 'r1c5', 'r1c6', 'r1c7', 'r2c0', 'r2c1', 'r2c2', 'r2c3', 'r2c4', 'r2c5', 'r2c6', 'r2c7', 'r3c0', 'r3c1', 'r3c2', 'r3c3', 'r3c4', 'r3c5', 'r3c6', 'r3c7', 'r4c0', 'r4c1', 'r4c2', 'r4c3', 'r4c4', 'r4c5', 'r4c6', 'r4c7', 'r5c0', 'r5c1', 'r5c2', 'r5c3', 'r5c4', 'r5c5', 'r5c6', 'r5c7']",6,8,210.9133758544922,0,0,0,none,0.0,0.0,0.0
18,19,170,176,3.5246505737304688,-0.00070953369140625,375,0.8484162895927602,0.9791666666666666,0.9458333333333333,0.1847769320011139,0.09200968523002422,0.011964031509433704,True,1.0,True,[],adjacent,True,442,442,441,432,375,0.9773755656108597,0.8680555555555556,0.8484162895927602,0.007809396367520094,0.9748127936536908,2.314865357431012,4.128512257314767,375,38,6,133.56800000000112,1.0,0.0,full_calibrated_frame,gray,21,3,False,48,47,"['r0c0', 'r0c1', 'r0c2', 'r0c3', 'r0c4', 'r0c5', 'r0c6', 'r0c7', 'r1c0', 'r1c2', 'r1c3', 'r1c4', 'r1c5', 'r1c6', 'r1c7', 'r2c0', 'r2c1', 'r2c2', 'r2c3', 'r2c4', 'r2c5', 'r2c6', 'r2c7', 'r3c0', 'r3c1', 'r3c2', 'r3c3', 'r3c4', 'r3c5', 'r3c6', 'r3c7', 'r4c0', 'r4c1', 'r4c2', 'r4c3', 'r4c4', 'r4c5', 'r4c6', 'r4c7', 'r5c0', 'r5c1', 'r5c2', 'r5c3', 'r5c4', 'r5c5', 'r5c6', 'r5c7']",6,8,210.9133758544922,0,0,0,none,0.0,0.0,0.0
19,20,176,183,3.50701904296875,-0.0069732666015625,363,0.8231292517006803,0.9791666666666666,0.9375,0.24607312679290771,0.11029411764705882,0.011461607943213048,True,1.0,True,[],adjacent,True,441,435,433,422,363,0.9569160997732427,0.8601895734597157,0.8231292517006803,0.007440175395458937,0.9778480057516505,3.2283066363689397,5.309542351072976,363,45,7,133.5679999999993,1.0,0.0,full_calibrated_frame,gray,21,3,False,48,47,"['r0c0', 'r0c1', 'r0c2', 'r0c3', 'r0c4', 'r0c5', 'r0c6', 'r0c7', 'r1c0', 'r1c2', 'r1c3', 'r1c4', 'r1c5', 'r1c6', 'r1c7', 'r2c0', 'r2c1', 'r2c2', 'r2c3', 'r2c4', 'r2c5', 'r2c6', 'r2c7', 'r3c0', 'r3c1', 'r3c2', 'r3c3', 'r3c4', 'r3c5', 'r3c6', 'r3c7', 'r4c0', 'r4c1', 'r4c2', 'r4c3', 'r4c4', 'r4c5', 'r4c6', 'r4c7', 'r5c0', 'r5c1', 'r5c2', 'r5c3', 'r5c4', 'r5c5', 'r5c6', 'r5c7']",6,8,210.9133758544922,0,0,0,none,0.0,0.0,0.0
20,21,183,189,3.4884719848632812,-0.0898284912109375,360,0.8017817371937639,0.9791666666666666,0.9416666666666667,0.36040547490119934,0.11764705882352941,0.0111426576716116,True,1.0,True,[],adjacent,True,449,448,447,430,360,0.9576837416481069,0.8372093023255814,0.8017817371937639,0.01260239165276289,0.9723285041720409,2.6949372953438555,9.463847202812167,360,48,6,133.56800000000112,1.0,0.0,full_calibrated_frame,gray,21,3,False,48,47,"['r0c0', 'r0c1', 'r0c2', 'r0c3', 'r0c4', 'r0c5', 'r0c6', 'r1c0', 'r1c1', 'r1c2', 'r1c3', 'r1c4', 'r1c5', 'r1c6', 'r1c7', 'r2c0', 'r2c1', 'r2c2', 'r2c3', 'r2c4', 'r2c5', 'r2c6', 'r2c7', 'r3c0', 'r3c1', 'r3c2', 'r3c3', 'r3c4', 'r3c5', 'r3c6', 'r3c7', 'r4c0', 'r4c1', 'r4c2', 'r4c3', 'r4c4', 'r4c5', 'r4c6', 'r4c7', 'r5c0', 'r5c1', 'r5c2', 'r5c3', 'r5c4', 'r5c5', 'r5c6', 'r5c7']",6,8,210.9133758544922,0,0,0,none,0.0,0.0,0.0
21,22,189,195,3.360137939453125,-0.17654800415039062,375,0.8278145695364238,0.9791666666666666,0.9083333333333333,0.23758012056350708,0.10071942446043165,0.010552557325187728,True,1.0,True,[],adjacent,True,453,443,442,429,375,0.9470198675496688,0.8741258741258742,0.8278145695364238,0.011302056722342968,0.8934631892377987,3.0671189183613152,11.718758303625052,375,42,6,133.5679999999993,1.0,0.0,full_calibrated_frame,gray,21,3,False,48,47,"['r0c0', 'r0c1', 'r0c2', 'r0c3', 'r0c4', 'r0c5', 'r0c6', 'r0c7', 'r1c0', 'r1c2', 'r1c3', 'r1c4', 'r1c5', 'r1c6', 'r1c7', 'r2c0', 'r2c1', 'r2c2', 'r2c3', 'r2c4', 'r2c5', 'r2c6', 'r2c7', 'r3c0', 'r3c1', 'r3c2', 'r3c3', 'r3c4', 'r3c5', 'r3c6', 'r3c7', 'r4c0', 'r4c1', 'r4c2', 'r4c3', 'r4c4', 'r4c5', 'r4c6', 'r4c7', 'r5c0', 'r5c1', 'r5c2', 'r5c3', 'r5c4', 'r5c5', 'r5c6', 'r5c7']",6,8,210.9133758544922,0,0,0,none,0.0,0.0,0.0
22,23,195,202,3.4205856323242188,-0.03436279296875,359,0.825287356321839,0.9583333333333334,0.9125,0.1628403663635254,0.12439024390243902,0.01125925446691406,True,1.0,True,[],adjacent,True,435,428,426,414,359,0.9517241379310345,0.8671497584541062,0.825287356321839,0.007367992307990789,0.913409061855827,2.7354748894081133,3.669351031885684,359,51,7,133.5689999999995,1.0,0.0,full_calibrated_frame,gray,21,3,False,48,46,"['r0c0', 'r0c1', 'r0c2', 'r0c3', 'r0c4', 'r0c5', 'r0c6', 'r0c7', 'r1c0', 'r1c2', 'r1c3', 'r1c4', 'r1c5', 'r1c6', 'r1c7', 'r2c1', 'r2c2', 'r2c3', 'r2c4', 'r2c5', 'r2c6', 'r2c7', 'r3c0', 'r3c1', 'r3c2', 'r3c3', 'r3c4', 'r3c5', 'r3c6', 'r3c7', 'r4c0', 'r4c1', 'r4c2', 'r4c3', 'r4c4', 'r4c5', 'r4c6', 'r4c7', 'r5c0', 'r5c1', 'r5c2', 'r5c3', 'r5c4', 'r5c5', 'r5c6', 'r5c7']",6,8,210.9133758544922,0,0,0,none,0.0,0.0,0.0
23,24,202,208,3.36627197265625,-0.06795883178710938,360,0.8126410835214447,0.9791666666666666,0.9791666666666666,0.18837323784828186,0.1198044009779951,0.010046924762647458,True,1.0,True,[],adjacent,True,443,436,433,415,360,0.9367945823927766,0.8674698795180723,0.8126410835214447,0.008023091591894627,0.9056618757000561,3.1411252425261273,5.159890193557911,360,49,6,133.56800000000112,1.0,0.0,full_calibrated_frame,gray,21,3,False,48,47,"['r0c0', 'r0c1', 'r0c2', 'r0c3', 'r0c4', 'r0c5', 'r0c6', 'r0c7', 'r1c0', 'r1c1', 'r1c2', 'r1c3', 'r1c4', 'r1c5', 'r1c6', 'r1c7', 'r2c0', 'r2c1', 'r2c2', 'r2c3', 'r2c4', 'r2c5', 'r2c6', 'r2c7', 'r3c0', 'r3c1', 'r3c2', 'r3c4', 'r3c5', 'r3c6', 'r3c7', 'r4c0', 'r4c1', 'r4c2', 'r4c3', 'r4c4', 'r4c5', 'r4c6', 'r4c7', 'r5c0', 'r5c1', 'r5c2', 'r5c3', 'r5c4', 'r5c5', 'r5c6', 'r5c7']",6,8,210.9133758544922,0,0,0,none,0.0,0.0,0.0
24,25,208,215,3.281055450439453,-0.02136707305908203,368,0.8195991091314031,0.9791666666666666,0.925,0.19239479303359985,0.13615023474178403,0.010734388764197467,True,1.0,True,[],adjacent,True,449,447,446,432,368,0.9621380846325167,0.8518518518518519,0.8195991091314031,0.006958470679819584,0.8939787240503738,2.8129088459600315,5.286842475021894,368,58,7,133.5679999999993,1.0,0.0,full_calibrated_frame,gray,21,3,False,48,47,"['r0c0', 'r0c1', 'r0c2', 'r0c3', 'r0c4', 'r0c5', 'r0c6', 'r0c7', 'r1c0', 'r1c2', 'r1c3', 'r1c4', 'r1c5', 'r1c6', 'r1c7', 'r2c0', 'r2c1', 'r2c2', 'r2c3', 'r2c4', 'r2c5', 'r2c6', 'r2c7', 'r3c0', 'r3c1', 'r3c2', 'r3c3', 'r3c4', 'r3c5', 'r3c6', 'r3c7', 'r4c0', 'r4c1', 'r4c2', 'r4c3', 'r4c4', 'r4c5', 'r4c6', 'r4c7', 'r5c0', 'r5c1', 'r5c2', 'r5c3', 'r5c4', 'r5c5', 'r5c6', 'r5c7']",6,8,210.9133758544922,0,0,0,none,0.0,0.0,0.0
25,26,215,222,3.2294464111328125,-0.036895751953125,379,0.844097995545657,0.9583333333333334,0.9458333333333333,0.183687224984169,0.11241217798594848,0.010350769387081793,True,1.0,True,[],adjacent,True,449,449,448,432,379,0.9621380846325167,0.8773148148148148,0.844097995545657,0.00741789024323225,0.8287739040124639,3.583538272399534,7.247490698637659,379,48,7,133.5679999999993,1.0,0.0,full_calibrated_frame,gray,21,3,False,48,46,"['r0c0', 'r0c1', 'r0c2', 'r0c3', 'r0c4', 'r0c5', 'r0c6', 'r0c7', 'r1c2', 'r1c3', 'r1c4', 'r1c5', 'r1c6', 'r1c7', 'r2c0', 'r2c1', 'r2c2', 'r2c3', 'r2c4', 'r2c5', 'r2c6', 'r2c7', 'r3c0', 'r3c1', 'r3c2', 'r3c3', 'r3c4', 'r3c5', 'r3c6', 'r3c7', 'r4c0', 'r4c1', 'r4c2', 'r4c3', 'r4c4', 'r4c5', 'r4c6', 'r4c7', 'r5c0', 'r5c1', 'r5c2', 'r5c3', 'r5c4', 'r5c5', 'r5c6', 'r5c7']",6,8,210.9133758544922,0,0,0,none,0.0,0.0,0.0
26,27,222,229,3.619220733642578,-0.0738677978515625,365,0.8093126385809313,0.9375,0.9333333333333333,0.2228730171918869,0.14719626168224298,0.011997998616892491,True,1.0,True,[],adjacent,True,451,449,448,441,365,0.9778270509977827,0.8276643990929705,0.8093126385809313,0.009607368148863316,0.9576180419385232,2.837136412517189,5.047638013591629,365,63,7,150.26400000000103,1.0,0.0,full_calibrated_frame,gray,21,3,False,48,45,"['r0c0', 'r0c1', 'r0c2', 'r0c3', 'r0c4', 'r0c5', 'r0c6', 'r0c7', 'r1c2', 'r1c3', 'r1c4', 'r1c5', 'r1c6', 'r1c7', 'r2c0', 'r2c1', 'r2c2', 'r2c3', 'r2c4', 'r2c5', 'r2c6', 'r3c0', 'r3c1', 'r3c2', 'r3c3', 'r3c4', 'r3c5', 'r3c6', 'r3c7', 'r4c0', 'r4c1', 'r4c2', 'r4c3', 'r4c4', 'r4c5', 'r4c6', 'r4c7', 'r5c0', 'r5c1', 'r5c2', 'r5c3', 'r5c4', 'r5c5', 'r5c6', 'r5c7']",6,8,210.9133758544922,0,0,0,none,0.0,0.0,0.0
27,28,229,236,3.1516971588134766,-0.11005020141601562,378,0.8418708240534521,0.9791666666666666,0.9583333333333334,0.3286817967891693,0.1,0.010216903368460595,True,1.0,True,[],adjacent,True,449,449,447,436,378,0.9710467706013363,0.8669724770642202,0.8418708240534521,0.010224487632513046,0.8359169143521538,4.46043723978804,9.86525318309383,378,42,7,133.5679999999993,1.0,0.0,full_calibrated_frame,gray,21,3,False,48,47,"['r0c0', 'r0c1', 'r0c2', 'r0c3', 'r0c4', 'r0c5', 'r0c6', 'r0c7', 'r1c1', 'r1c2', 'r1c3', 'r1c4', 'r1c5', 'r1c6', 'r1c7', 'r2c0', 'r2c1', 'r2c2', 'r2c3', 'r2c4', 'r2c5', 'r2c6', 'r2c7', 'r3c0', 'r3c1', 'r3c2', 'r3c3', 'r3c4', 'r3c5', 'r3c6', 'r3c7', 'r4c0', 'r4c1', 'r4c2', 'r4c3', 'r4c4', 'r4c5', 'r4c6', 'r4c7', 'r5c0', 'r5c1', 'r5c2', 'r5c3', 'r5c4', 'r5c5', 'r5c6', 'r5c7']",6,8,210.9133758544922,0,0,0,none,0.0,0.0,0.0
28,29,236,242,3.343486785888672,-0.11474418640136719,360,0.8108108108108109,0.9375,0.9375,0.23776860535144806,0.14489311163895488,0.010569869251125963,True,1.0,True,[],adjacent,True,444,444,444,429,360,0.9662162162162162,0.8391608391608392,0.8108108108108109,0.008360984735190868,0.8469222660080703,3.065321441493828,7.562956092448346,360,61,6,133.56800000000112,1.0,0.0,full_calibrated_frame,gray,21,3,False,48,45,"['r0c0', 'r0c1', 'r0c2', 'r0c3', 'r0c4', 'r0c5', 'r0c6', 'r0c7', 'r1c2', 'r1c3', 'r1c4', 'r1c5', 'r1c6', 'r1c7', 'r2c0', 'r2c1', 'r2c2', 'r2c3', 'r2c4', 'r2c5', 'r2c6', 'r3c0', 'r3c1', 'r3c2', 'r3c3', 'r3c4', 'r3c5', 'r3c6', 'r3c7', 'r4c0', 'r4c1', 'r4c2', 'r4c3', 'r4c4', 'r4c5', 'r4c6', 'r4c7', 'r5c0', 'r5c1', 'r5c2', 'r5c3', 'r5c4', 'r5c5', 'r5c6', 'r5c7']",6,8,210.9133758544922,0,0,0,none,0.0,0.0,0.0
29,30,242,248,3.5650405883789062,-0.04273033142089844,367,0.8340909090909091,0.9583333333333334,0.9375,0.24086377024650574,0.09828009828009827,0.012084741579365843,True,1.0,True,[],adjacent,True,440,440,440,434,367,0.9863636363636363,0.8456221198156681,0.8340909090909091,0.006827549077570438,0.9470301861388275,2.816546997828002,5.197029663281477,367,40,6,133.5689999999995,1.0,0.0,full_calibrated_frame,gray,21,3,False,48,46,"['r0c0', 'r0c1', 'r0c2', 'r0c3', 'r0c4', 'r0c5', 'r0c6', 'r0c7', 'r1c2', 'r1c3', 'r1c4', 'r1c5', 'r1c6', 'r1c7', 'r2c0', 'r2c1', 'r2c2', 'r2c3', 'r2c4', 'r2c5', 'r2c6', 'r2c7', 'r3c0', 'r3c1', 'r3c2', 'r3c3', 'r3c4', 'r3c5', 'r3c6', 'r3c7', 'r4c0', 'r4c1', 'r4c2', 'r4c3', 'r4c4', 'r4c5', 'r4c6', 'r4c7', 'r5c0', 'r5c1', 'r5c2', 'r5c3', 'r5c4', 'r5c5', 'r5c6', 'r5c7']",6,8,210.9133758544922,0,0,0,none,0.0,0.0,0.0
30,31,248,256,3.938507080078125,-0.1104736328125,314,0.7185354691075515,0.9166666666666666,0.875,0.20179469883441925,0.11797752808988764,0.013605491634100686,True,1.0,True,[],adjacent,True,437,434,424,412,314,0.9427917620137299,0.7621359223300971,0.7185354691075515,0.01120808906853199,1.1088132660978496,3.247047281417485,9.566879884589094,314,42,8,150.2639999999992,1.0,0.0,full_calibrated_frame,gray,21,3,False,48,44,"['r0c0', 'r0c1', 'r0c2', 'r0c3', 'r0c4', 'r0c5', 'r0c6', 'r0c7', 'r1c2', 'r1c3', 'r1c4', 'r1c5', 'r1c6', 'r1c7', 'r2c0', 'r2c1', 'r2c2', 'r2c3', 'r2c4', 'r2c5', 'r2c6', 'r3c0', 'r3c1', 'r3c2', 'r3c3', 'r3c4', 'r3c5', 'r3c6', 'r3c7', 'r4c0', 'r4c1', 'r4c2', 'r4c3', 'r4c4', 'r4c5', 'r4c6', 'r4c7', 'r5c1', 'r5c2', 'r5c3', 'r5c4', 'r5c5', 'r5c6', 'r5c7']",6,8,210.9133758544922,0,0,0,none,0.0,0.0,0.0
31,32,256,263,3.191619873046875,0.00971221923828125,385,0.8953488372093024,0.9583333333333334,0.9583333333333334,0.15816901624202728,0.09624413145539906,0.010338602504602112,True,1.0,True,[],adjacent,True,430,430,430,427,385,0.9930232558139535,0.9016393442622951,0.8953488372093024,0.0060015167109668255,0.8301626344137237,2.902823620760078,4.569797687188116,385,41,7,133.56800000000112,1.0,0.0,full_calibrated_frame,gray,21,3,False,48,46,"['r0c0', 'r0c1', 'r0c2', 'r0c3', 'r0c4', 'r0c5', 'r0c6', 'r0c7', 'r1c2', 'r1c3', 'r1c4', 'r1c5', 'r1c6', 'r1c7', 'r2c0', 'r2c1', 'r2c2', 'r2c3', 'r2c4', 'r2c5', 'r2c6', 'r2c7', 'r3c0', 'r3c1', 'r3c2', 'r3c3', 'r3c4', 'r3c5', 'r3c6', 'r3c7', 'r4c0', 'r4c1', 'r4c2', 'r4c3', 'r4c4', 'r4c5', 'r4c6', 'r4c7', 'r5c0', 'r5c1', 'r5c2', 'r5c3', 'r5c4', 'r5c5', 'r5c6', 'r5c7']",6,8,210.9133758544922,0,0,0,none,0.0,0.0,0.0
32,33,263,270,3.1863784790039062,-0.11951446533203125,376,0.8703703703703703,0.9583333333333334,0.9541666666666667,0.17054785788059235,0.10047846889952153,0.010044287042892175,True,1.0,True,[],adjacent,True,432,432,432,423,376,0.9791666666666666,0.8888888888888888,0.8703703703703703,0.0074161640368402,0.8215166538748244,2.494524743208003,4.997325946834805,376,42,7,133.5679999999993,1.0,0.0,full_calibrated_frame,gray,21,3,False,48,46,"['r0c0', 'r0c1', 'r0c2', 'r0c3', 'r0c4', 'r0c5', 'r0c6', 'r0c7', 'r1c0', 'r1c2', 'r1c4', 'r1c5', 'r1c6', 'r1c7', 'r2c0', 'r2c1', 'r2c2', 'r2c3', 'r2c4', 'r2c5', 'r2c6', 'r2c7', 'r3c0', 'r3c1', 'r3c2', 'r3c3', 'r3c4', 'r3c5', 'r3c6', 'r3c7', 'r4c0', 'r4c1', 'r4c2', 'r4c3', 'r4c4', 'r4c5', 'r4c6', 'r4c7', 'r5c0', 'r5c1', 'r5c2', 'r5c3', 'r5c4', 'r5c5', 'r5c6', 'r5c7']",6,8,210.9133758544922,0,0,0,none,0.0,0.0,0.0
33,34,270,276,3.1973724365234375,-0.11022186279296875,375,0.8445945945945946,0.9791666666666666,0.9708333333333333,0.14777430891990662,0.10501193317422435,0.010757613208039918,True,1.0,True,[],adjacent,True,444,443,443,437,375,0.9842342342342343,0.8581235697940504,0.8445945945945946,0.007958599366247654,0.8512153411709594,3.4279423884966604,5.665541476933463,375,44,6,133.5679999999993,1.0,0.0,full_calibrated_frame,gray,21,3,False,48,47,"['r0c0', 'r0c1', 'r0c2', 'r0c3', 'r0c4', 'r0c5', 'r0c6', 'r0c7', 'r1c1', 'r1c2', 'r1c3', 'r1c4', 'r1c5', 'r1c6', 'r1c7', 'r2c0', 'r2c1', 'r2c2', 'r2c3', 'r2c4', 'r2c5', 'r2c6', 'r2c7', 'r3c0', 'r3c1', 'r3c2', 'r3c3', 'r3c4', 'r3c5', 'r3c6', 'r3c7', 'r4c0', 'r4c1', 'r4c2', 'r4c3', 'r4c4', 'r4c5', 'r4c6', 'r4c7', 'r5c0', 'r5c1', 'r5c2', 'r5c3', 'r5c4', 'r5c5', 'r5c6', 'r5c7']",6,8,210.9133758544922,0,0,0,none,0.0,0.0,0.0
34,35,276,283,3.3530426025390625,-0.087432861328125,362,0.832183908045977,0.9375,0.95,0.18444128334522247,0.1339712918660287,0.011391709059868638,True,1.0,True,[],adjacent,True,435,433,433,431,362,0.9908045977011494,0.839907192575406,0.832183908045977,0.009374833665788174,0.9236828381542274,3.5459510284788385,5.925802701726115,362,56,7,133.56800000000112,1.0,0.0,full_calibrated_frame,gray,21,3,False,48,45,"['r0c0', 'r0c1', 'r0c2', 'r0c3', 'r0c4', 'r0c5', 'r0c6', 'r0c7', 'r1c1', 'r1c2', 'r1c3', 'r1c4', 'r1c5', 'r1c6', 'r1c7', 'r2c1', 'r2c2', 'r2c3', 'r2c4', 'r2c5', 'r2c6', 'r2c7', 'r3c0', 'r3c1', 'r3c2', 'r3c4', 'r3c5', 'r3c6', 'r3c7', 'r4c0', 'r4c1', 'r4c2', 'r4c3', 'r4c4', 'r4c5', 'r4c6', 'r4c7', 'r5c0', 'r5c1', 'r5c2', 'r5c3', 'r5c4', 'r5c5', 'r5c6', 'r5c7']",6,8,210.9133758544922,0,0,0,none,0.0,0.0,0.0
35,36,283,289,3.6354522705078125,-0.0515594482421875,368,0.8251121076233184,0.9583333333333334,0.9208333333333333,0.15952400863170624,0.1024390243902439,0.010852154236391687,True,1.0,True,[],adjacent,True,446,446,445,435,368,0.9753363228699552,0.8459770114942529,0.8251121076233184,0.0077880993485450745,0.8768046602283182,2.9184637003761087,7.073568144534356,368,42,6,133.5679999999993,1.0,0.0,full_calibrated_frame,gray,21,3,False,48,46,"['r0c0', 'r0c1', 'r0c2', 'r0c3', 'r0c4', 'r0c5', 'r0c6', 'r0c7', 'r1c1', 'r1c2', 'r1c3', 'r1c4', 'r1c5', 'r1c6', 'r1c7', 'r2c0', 'r2c1', 'r2c2', 'r2c3', 'r2c4', 'r2c5', 'r2c6', 'r3c0', 'r3c1', 'r3c2', 'r3c3', 'r3c4', 'r3c5', 'r3c6', 'r3c7', 'r4c0', 'r4c1', 'r4c2', 'r4c3', 'r4c4', 'r4c5', 'r4c6', 'r4c7', 'r5c0', 'r5c1', 'r5c2', 'r5c3', 'r5c4', 'r5c5', 'r5c6', 'r5c7']",6,8,210.9133758544922,0,0,0,none,0.0,0.0,0.0
36,37,289,296,4.0377960205078125,-0.08892345428466797,329,0.7393258426966293,0.9375,0.9166666666666666,0.2209160327911377,0.19559902200489,0.013109850386122945,True,1.0,True,[],adjacent,True,445,444,444,438,329,0.9842696629213483,0.7511415525114156,0.7393258426966293,0.009750118479132652,1.0850478472182163,3.190066925880928,6.712314569315906,329,80,7,150.26400000000103,1.0,0.0,full_calibrated_frame,gray,21,3,False,48,45,"['r0c0', 'r0c1', 'r0c2', 'r0c3', 'r0c4', 'r0c5', 'r0c6', 'r0c7', 'r1c2', 'r1c3', 'r1c4', 'r1c5', 'r1c6', 'r1c7', 'r2c0', 'r2c1', 'r2c2', 'r2c3', 'r2c4', 'r2c5', 'r2c6', 'r3c0', 'r3c1', 'r3c2', 'r3c3', 'r3c4', 'r3c5', 'r3c6', 'r3c7', 'r4c0', 'r4c1', 'r4c2', 'r4c3', 'r4c4', 'r4c5', 'r4c6', 'r4c7', 'r5c0', 'r5c1', 'r5c2', 'r5c3', 'r5c4', 'r5c5', 'r5c6', 'r5c7']",6,8,210.9133758544922,0,0,0,none,0.0,0.0,0.0
37,38,296,303,3.2576828002929688,-0.03493499755859375,375,0.8522727272727273,0.9375,0.9541666666666667,0.1385410875082016,0.12790697674418605,0.010430172694459172,True,1.0,True,[],adjacent,True,440,439,439,433,375,0.9840909090909091,0.8660508083140878,0.8522727272727273,0.005350382067263126,0.8549307123334724,3.5541722733902925,4.731565912934452,375,55,7,133.5689999999995,1.0,0.0,full_calibrated_frame,gray,21,3,False,48,45,"['r0c0', 'r0c1', 'r0c2', 'r0c3', 'r0c4', 'r0c5', 'r0c6', 'r0c7', 'r1c1', 'r1c2', 'r1c4', 'r1c5', 'r1c6', 'r1c7', 'r2c0', 'r2c1', 'r2c2', 'r2c3', 'r2c4', 'r2c5', 'r2c6', 'r2c7', 'r3c0', 'r3c1', 'r3c2', 'r3c4', 'r3c5', 'r3c6', 'r3c7', 'r4c0', 'r4c1', 'r4c2', 'r4c3', 'r4c4', 'r4c5', 'r4c6', 'r4c7', 'r5c0', 'r5c1', 'r5c2', 'r5c3', 'r5c4', 'r5c5', 'r5c6', 'r5c7']",6,8,210.9133758544922,0,0,0,none,0.0,0.0,0.0
38,39,303,309,2.520294189453125,-0.09212160110473633,403,0.909706546275395,1.0,0.9833333333333333,0.1356106698513031,0.0735632183908046,0.008991714559335562,True,1.0,True,[],adjacent,True,443,443,443,435,403,0.981941309255079,0.9264367816091954,0.909706546275395,0.006249363534152508,0.6845727262289402,1.7848992290519943,4.392266442575114,403,32,6,133.5679999999993,1.0,0.0,full_calibrated_frame,gray,21,3,False,48,48,"['r0c0', 'r0c1', 'r0c2', 'r0c3', 'r0c4', 'r0c5', 'r0c6', 'r0c7', 'r1c0', 'r1c1', 'r1c2', 'r1c3', 'r1c4', 'r1c5', 'r1c6', 'r1c7', 'r2c0', 'r2c1', 'r2c2', 'r2c3', 'r2c4', 'r2c5', 'r2c6', 'r2c7', 'r3c0', 'r3c1', 'r3c2', 'r3c3', 'r3c4', 'r3c5', 'r3c6', 'r3c7', 'r4c0', 'r4c1', 'r4c2', 'r4c3', 'r4c4', 'r4c5', 'r4c6', 'r4c7', 'r5c0', 'r5c1', 'r5c2', 'r5c3', 'r5c4', 'r5c5', 'r5c6', 'r5c7']",6,8,210.9133758544922,0,0,0,none,0.0,0.0,0.0
39,40,309,315,2.452606201171875,-0.0709686279296875,393,0.8891402714932126,0.9791666666666666,0.9833333333333333,0.1282852739095688,0.09862385321100918,0.009007154348820823,True,1.0,True,[],adjacent,True,442,442,440,436,393,0.9864253393665159,0.9013761467889908,0.8891402714932126,0.005768828559666872,0.6481573312757998,2.292577864350118,3.7707390258992906,393,43,6,133.56800000000112,1.0,0.0,full_calibrated_frame,gray,21,3,False,48,47,"['r0c0', 'r0c1', 'r0c2', 'r0c3', 'r0c4', 'r0c5', 'r0c6', 'r0c7', 'r1c1', 'r1c2', 'r1c3', 'r1c4', 'r1c5', 'r1c6', 'r1c7', 'r2c0', 'r2c1', 'r2c2', 'r2c3', 'r2c4', 'r2c5', 'r2c6', 'r2c7', 'r3c0', 'r3c1', 'r3c2', 'r3c3', 'r3c4', 'r3c5', 'r3c6', 'r3c7', 'r4c0', 'r4c1', 'r4c2', 'r4c3', 'r4c4', 'r4c5', 'r4c6', 'r4c7', 'r5c0', 'r5c1', 'r5c2', 'r5c3', 'r5c4', 'r5c5', 'r5c6', 'r5c7']",6,8,210.9133758544922,0,0,0,none,0.0,0.0,0.0
40,41,315,322,2.49560546875,-0.034885406494140625,397,0.8961625282167043,0.9791666666666666,0.9875,0.13515374064445496,0.10180995475113122,0.007868158610560505,True,1.0,True,[],adjacent,True,443,443,442,442,397,0.9977426636568849,0.8981900452488688,0.8961625282167043,0.0056059230118989944,0.6976011015933509,2.6814394866195013,3.864657515565693,397,45,7,133.5679999999993,1.0,0.0,full_calibrated_frame,gray,21,3,False,48,47,"['r0c0', 'r0c1', 'r0c2', 'r0c3', 'r0c4', 'r0c5', 'r0c6', 'r0c7', 'r1c1', 'r1c2', 'r1c3', 'r1c4', 'r1c5', 'r1c6', 'r1c7', 'r2c0', 'r2c1', 'r2c2', 'r2c3', 'r2c4', 'r2c5', 'r2c6', 'r2c7', 'r3c0', 'r3c1', 'r3c2', 'r3c3', 'r3c4', 'r3c5', 'r3c6', 'r3c7', 'r4c0', 'r4c1', 'r4c2', 'r4c3', 'r4c4', 'r4c5', 'r4c6', 'r4c7', 'r5c0', 'r5c1', 'r5c2', 'r5c3', 'r5c4', 'r5c5', 'r5c6', 'r5c7']",6,8,210.9133758544922,0,0,0,none,0.0,0.0,0.0
41,42,322,329,3.446061134338379,-0.122222900390625,385,0.859375,0.9375,0.9333333333333333,0.2502293586730957,0.11899313501144165,0.011203676880726765,True,1.0,True,[],adjacent,True,448,448,448,444,385,0.9910714285714286,0.8671171171171171,0.859375,0.008520038798451424,0.8680552984980092,2.7023502494240095,6.136117200385648,385,52,7,150.2639999999992,1.0,0.0,full_calibrated_frame,gray,21,3,False,48,45,"['r0c0', 'r0c1', 'r0c2', 'r0c3', 'r0c4', 'r0c5', 'r0c6', 'r0c7', 'r1c1', 'r1c2', 'r1c3', 'r1c4', 'r1c5', 'r1c6', 'r1c7', 'r2c0', 'r2c1', 'r2c2', 'r2c3', 'r2c4', 'r2c5', 'r2c6', 'r3c0', 'r3c1', 'r3c2', 'r3c4', 'r3c5', 'r3c6', 'r3c7', 'r4c0', 'r4c1', 'r4c2', 'r4c3', 'r4c4', 'r4c5', 'r4c6', 'r4c7', 'r5c0', 'r5c1', 'r5c2', 'r5c3', 'r5c4', 'r5c5', 'r5c6', 'r5c7']",6,8,210.9133758544922,0,0,0,none,0.0,0.0,0.0
42,43,329,336,3.2576427459716797,-0.00182342529296875,389,0.8663697104677061,0.9791666666666666,0.9416666666666667,0.20828008651733398,0.12387387387387387,0.010391257063966097,True,1.0,True,[],adjacent,True,449,449,449,445,389,0.9910913140311804,0.8741573033707866,0.8663697104677061,0.005876912269741297,0.8609679882576303,2.7638210580169935,3.394791363792591,389,55,7,133.56800000000112,1.0,0.0,full_calibrated_frame,gray,21,3,False,48,47,"['r0c0', 'r0c1', 'r0c2', 'r0c3', 'r0c4', 'r0c5', 'r0c6', 'r0c7', 'r1c1', 'r1c2', 'r1c3', 'r1c4', 'r1c5', 'r1c6', 'r1c7', 'r2c0', 'r2c1', 'r2c2', 'r2c3', 'r2c4', 'r2c5', 'r2c6', 'r2c7', 'r3c0', 'r3c1', 'r3c2', 'r3c3', 'r3c4', 'r3c5', 'r3c6', 'r3c7', 'r4c0', 'r4c1', 'r4c2', 'r4c3', 'r4c4', 'r4c5', 'r4c6', 'r4c7', 'r5c0', 'r5c1', 'r5c2', 'r5c3', 'r5c4', 'r5c5', 'r5c6', 'r5c7']",6,8,210.9133758544922,0,0,0,none,0.0,0.0,0.0
43,44,336,342,3.128143310546875,-0.0017404556274414062,386,0.8635346756152126,0.9791666666666666,0.9291666666666667,0.17359760403633118,0.12272727272727273,0.010383377473980215,True,1.0,True,[],adjacent,True,447,447,446,443,386,0.9910514541387024,0.871331828442438,0.8635346756152126,0.00541203236207366,0.8465961921215587,2.807848690067695,3.9070787320802762,386,54,6,133.5669999999991,1.0,0.0,full_calibrated_frame,gray,21,3,False,48,47,"['r0c0', 'r0c1', 'r0c2', 'r0c3', 'r0c4', 'r0c5', 'r0c6', 'r0c7', 'r1c0', 'r1c1', 'r1c2', 'r1c3', 'r1c4', 'r1c5', 'r1c6', 'r1c7', 'r2c0', 'r2c1', 'r2c2', 'r2c3', 'r2c4', 'r2c5', 'r2c6', 'r2c7', 'r3c0', 'r3c1', 'r3c2', 'r3c4', 'r3c5', 'r3c6', 'r3c7', 'r4c0', 'r4c1', 'r4c2', 'r4c3', 'r4c4', 'r4c5', 'r4c6', 'r4c7', 'r5c0', 'r5c1', 'r5c2', 'r5c3', 'r5c4', 'r5c5', 'r5c6', 'r5c7']",6,8,210.9133758544922,0,0,0,none,0.0,0.0,0.0
44,45,342,348,3.5547637939453125,-0.06249237060546875,365,0.8239277652370203,0.9583333333333334,0.9708333333333333,0.13593359291553497,0.12470023980815348,0.012092215114940186,True,1.0,True,[],adjacent,True,443,443,442,435,365,0.981941309255079,0.8390804597701149,0.8239277652370203,0.007713332772254944,0.9911691851543544,3.0750031973815437,4.956543534867941,365,52,6,133.5699999999997,1.0,0.0,full_calibrated_frame,gray,21,3,False,48,46,"['r0c0', 'r0c1', 'r0c2', 'r0c3', 'r0c4', 'r0c5', 'r0c6', 'r0c7', 'r1c1', 'r1c2', 'r1c4', 'r1c5', 'r1c6', 'r1c7', 'r2c0', 'r2c1', 'r2c2', 'r2c3', 'r2c4', 'r2c5', 'r2c6', 'r2c7', 'r3c0', 'r3c1', 'r3c2', 'r3c3', 'r3c4', 'r3c5', 'r3c6', 'r3c7', 'r4c0', 'r4c1', 'r4c2', 'r4c3', 'r4c4', 'r4c5', 'r4c6', 'r4c7', 'r5c0', 'r5c1', 'r5c2', 'r5c3', 'r5c4', 'r5c5', 'r5c6', 'r5c7']",6,8,210.9133758544922,0,0,0,none,0.0,0.0,0.0
45,46,348,355,4.272045135498047,-0.16432952880859375,310,0.7061503416856492,0.875,0.9416666666666667,0.21539874374866486,0.17553191489361702,0.01503538716134839,True,1.0,True,[],adjacent,True,439,439,438,427,310,0.9726651480637813,0.7259953161592506,0.7061503416856492,0.01282931212335825,1.118768825565174,4.385288977812627,8.779043922723329,310,66,7,150.2639999999992,1.0,0.0,full_calibrated_frame,gray,21,3,False,48,42,"['r0c1', 'r0c2', 'r0c3', 'r0c4', 'r0c5', 'r0c6', 'r0c7', 'r1c1', 'r1c2', 'r1c5', 'r1c6', 'r1c7', 'r2c0', 'r2c1', 'r2c2', 'r2c3', 'r2c4', 'r2c5', 'r2c6', 'r2c7', 'r3c0', 'r3c1', 'r3c2', 'r3c3', 'r3c4', 'r3c5', 'r3c6', 'r3c7', 'r4c0', 'r4c1', 'r4c2', 'r4c3', 'r4c4', 'r4c5', 'r4c6', 'r4c7', 'r5c2', 'r5c3', 'r5c4', 'r5c5', 'r5c6', 'r5c7']",6,8,210.9133758544922,0,0,0,none,0.0,0.0,0.0
46,47,355,362,4.5030517578125,-0.07242584228515625,267,0.6166281755196305,0.875,0.875,0.24452930688858032,0.22157434402332363,0.015665633972943183,True,1.0,True,[],adjacent,True,433,431,426,411,267,0.9491916859122402,0.6496350364963503,0.6166281755196305,0.011059538461267948,1.2057328873603204,3.1284445650751227,9.382729294469659,267,76,7,150.26400000000285,1.0,0.0,full_calibrated_frame,gray,21,3,False,48,42,"['r0c0', 'r0c1', 'r0c2', 'r0c3', 'r0c4', 'r0c5', 'r1c1', 'r1c2', 'r1c4', 'r1c5', 'r1c6', 'r1c7', 'r2c0', 'r2c1', 'r2c2', 'r2c3', 'r2c4', 'r2c5', 'r2c6', 'r3c0', 'r3c1', 'r3c2', 'r3c3', 'r3c4', 'r3c5', 'r3c6', 'r3c7', 'r4c0', 'r4c1', 'r4c2', 'r4c3', 'r4c4', 'r4c5', 'r4c6', 'r4c7', 'r5c0', 'r5c2', 'r5c3', 'r5c4', 'r5c5', 'r5c6', 'r5c7']",6,8,210.9133758544922,0,0,0,none,0.0,0.0,0.0
47,48,362,369,4.267112731933594,-0.06485748291015625,265,0.594170403587444,0.8541666666666666,0.9333333333333333,0.25406330823898315,0.30446194225721784,0.016387105431035498,True,1.0,True,[],adjacent,True,446,446,446,429,265,0.9618834080717489,0.6177156177156177,0.594170403587444,0.010792087763547897,1.1225783970694727,3.723806934074025,5.906458047596274,265,116,7,133.5679999999993,1.0,0.0,full_calibrated_frame,gray,21,3,False,48,41,"['r0c0', 'r0c1', 'r0c2', 'r0c3', 'r0c4', 'r0c5', 'r0c7', 'r1c1', 'r1c2', 'r1c4', 'r1c5', 'r1c6', 'r1c7', 'r2c0', 'r2c1', 'r2c2', 'r2c3', 'r2c4', 'r2c5', 'r2c6', 'r2c7', 'r3c0', 'r3c1', 'r3c2', 'r3c3', 'r3c4', 'r3c5', 'r3c6', 'r3c7', 'r4c0', 'r4c1', 'r4c2', 'r4c3', 'r4c4', 'r4c5', 'r4c6', 'r4c7', 'r5c0', 'r5c3', 'r5c5', 'r5c6']",6,8,210.9133758544922,0,0,0,none,0.0,0.0,0.0
48,49,369,375,4.702178955078125,-0.058990478515625,223,0.4955555555555556,0.7291666666666666,0.8041666666666667,0.15712344646453857,0.37359550561797755,0.018007070286671034,True,1.0,True,[],adjacent,True,450,446,445,428,223,0.9511111111111111,0.5210280373831776,0.4955555555555556,0.011391514912247658,1.4139387139985544,4.164251418610522,5.528630826121669,223,133,6,133.5679999999993,1.0,0.0,full_calibrated_frame,gray,21,3,False,48,35,"['r0c0', 'r0c1', 'r0c2', 'r0c3', 'r0c4', 'r0c5', 'r1c1', 'r1c2', 'r1c4', 'r1c5', 'r1c6', 'r1c7', 'r2c0', 'r2c1', 'r2c2', 'r2c3', 'r2c4', 'r2c5', 'r2c6', 'r2c7', 'r3c0', 'r3c1', 'r3c3', 'r3c4', 'r3c5', 'r3c6', 'r3c7', 'r4c0', 'r4c1', 'r4c2', 'r4c3', 'r4c4', 'r4c5', 'r4c6', 'r4c7']",6,8,210.9133758544922,0,0,0,none,0.0,0.0,0.0
49,50,375,382,4.204963684082031,-0.13534164428710938,262,0.5758241758241758,0.7916666666666666,0.9541666666666667,0.1912013739347458,0.34663341645885287,0.016052590149087886,True,1.0,True,[],adjacent,True,455,453,452,442,262,0.9714285714285714,0.5927601809954751,0.5758241758241758,0.011560707353055477,1.114468928002041,3.5816825265350154,6.64053267124185,262,139,7,133.5679999999993,1.0,0.0,full_calibrated_frame,gray,21,3,False,48,38,"['r0c0', 'r0c1', 'r0c2', 'r0c3', 'r0c4', 'r0c5', 'r0c7', 'r1c1', 'r1c2', 'r1c4', 'r1c5', 'r1c6', 'r1c7', 'r2c0', 'r2c1', 'r2c2', 'r2c3', 'r2c4', 'r2c5', 'r2c6', 'r2c7', 'r3c0', 'r3c1', 'r3c2', 'r3c3', 'r3c4', 'r3c5', 'r3c6', 'r3c7', 'r4c0', 'r4c1', 'r4c2', 'r4c3', 'r4c4', 'r4c5', 'r4c6', 'r4c7', 'r5c6']",6,8,210.9133758544922,0,0,0,none,0.0,0.0,0.0
50,51,382,389,3.883342742919922,-0.0570220947265625,294,0.6533333333333333,0.8541666666666666,0.9125,0.18630392849445343,0.2722772277227723,0.014809476329379484,True,1.0,True,[],adjacent,True,450,450,450,442,294,0.9822222222222222,0.665158371040724,0.6533333333333333,0.009063562378287315,1.1069813200334995,3.3076291931606785,4.535129638350785,294,110,7,133.5679999999993,1.0,0.0,full_calibrated_frame,gray,21,3,False,48,41,"['r0c0', 'r0c1', 'r0c2', 'r0c3', 'r0c4', 'r0c5', 'r0c7', 'r1c1', 'r1c4', 'r1c5', 'r1c6', 'r1c7', 'r2c0', 'r2c1', 'r2c2', 'r2c3', 'r2c4', 'r2c5', 'r2c6', 'r2c7', 'r3c0', 'r3c1', 'r3c2', 'r3c3', 'r3c4', 'r3c5', 'r3c6', 'r3c7', 'r4c0', 'r4c1', 'r4c2', 'r4c3', 'r4c4', 'r4c5', 'r4c6', 'r4c7', 'r5c2', 'r5c3', 'r5c5', 'r5c6', 'r5c7']",6,8,210.9133758544922,0,0,0,none,0.0,0.0,0.0
51,52,389,395,3.975736618041992,-0.11713027954101562,267,0.5986547085201793,0.7708333333333334,0.875,0.18806326389312744,0.32914572864321606,0.01557601172808451,True,1.0,True,[],adjacent,True,446,445,445,436,267,0.9775784753363229,0.6123853211009175,0.5986547085201793,0.0132211335003376,1.0271353209899137,2.9603111378461184,5.355175456489906,267,131,6,133.56800000000294,1.0,0.0,full_calibrated_frame,gray,21,3,False,48,37,"['r0c0', 'r0c1', 'r0c2', 'r0c3', 'r0c4', 'r0c5', 'r0c7', 'r1c1', 'r1c4', 'r1c5', 'r1c6', 'r1c7', 'r2c0', 'r2c1', 'r2c2', 'r2c3', 'r2c4', 'r2c5', 'r2c6', 'r2c7', 'r3c0', 'r3c1', 'r3c3', 'r3c4', 'r3c5', 'r3c6', 'r3c7', 'r4c0', 'r4c1', 'r4c2', 'r4c3', 'r4c4', 'r4c5', 'r4c6', 'r4c7', 'r5c5', 'r5c6']",6,8,210.9133758544922,0,0,0,none,0.0,0.0,0.0
52,53,395,401,4.0984954833984375,-0.036235809326171875,270,0.5973451327433629,0.7291666666666666,0.8333333333333334,0.20485998690128326,0.3266832917705736,0.01612769582715809,True,1.0,True,[],adjacent,True,452,446,446,432,270,0.9557522123893806,0.625,0.5973451327433629,0.0089262118563056,0.9878966320153226,3.0529167319571338,5.37713430324637,270,131,6,133.5689999999995,1.0,0.0,full_calibrated_frame,gray,21,3,False,48,35,"['r0c1', 'r0c2', 'r0c3', 'r0c4', 'r0c6', 'r0c7', 'r1c1', 'r1c2', 'r1c4', 'r1c6', 'r1c7', 'r2c0', 'r2c1', 'r2c2', 'r2c3', 'r2c4', 'r2c5', 'r2c6', 'r2c7', 'r3c0', 'r3c1', 'r3c3', 'r3c4', 'r3c5', 'r3c6', 'r3c7', 'r4c0', 'r4c1', 'r4c2', 'r4c3', 'r4c4', 'r4c5', 'r4c6', 'r4c7', 'r5c6']",6,8,210.9133758544922,0,0,0,none,0.0,0.0,0.0
53,54,401,408,4.1438446044921875,-0.1001434326171875,224,0.5185185185185185,0.7291666666666666,0.7916666666666666,0.12733644247055054,0.40583554376657827,0.018812360649276064,True,1.0,True,[],adjacent,True,432,429,425,413,224,0.9560185185185185,0.5423728813559322,0.5185185185185185,0.010815898887813091,1.2248308669336854,4.001505680865812,5.150994216944705,224,153,7,150.2639999999992,1.0,0.0,full_calibrated_frame,gray,21,3,False,48,35,"['r0c0', 'r0c1', 'r0c2', 'r0c3', 'r0c4', 'r0c5', 'r0c6', 'r0c7', 'r1c1', 'r1c2', 'r1c3', 'r1c4', 'r1c6', 'r1c7', 'r2c0', 'r2c1', 'r2c2', 'r2c3', 'r2c4', 'r2c5', 'r2c6', 'r2c7', 'r3c0', 'r3c1', 'r3c3', 'r3c4', 'r3c5', 'r3c6', 'r3c7', 'r4c0', 'r4c1', 'r4c3', 'r4c5', 'r4c6', 'r4c7']",6,8,210.9133758544922,0,0,0,none,0.0,0.0,0.0
54,55,408,415,4.228057861328125,-0.1886463165283203,291,0.6751740139211136,0.8541666666666666,0.8791666666666667,0.2478131204843521,0.25384615384615383,0.015106845456433038,True,1.0,True,[],adjacent,True,431,431,431,422,291,0.9791183294663574,0.6895734597156398,0.6751740139211136,0.01320962980389595,1.058703326394371,3.380981750561675,4.865177721511485,291,99,7,133.5679999999993,1.0,0.0,full_calibrated_frame,gray,21,3,False,48,41,"['r0c0', 'r0c1', 'r0c2', 'r0c3', 'r0c4', 'r0c6', 'r0c7', 'r1c0', 'r1c1', 'r1c3', 'r1c4', 'r1c6', 'r1c7', 'r2c0', 'r2c1', 'r2c2', 'r2c3', 'r2c4', 'r2c5', 'r2c6', 'r2c7', 'r3c0', 'r3c1', 'r3c3', 'r3c4', 'r3c5', 'r3c6', 'r3c7', 'r4c0', 'r4c1', 'r4c2', 'r4c3', 'r4c4', 'r4c5', 'r4c6', 'r4c7', 'r5c2', 'r5c4', 'r5c5', 'r5c6', 'r5c7']",6,8,210.9133758544922,0,0,0,none,0.0,0.0,0.0
55,56,415,421,3.9401626586914062,0.026098251342773438,298,0.680365296803653,0.8333333333333334,0.8666666666666667,0.14640936255455017,0.26054590570719605,0.015525033948905455,True,1.0,True,[],adjacent,True,438,438,438,434,298,0.9908675799086758,0.6866359447004609,0.680365296803653,0.00903891772031784,1.0629701991202127,3.0688170627819797,4.9074209260973465,298,105,6,133.5679999999993,1.0,0.0,full_calibrated_frame,gray,21,3,False,48,40,"['r0c0', 'r0c1', 'r0c2', 'r0c3', 'r0c4', 'r0c6', 'r0c7', 'r1c0', 'r1c1', 'r1c3', 'r1c4', 'r1c6', 'r1c7', 'r2c0', 'r2c1', 'r2c2', 'r2c3', 'r2c4', 'r2c5', 'r2c6', 'r2c7', 'r3c0', 'r3c1', 'r3c3', 'r3c4', 'r3c5', 'r3c6', 'r3c7', 'r4c0', 'r4c1', 'r4c2', 'r4c3', 'r4c4', 'r4c5', 'r4c6', 'r4c7', 'r5c2', 'r5c5', 'r5c6', 'r5c7']",6,8,210.9133758544922,0,0,0,none,0.0,0.0,0.0
56,57,421,428,3.8686981201171875,-0.05963897705078125,276,0.6344827586206897,0.7916666666666666,0.85,0.19840958714485168,0.315136476426799,0.01570759122894337,True,1.0,True,[],adjacent,True,435,434,434,429,276,0.9862068965517241,0.6433566433566433,0.6344827586206897,0.00910736620426178,0.9230503840427643,2.7643280777107107,6.40289858191617,276,127,7,133.56800000000294,1.0,0.0,full_calibrated_frame,gray,21,3,False,48,38,"['r0c0', 'r0c1', 'r0c2', 'r0c3', 'r0c4', 'r0c6', 'r0c7', 'r1c0', 'r1c1', 'r1c3', 'r1c4', 'r1c6', 'r1c7', 'r2c0', 'r2c1', 'r2c2', 'r2c3', 'r2c4', 'r2c5', 'r2c6', 'r2c7', 'r3c0', 'r3c1', 'r3c2', 'r3c3', 'r3c4', 'r3c5', 'r3c6', 'r3c7', 'r4c0', 'r4c1', 'r4c2', 'r4c3', 'r4c4', 'r4c5', 'r4c6', 'r4c7', 'r5c7']",6,8,210.9133758544922,0,0,0,none,0.0,0.0,0.0
57,58,428,434,3.9163589477539062,-0.18925857543945312,285,0.6536697247706422,0.875,0.8875,0.24935559928417206,0.2597402597402597,0.014258630321026332,True,1.0,True,[],adjacent,True,436,434,434,427,285,0.9793577981651376,0.667447306791569,0.6536697247706422,0.01268684584647417,0.9940890211517059,3.4770325493444942,5.068589387867568,285,100,6,133.5679999999993,1.0,0.0,full_calibrated_frame,gray,21,3,False,48,42,"['r0c0', 'r0c1', 'r0c2', 'r0c3', 'r0c4', 'r0c6', 'r0c7', 'r1c0', 'r1c1', 'r1c3', 'r1c4', 'r1c6', 'r1c7', 'r2c0', 'r2c1', 'r2c2', 'r2c3', 'r2c4', 'r2c5', 'r2c6', 'r2c7', 'r3c0', 'r3c1', 'r3c3', 'r3c4', 'r3c5', 'r3c6', 'r3c7', 'r4c0', 'r4c1', 'r4c2', 'r4c3', 'r4c4', 'r4c5', 'r4c6', 'r4c7', 'r5c0', 'r5c1', 'r5c2', 'r5c4', 'r5c5', 'r5c7']",6,8,210.9133758544922,0,0,0,none,0.0,0.0,0.0
58,59,434,441,4.101776123046875,-0.100677490234375,260,0.6046511627906976,0.7916666666666666,0.95,0.23892901837825775,0.3193717277486911,0.01634345509141009,True,1.0,True,[],adjacent,True,430,429,426,412,260,0.958139534883721,0.6310679611650486,0.6046511627906976,0.012154094874858856,0.9920838237355534,3.3032961316579494,5.190015589383692,260,122,7,150.2639999999992,1.0,0.0,full_calibrated_frame,gray,21,3,False,48,38,"['r0c0', 'r0c1', 'r0c2', 'r0c3', 'r0c4', 'r0c6', 'r0c7', 'r1c0', 'r1c1', 'r1c3', 'r1c4', 'r1c6', 'r1c7', 'r2c0', 'r2c1', 'r2c2', 'r2c3', 'r2c4', 'r2c5', 'r2c6', 'r2c7', 'r3c0', 'r3c1', 'r3c3', 'r3c4', 'r3c5', 'r3c6', 'r3c7', 'r4c0', 'r4c1', 'r4c2', 'r4c3', 'r4c4', 'r4c5', 'r4c6', 'r4c7', 'r5c5', 'r5c7']",6,8,210.9133758544922,0,0,0,none,0.0,0.0,0.0
59,60,441,448,4.1354522705078125,0.02166748046875,271,0.6035634743875279,0.7916666666666666,0.9416666666666667,0.19079998135566711,0.3225,0.01664290043002864,True,1.0,True,[],adjacent,True,449,444,442,433,271,0.9643652561247216,0.625866050808314,0.6035634743875279,0.009535623714327812,0.9135702829041273,3.3741842911969644,5.388419284276406,271,129,7,133.5679999999993,1.0,0.0,full_calibrated_frame,gray,21,3,False,48,38,"['r0c0', 'r0c1', 'r0c2', 'r0c3', 'r0c6', 'r0c7', 'r1c0', 'r1c1', 'r1c3', 'r1c4', 'r1c5', 'r1c6', 'r1c7', 'r2c0', 'r2c1', 'r2c2', 'r2c3', 'r2c4', 'r2c5', 'r2c6', 'r2c7', 'r3c0', 'r3c1', 'r3c3', 'r3c4', 'r3c5', 'r3c6', 'r3c7', 'r4c0', 'r4c1', 'r4c2', 'r4c3', 'r4c4', 'r4c5', 'r4c6', 'r4c7', 'r5c5', 'r5c7']",6,8,210.9133758544922,0,0,0,none,0.0,0.0,0.0
60,61,448,454,4.0996551513671875,-0.2163372039794922,263,0.6018306636155606,0.8333333333333334,0.8375,0.2593425512313843,0.32390745501285345,0.016696612942838737,True,1.0,True,[],adjacent,True,437,434,432,420,263,0.9610983981693364,0.6261904761904762,0.6018306636155606,0.014340887777507305,1.020018212327754,3.2421853144675934,5.8514491308876275,263,126,6,133.5689999999995,1.0,0.0,full_calibrated_frame,gray,21,3,False,48,40,"['r0c0', 'r0c1', 'r0c2', 'r0c3', 'r0c5', 'r0c6', 'r0c7', 'r1c0', 'r1c1', 'r1c2', 'r1c3', 'r1c4', 'r1c5', 'r1c6', 'r1c7', 'r2c0', 'r2c1', 'r2c2', 'r2c3', 'r2c4', 'r2c5', 'r2c6', 'r2c7', 'r3c0', 'r3c1', 'r3c2', 'r3c3', 'r3c4', 'r3c5', 'r3c6', 'r3c7', 'r4c0', 'r4c1', 'r4c2', 'r4c3', 'r4c4', 'r4c5', 'r4c6', 'r4c7', 'r5c7']",6,8,210.9133758544922,0,0,0,none,0.0,0.0,0.0
61,62,454,461,4.050815582275391,-0.06031036376953125,260,0.611764705882353,0.7916666666666666,0.8458333333333333,0.1682671457529068,0.33161953727506427,0.017848812976148508,True,1.0,True,[],adjacent,True,425,425,424,416,260,0.9788235294117648,0.625,0.611764705882353,0.010589312762022018,0.962055113042094,3.250074276830205,4.436213143769367,260,129,7,133.5679999999993,1.0,0.0,full_calibrated_frame,gray,21,3,False,48,38,"['r0c0', 'r0c1', 'r0c2', 'r0c3', 'r0c5', 'r0c6', 'r0c7', 'r1c0', 'r1c3', 'r1c4', 'r1c5', 'r1c6', 'r1c7', 'r2c0', 'r2c1', 'r2c2', 'r2c3', 'r2c4', 'r2c5', 'r2c6', 'r2c7', 'r3c0', 'r3c1', 'r3c2', 'r3c3', 'r3c4', 'r3c5', 'r3c6', 'r3c7', 'r4c0', 'r4c1', 'r4c2', 'r4c3', 'r4c4', 'r4c5', 'r4c6', 'r4c7', 'r5c7']",6,8,210.9133758544922,0,0,0,none,0.0,0.0,0.0
62,63,461,467,3.9809036254882812,-0.15650558471679688,259,0.6009280742459396,0.7708333333333334,0.9708333333333333,0.20483078062534332,0.34595959595959597,0.017126645606361,True,1.0,True,[],adjacent,True,431,430,430,418,259,0.9698375870069605,0.6196172248803827,0.6009280742459396,0.011191422119736671,0.9778544652292619,3.437720034454061,5.065461387558945,259,137,6,133.56800000000294,1.0,0.0,full_calibrated_frame,gray,21,3,False,48,37,"['r0c0', 'r0c1', 'r0c2', 'r0c3', 'r0c5', 'r0c6', 'r0c7', 'r1c0', 'r1c2', 'r1c3', 'r1c5', 'r1c6', 'r1c7', 'r2c0', 'r2c1', 'r2c2', 'r2c3', 'r2c4', 'r2c5', 'r2c6', 'r2c7', 'r3c0', 'r3c1', 'r3c2', 'r3c3', 'r3c4', 'r3c5', 'r3c6', 'r3c7', 'r4c0', 'r4c2', 'r4c3', 'r4c4', 'r4c5', 'r4c6', 'r4c7', 'r5c7']",6,8,210.9133758544922,0,0,0,none,0.0,0.0,0.0
63,64,467,473,4.084352493286133,-0.0749664306640625,274,0.6227272727272727,0.7916666666666666,0.8375,0.20206698775291443,0.3167082294264339,0.016505953176385722,True,1.0,True,[],adjacent,True,440,438,438,430,274,0.9772727272727273,0.6372093023255814,0.6227272727272727,0.010078066028654575,0.9486508213648694,3.2080490294710255,6.4937053636110535,274,127,6,133.5679999999993,1.0,0.0,full_calibrated_frame,gray,21,3,False,48,38,"['r0c0', 'r0c1', 'r0c2', 'r0c3', 'r0c5', 'r0c6', 'r0c7', 'r1c0', 'r1c2', 'r1c3', 'r1c5', 'r1c6', 'r1c7', 'r2c0', 'r2c1', 'r2c2', 'r2c3', 'r2c4', 'r2c5', 'r2c6', 'r2c7', 'r3c0', 'r3c1', 'r3c2', 'r3c3', 'r3c4', 'r3c5', 'r3c6', 'r3c7', 'r4c0', 'r4c1', 'r4c2', 'r4c3', 'r4c4', 'r4c5', 'r4c6', 'r4c7', 'r5c7']",6,8,210.9133758544922,0,0,0,none,0.0,0.0,0.0
64,65,473,480,3.978302001953125,-0.07897186279296875,275,0.6043956043956044,0.8333333333333334,0.8625,0.14890611171722412,0.3020304568527919,0.01552827864324928,True,1.0,True,[],adjacent,True,455,444,443,422,275,0.9274725274725275,0.6516587677725119,0.6043956043956044,0.00923270545899868,0.989393069909245,2.6763995280323982,7.26774136710551,275,119,7,133.5679999999993,1.0,0.0,full_calibrated_frame,gray,21,3,False,48,40,"['r0c0', 'r0c1', 'r0c2', 'r0c3', 'r0c5', 'r0c6', 'r0c7', 'r1c0', 'r1c2', 'r1c3', 'r1c4', 'r1c5', 'r1c6', 'r2c0', 'r2c1', 'r2c2', 'r2c3', 'r2c4', 'r2c5', 'r2c6', 'r2c7', 'r3c0', 'r3c1', 'r3c2', 'r3c3', 'r3c4', 'r3c5', 'r3c6', 'r3c7', 'r4c0', 'r4c1', 'r4c2', 'r4c3', 'r4c4', 'r4c5', 'r4c6', 'r4c7', 'r5c4', 'r5c6', 'r5c7']",6,8,210.9133758544922,0,0,0,none,0.0,0.0,0.0
65,66,480,486,3.898651123046875,-0.016086578369140625,278,0.6233183856502242,0.8333333333333334,0.8541666666666666,0.1800326704978943,0.28350515463917525,0.01571198730001272,True,1.0,True,[],adjacent,True,446,440,439,425,278,0.952914798206278,0.6541176470588236,0.6233183856502242,0.007713947910815477,0.8965318977394784,3.3099727491046527,4.864528390498157,278,110,6,133.5679999999993,1.0,0.0,full_calibrated_frame,gray,21,3,False,48,40,"['r0c0', 'r0c1', 'r0c2', 'r0c3', 'r0c5', 'r0c6', 'r0c7', 'r1c0', 'r1c2', 'r1c3', 'r1c4', 'r1c5', 'r1c6', 'r1c7', 'r2c0', 'r2c1', 'r2c2', 'r2c3', 'r2c4', 'r2c5', 'r2c6', 'r2c7', 'r3c0', 'r3c1', 'r3c2', 'r3c3', 'r3c4', 'r3c5', 'r3c6', 'r3c7', 'r4c0', 'r4c2', 'r4c3', 'r4c4', 'r4c5', 'r4c6', 'r4c7', 'r5c4', 'r5c6', 'r5c7']",6,8,210.9133758544922,0,0,0,none,0.0,0.0,0.0
66,67,486,493,3.9280548095703125,-0.2080230712890625,262,0.5822222222222222,0.7916666666666666,0.9583333333333334,0.24049195647239685,0.3383838383838384,0.015811633015991228,True,1.0,True,[],adjacent,True,450,447,446,427,262,0.9488888888888889,0.6135831381733021,0.5822222222222222,0.015244455076754093,0.9993892431811644,3.3521135122994705,6.389378483518147,262,134,7,150.26499999999942,1.0,0.0,full_calibrated_frame,gray,21,3,False,48,38,"['r0c0', 'r0c1', 'r0c2', 'r0c3', 'r0c5', 'r0c6', 'r0c7', 'r1c0', 'r1c2', 'r1c3', 'r1c4', 'r1c5', 'r1c7', 'r2c0', 'r2c1', 'r2c2', 'r2c3', 'r2c4', 'r2c5', 'r2c6', 'r2c7', 'r3c0', 'r3c1', 'r3c2', 'r3c3', 'r3c4', 'r3c5', 'r3c6', 'r3c7', 'r4c0', 'r4c2', 'r4c3', 'r4c4', 'r4c5', 'r4c6', 'r4c7', 'r5c4', 'r5c6']",6,8,210.9133758544922,0,0,0,none,0.0,0.0,0.0
67,68,493,500,3.6027145385742188,-0.040279388427734375,310,0.7077625570776256,0.9791666666666666,0.9333333333333333,0.23717248439788818,0.20308483290488433,0.013948300661530563,True,1.0,True,[],adjacent,True,438,438,437,432,310,0.9863013698630136,0.7175925925925926,0.7077625570776256,0.009047366678714752,0.9600526034012613,3.2049548548594706,4.4093846316330945,310,79,7,133.56800000000294,1.0,0.0,full_calibrated_frame,gray,21,3,False,48,47,"['r0c0', 'r0c1', 'r0c2', 'r0c3', 'r0c4', 'r0c5', 'r0c6', 'r0c7', 'r1c0', 'r1c1', 'r1c2', 'r1c3', 'r1c4', 'r1c5', 'r1c6', 'r1c7', 'r2c0', 'r2c1', 'r2c2', 'r2c3', 'r2c4', 'r2c5', 'r2c6', 'r2c7', 'r3c0', 'r3c1', 'r3c2', 'r3c3', 'r3c4', 'r3c5', 'r3c6', 'r3c7', 'r4c0', 'r4c1', 'r4c2', 'r4c3', 'r4c4', 'r4c5', 'r4c6', 'r4c7', 'r5c0', 'r5c1', 'r5c3', 'r5c4', 'r5c5', 'r5c6', 'r5c7']",6,8,210.9133758544922,0,0,0,none,0.0,0.0,0.0
68,69,500,506,3.579559326171875,0.021356582641601562,295,0.6797235023041475,0.9375,0.8541666666666666,0.2015051245689392,0.23772609819121446,0.013624856449895417,True,1.0,True,[],adjacent,True,434,433,433,426,295,0.9815668202764977,0.6924882629107981,0.6797235023041475,0.009019751101732254,0.9572306521753257,2.821581328954389,4.718568936766474,295,92,6,133.5679999999993,1.0,0.0,full_calibrated_frame,gray,21,3,False,48,45,"['r0c0', 'r0c1', 'r0c2', 'r0c3', 'r0c4', 'r0c5', 'r0c6', 'r0c7', 'r1c0', 'r1c1', 'r1c2', 'r1c3', 'r1c4', 'r1c5', 'r1c7', 'r2c0', 'r2c1', 'r2c2', 'r2c3', 'r2c4', 'r2c5', 'r2c6', 'r2c7', 'r3c0', 'r3c1', 'r3c2', 'r3c3', 'r3c4', 'r3c5', 'r3c6', 'r3c7', 'r4c0', 'r4c1', 'r4c2', 'r4c3', 'r4c4', 'r4c5', 'r4c6', 'r4c7', 'r5c0', 'r5c1', 'r5c3', 'r5c4', 'r5c6', 'r5c7']",6,8,210.9133758544922,0,0,0,none,0.0,0.0,0.0
69,70,506,513,4.081178665161133,-0.148681640625,269,0.6285046728971962,0.8541666666666666,0.9291666666666667,0.25876954197883606,0.2807486631016043,0.01659031480705056,True,1.0,True,[],adjacent,True,428,421,421,408,269,0.9532710280373832,0.6593137254901961,0.6285046728971962,0.011458535678684711,0.9758338874482648,3.856784157218614,5.620825173936868,269,105,7,133.5679999999993,1.0,0.0,full_calibrated_frame,gray,21,3,False,48,41,"['r0c0', 'r0c1', 'r0c2', 'r0c4', 'r0c5', 'r0c6', 'r0c7', 'r1c1', 'r1c2', 'r1c3', 'r1c4', 'r1c5', 'r1c6', 'r1c7', 'r2c0', 'r2c1', 'r2c2', 'r2c3', 'r2c4', 'r2c5', 'r2c6', 'r2c7', 'r3c0', 'r3c1', 'r3c2', 'r3c3', 'r3c4', 'r3c5', 'r3c6', 'r3c7', 'r4c0', 'r4c1', 'r4c2', 'r4c3', 'r4c4', 'r4c5', 'r4c6', 'r4c7', 'r5c4', 'r5c6', 'r5c7']",6,8,210.9133758544922,0,0,0,none,0.0,0.0,0.0
70,71,513,520,4.460113525390625,-0.1015777587890625,235,0.5490654205607477,0.8125,0.9333333333333333,0.3204164505004883,0.35792349726775957,0.018294460087123376,True,1.0,True,[],adjacent,True,428,425,423,414,235,0.9672897196261683,0.5676328502415459,0.5490654205607477,0.014620963484048843,1.2708720951164663,4.369362026179434,8.289601597198866,235,131,7,150.2639999999992,1.0,0.0,full_calibrated_frame,gray,21,3,False,48,39,"['r0c0', 'r0c1', 'r0c2', 'r0c4', 'r0c5', 'r0c6', 'r0c7', 'r1c1', 'r1c2', 'r1c3', 'r1c4', 'r1c5', 'r1c6', 'r1c7', 'r2c0', 'r2c1', 'r2c2', 'r2c3', 'r2c4', 'r2c5', 'r2c6', 'r2c7', 'r3c0', 'r3c1', 'r3c2', 'r3c3', 'r3c4', 'r3c5', 'r3c6', 'r3c7', 'r4c0', 'r4c1', 'r4c2', 'r4c3', 'r4c4', 'r4c5', 'r4c6', 'r4c7', 'r5c6']",6,8,210.9133758544922,0,0,0,none,0.0,0.0,0.0
71,72,520,527,4.105766296386719,-0.09322738647460938,270,0.6308411214953271,0.8541666666666666,0.8541666666666666,0.18360170722007751,0.2931937172774869,0.01650375290729253,True,1.0,True,[],adjacent,True,428,427,427,416,270,0.9719626168224299,0.6490384615384616,0.6308411214953271,0.011250199750065804,1.02670215612347,3.3954695262663597,6.26783827572487,270,112,7,133.5679999999993,1.0,0.0,full_calibrated_frame,gray,21,3,False,48,41,"['r0c0', 'r0c1', 'r0c2', 'r0c4', 'r0c5', 'r0c6', 'r0c7', 'r1c1', 'r1c2', 'r1c3', 'r1c4', 'r1c5', 'r1c6', 'r1c7', 'r2c0', 'r2c1', 'r2c2', 'r2c3', 'r2c4', 'r2c5', 'r2c6', 'r2c7', 'r3c0', 'r3c1', 'r3c2', 'r3c3', 'r3c4', 'r3c5', 'r3c6', 'r3c7', 'r4c0', 'r4c1', 'r4c2', 'r4c3', 'r4c4', 'r4c5', 'r4c6', 'r4c7', 'r5c4', 'r5c6', 'r5c7']",6,8,210.9133758544922,0,0,0,none,0.0,0.0,0.0
72,73,527,533,3.807644844055176,-0.11017417907714844,275,0.6532066508313539,0.8333333333333334,0.8958333333333334,0.23045441508293152,0.2724867724867725,0.0155844540409934,True,1.0,True,[],adjacent,True,421,421,421,410,275,0.9738717339667459,0.6707317073170732,0.6532066508313539,0.00922045111656189,0.926429563338787,2.842779529166104,6.583340481509132,275,103,6,133.56800000000294,1.0,0.0,full_calibrated_frame,gray,21,3,False,48,40,"['r0c0', 'r0c1', 'r0c2', 'r0c4', 'r0c5', 'r0c6', 'r0c7', 'r1c1', 'r1c2', 'r1c3', 'r1c4', 'r1c5', 'r1c6', 'r1c7', 'r2c0', 'r2c1', 'r2c2', 'r2c3', 'r2c4', 'r2c5', 'r2c6', 'r2c7', 'r3c0', 'r3c1', 'r3c2', 'r3c3', 'r3c4', 'r3c5', 'r3c6', 'r3c7', 'r4c0', 'r4c1', 'r4c2', 'r4c3', 'r4c4', 'r4c5', 'r4c6', 'r4c7', 'r5c5', 'r5c6']",6,8,210.9133758544922,0,0,0,none,0.0,0.0,0.0
73,74,533,540,4.1744232177734375,-0.029163360595703125,266,0.6114942528735632,0.8333333333333334,0.9791666666666666,0.242705836892128,0.3036649214659686,0.016296447256627544,True,1.0,True,[],adjacent,True,435,432,431,422,266,0.9701149425287356,0.6303317535545023,0.6114942528735632,0.01126948930323124,1.0837009069204504,3.6271447391769662,6.49778830568693,266,116,7,150.2639999999992,1.0,0.0,full_calibrated_frame,gray,21,3,False,48,40,"['r0c0', 'r0c1', 'r0c2', 'r0c4', 'r0c5', 'r0c6', 'r0c7', 'r1c1', 'r1c2', 'r1c3', 'r1c4', 'r1c5', 'r1c6', 'r2c0', 'r2c1', 'r2c2', 'r2c3', 'r2c4', 'r2c5', 'r2c6', 'r2c7', 'r3c0', 'r3c1', 'r3c2', 'r3c3', 'r3c4', 'r3c5', 'r3c6', 'r4c0', 'r4c1', 'r4c2', 'r4c3', 'r4c4', 'r4c5', 'r4c6', 'r4c7', 'r5c3', 'r5c5', 'r5c6', 'r5c7']",6,8,210.9133758544922,0,0,0,none,0.0,0.0,0.0
74,75,540,547,3.787445068359375,-0.08867263793945312,314,0.7072072072072072,0.9166666666666666,0.9541666666666667,0.21914607286453247,0.20304568527918782,0.013671918187781407,True,1.0,True,[],adjacent,True,444,444,444,434,314,0.9774774774774775,0.7235023041474654,0.7072072072072072,0.009563984349370003,0.9759924983938546,2.9803294091604347,6.247398383058151,314,80,7,133.5679999999993,1.0,0.0,full_calibrated_frame,gray,21,3,False,48,44,"['r0c0', 'r0c1', 'r0c2', 'r0c4', 'r0c5', 'r0c6', 'r0c7', 'r1c1', 'r1c2', 'r1c3', 'r1c4', 'r1c5', 'r1c6', 'r1c7', 'r2c0', 'r2c1', 'r2c2', 'r2c3', 'r2c4', 'r2c5', 'r2c6', 'r2c7', 'r3c0', 'r3c1', 'r3c2', 'r3c3', 'r3c4', 'r3c5', 'r3c6', 'r3c7', 'r4c0', 'r4c1', 'r4c2', 'r4c3', 'r4c4', 'r4c5', 'r4c6', 'r4c7', 'r5c0', 'r5c2', 'r5c3', 'r5c5', 'r5c6', 'r5c7']",6,8,210.9133758544922,0,0,0,none,0.0,0.0,0.0
75,76,547,553,3.6805572509765625,-0.1013946533203125,296,0.6788990825688074,0.8541666666666666,0.9458333333333333,0.2624988853931427,0.20430107526881722,0.013707300979848208,True,1.0,True,[],adjacent,True,436,436,436,428,296,0.981651376146789,0.6915887850467289,0.6788990825688074,0.00946112535893917,0.9941244619477787,2.7488071409661505,5.128173570081291,296,76,6,133.5689999999995,1.0,0.0,full_calibrated_frame,gray,21,3,False,48,41,"['r0c0', 'r0c1', 'r0c2', 'r0c4', 'r0c5', 'r0c6', 'r0c7', 'r1c1', 'r1c2', 'r1c3', 'r1c4', 'r1c5', 'r1c6', 'r2c0', 'r2c1', 'r2c2', 'r2c3', 'r2c4', 'r2c5', 'r2c6', 'r2c7', 'r3c0', 'r3c1', 'r3c2', 'r3c3', 'r3c4', 'r3c5', 'r3c6', 'r4c0', 'r4c1', 'r4c2', 'r4c3', 'r4c4', 'r4c5', 'r4c6', 'r4c7', 'r5c2', 'r5c3', 'r5c5', 'r5c6', 'r5c7']",6,8,210.9133758544922,0,0,0,none,0.0,0.0,0.0
76,77,553,560,3.5286483764648438,-0.07481765747070312,298,0.6866359447004609,0.9166666666666666,0.9458333333333333,0.24804449081420898,0.2198952879581152,0.013822869589141251,True,1.0,True,[],adjacent,True,434,423,423,416,298,0.9585253456221198,0.7163461538461539,0.6866359447004609,0.009610764682292938,0.8699759094642944,2.9510630487514886,6.4363572121320685,298,84,7,133.5679999999993,1.0,0.0,full_calibrated_frame,gray,21,3,False,48,44,"['r0c0', 'r0c1', 'r0c2', 'r0c4', 'r0c5', 'r0c6', 'r0c7', 'r1c0', 'r1c1', 'r1c2', 'r1c3', 'r1c4', 'r1c6', 'r1c7', 'r2c0', 'r2c1', 'r2c2', 'r2c3', 'r2c4', 'r2c5', 'r2c6', 'r2c7', 'r3c0', 'r3c1', 'r3c2', 'r3c3', 'r3c4', 'r3c5', 'r3c6', 'r3c7', 'r4c0', 'r4c1', 'r4c2', 'r4c3', 'r4c4', 'r4c5', 'r4c6', 'r4c7', 'r5c0', 'r5c2', 'r5c3', 'r5c5', 'r5c6', 'r5c7']",6,8,210.9133758544922,0,0,0,none,0.0,0.0,0.0
77,78,560,566,3.6932296752929688,-0.0110015869140625,300,0.7228915662650602,0.8958333333333334,0.9833333333333333,0.15343768894672394,0.19137466307277629,0.012538360367252255,True,1.0,True,[],adjacent,True,415,415,414,409,300,0.9855421686746988,0.7334963325183375,0.7228915662650602,0.007908257655799389,1.0004856098005803,2.516099537127598,5.294866157423883,300,71,6,133.56800000000294,1.0,0.0,full_calibrated_frame,gray,21,3,False,48,43,"['r0c0', 'r0c1', 'r0c3', 'r0c4', 'r0c5', 'r0c6', 'r0c7', 'r1c0', 'r1c1', 'r1c2', 'r1c3', 'r1c4', 'r1c6', 'r2c0', 'r2c1', 'r2c2', 'r2c3', 'r2c4', 'r2c5', 'r2c6', 'r2c7', 'r3c0', 'r3c1', 'r3c2', 'r3c3', 'r3c4', 'r3c6', 'r3c7', 'r4c0', 'r4c1', 'r4c2', 'r4c3', 'r4c4', 'r4c5', 'r4c6', 'r4c7', 'r5c0', 'r5c2', 'r5c3', 'r5c4', 'r5c5', 'r5c6', 'r5c7']",6,8,210.9133758544922,0,0,0,none,0.0,0.0,0.0
78,79,566,572,3.6281509399414062,-0.10610198974609375,296,0.7030878859857482,0.9375,0.8625,0.2578573226928711,0.18005540166204986,0.01286635048282414,True,1.0,True,[],adjacent,True,421,420,420,413,296,0.9809976247030879,0.7167070217917676,0.7030878859857482,0.009457803331315517,1.0304063449687868,2.7860688720179887,4.9616554347723385,296,65,6,133.5679999999993,1.0,0.0,full_calibrated_frame,gray,21,3,False,48,45,"['r0c0', 'r0c1', 'r0c3', 'r0c4', 'r0c5', 'r0c6', 'r0c7', 'r1c0', 'r1c1', 'r1c2', 'r1c3', 'r1c4', 'r1c6', 'r2c0', 'r2c1', 'r2c2', 'r2c3', 'r2c4', 'r2c5', 'r2c6', 'r2c7', 'r3c0', 'r3c1', 'r3c2', 'r3c3', 'r3c4', 'r3c5', 'r3c6', 'r3c7', 'r4c0', 'r4c1', 'r4c2', 'r4c3', 'r4c4', 'r4c5', 'r4c6', 'r4c7', 'r5c0', 'r5c1', 'r5c2', 'r5c3', 'r5c4', 'r5c5', 'r5c6', 'r5c7']",6,8,210.9133758544922,0,0,0,none,0.0,0.0,0.0
79,80,572,579,3.6697540283203125,-0.167022705078125,297,0.6971830985915493,0.875,0.9625,0.27574726939201355,0.21010638297872342,0.013251092194139447,True,1.0,True,[],adjacent,True,426,426,426,422,297,0.9906103286384976,0.7037914691943128,0.6971830985915493,0.014456827193498611,0.9310704114891573,2.8343016899919102,6.090852697090566,297,79,7,133.5679999999993,1.0,0.0,full_calibrated_frame,gray,21,3,False,48,42,"['r0c0', 'r0c1', 'r0c3', 'r0c4', 'r0c5', 'r0c6', 'r0c7', 'r1c0', 'r1c1', 'r1c2', 'r1c3', 'r1c4', 'r1c6', 'r1c7', 'r2c0', 'r2c1', 'r2c2', 'r2c3', 'r2c4', 'r2c5', 'r2c6', 'r2c7', 'r3c0', 'r3c1', 'r3c2', 'r3c3', 'r3c4', 'r3c5', 'r3c6', 'r3c7', 'r4c0', 'r4c1', 'r4c2', 'r4c3', 'r4c4', 'r4c5', 'r4c6', 'r4c7', 'r5c2', 'r5c5', 'r5c6', 'r5c7']",6,8,210.9133758544922,0,0,0,none,0.0,0.0,0.0
80,81,579,585,3.97650146484375,0.006664276123046875,288,0.7146401985111662,0.8541666666666666,0.9666666666666667,0.29388439655303955,0.2087912087912088,0.015856285312734808,True,1.0,True,[],adjacent,True,403,403,402,396,288,0.9826302729528535,0.7272727272727273,0.7146401985111662,0.01051904447376728,0.9342111312156299,2.744020346106712,8.339317192684831,288,76,6,133.5679999999993,1.0,0.0,full_calibrated_frame,gray,21,3,False,48,41,"['r0c0', 'r0c1', 'r0c3', 'r0c4', 'r0c5', 'r0c6', 'r0c7', 'r1c0', 'r1c1', 'r1c2', 'r1c3', 'r1c4', 'r1c6', 'r1c7', 'r2c0', 'r2c1', 'r2c2', 'r2c3', 'r2c4', 'r2c5', 'r2c6', 'r2c7', 'r3c0', 'r3c1', 'r3c2', 'r3c3', 'r3c4', 'r3c6', 'r3c7', 'r4c0', 'r4c1', 'r4c2', 'r4c3', 'r4c4', 'r4c5', 'r4c6', 'r4c7', 'r5c1', 'r5c5', 'r5c6', 'r5c7']",6,8,210.9133758544922,0,0,0,none,0.0,0.0,0.0
81,82,585,592,4.1396636962890625,0.02265167236328125,262,0.6298076923076923,0.8125,0.925,0.20074793696403503,0.2598870056497175,0.016064109705701934,True,1.0,True,[],adjacent,True,416,414,413,391,262,0.9399038461538461,0.670076726342711,0.6298076923076923,0.010396169498562813,0.9551662196798759,3.512171497732354,9.385632182433696,262,92,7,133.5679999999993,1.0,0.0,full_calibrated_frame,gray,21,3,False,48,39,"['r0c0', 'r0c1', 'r0c3', 'r0c4', 'r0c5', 'r0c6', 'r0c7', 'r1c1', 'r1c3', 'r1c6', 'r2c0', 'r2c1', 'r2c2', 'r2c3', 'r2c4', 'r2c5', 'r2c6', 'r2c7', 'r3c0', 'r3c1', 'r3c2', 'r3c3', 'r3c4', 'r3c5', 'r3c6', 'r3c7', 'r4c0', 'r4c1', 'r4c2', 'r4c3', 'r4c4', 'r4c5', 'r4c6', 'r4c7', 'r5c1', 'r5c4', 'r5c5', 'r5c6', 'r5c7']",6,8,210.9133758544922,0,0,0,none,0.0,0.0,0.0
82,83,592,598,3.76666259765625,-0.1660308837890625,271,0.6514423076923077,0.8125,0.9375,0.23555484414100647,0.23661971830985915,0.014709529096143148,True,1.0,True,[],adjacent,True,416,416,414,403,271,0.96875,0.6724565756823822,0.6514423076923077,0.012914453633129597,0.9833901153734258,3.417979956494392,5.9784256772925515,271,84,6,133.5679999999993,1.0,0.0,full_calibrated_frame,gray,21,3,False,48,39,"['r0c0', 'r0c1', 'r0c3', 'r0c4', 'r0c5', 'r0c6', 'r0c7', 'r1c1', 'r1c3', 'r1c6', 'r2c0', 'r2c1', 'r2c2', 'r2c3', 'r2c4', 'r2c5', 'r2c6', 'r2c7', 'r3c0', 'r3c1', 'r3c2', 'r3c3', 'r3c4', 'r3c5', 'r3c6', 'r3c7', 'r4c0', 'r4c1', 'r4c2', 'r4c3', 'r4c4', 'r4c5', 'r4c6', 'r4c7', 'r5c2', 'r5c4', 'r5c5', 'r5c6', 'r5c7']",6,8,210.9133758544922,0,0,0,none,0.0,0.0,0.0
83,84,598,604,3.7734527587890625,-0.0343475341796875,268,0.6291079812206573,0.8125,0.9416666666666667,0.1738867610692978,0.27956989247311825,0.015193562597693555,True,1.0,True,[],adjacent,True,426,426,426,411,268,0.9647887323943662,0.6520681265206812,0.6291079812206573,0.010298247449100018,0.9797775779187419,3.371176597934994,6.164800127963854,268,104,6,133.56900000000314,1.0,0.0,full_calibrated_frame,gray,21,3,False,48,39,"['r0c0', 'r0c1', 'r0c3', 'r0c4', 'r0c5', 'r0c6', 'r0c7', 'r1c0', 'r1c1', 'r1c3', 'r1c5', 'r1c6', 'r2c0', 'r2c1', 'r2c2', 'r2c3', 'r2c4', 'r2c5', 'r2c6', 'r2c7', 'r3c0', 'r3c1', 'r3c2', 'r3c3', 'r3c4', 'r3c5', 'r3c6', 'r3c7', 'r4c0', 'r4c1', 'r4c2', 'r4c3', 'r4c4', 'r4c5', 'r4c6', 'r4c7', 'r5c2', 'r5c4', 'r5c7']",6,8,210.9133758544922,0,0,0,none,0.0,0.0,0.0
84,85,604,610,3.82037353515625,-0.1635894775390625,267,0.6238317757009346,0.8333333333333334,0.9416666666666667,0.2808932065963745,0.27049180327868855,0.015710738473326324,True,1.0,True,[],adjacent,True,428,427,423,406,267,0.9485981308411215,0.6576354679802956,0.6238317757009346,0.0133738424628973,0.9463927234083945,3.6297016079327866,6.977309414746323,267,99,6,133.5679999999993,1.0,0.0,full_calibrated_frame,gray,21,3,False,48,40,"['r0c0', 'r0c1', 'r0c3', 'r0c4', 'r0c5', 'r0c6', 'r0c7', 'r1c0', 'r1c1', 'r1c3', 'r1c5', 'r1c6', 'r2c0', 'r2c1', 'r2c2', 'r2c3', 'r2c4', 'r2c5', 'r2c6', 'r2c7', 'r3c0', 'r3c1', 'r3c2', 'r3c3', 'r3c4', 'r3c5', 'r3c6', 'r3c7', 'r4c0', 'r4c1', 'r4c2', 'r4c3', 'r4c4', 'r4c5', 'r4c6', 'r4c7', 'r5c2', 'r5c4', 'r5c5', 'r5c7']",6,8,210.9133758544922,0,0,0,none,0.0,0.0,0.0
85,86,610,617,3.599700927734375,0.06641960144042969,276,0.6650602409638554,0.875,0.95,0.2343214750289917,0.22033898305084745,0.013795847513275672,True,1.0,True,[],adjacent,True,415,414,401,394,276,0.9493975903614458,0.700507614213198,0.6650602409638554,0.01082691177725792,0.9239120558024558,2.919714167368279,7.33466776067657,276,78,7,133.5679999999993,1.0,0.0,full_calibrated_frame,gray,21,3,False,48,42,"['r0c0', 'r0c3', 'r0c4', 'r0c5', 'r0c6', 'r0c7', 'r1c0', 'r1c1', 'r1c3', 'r1c5', 'r1c6', 'r1c7', 'r2c0', 'r2c1', 'r2c2', 'r2c3', 'r2c4', 'r2c5', 'r2c6', 'r2c7', 'r3c0', 'r3c1', 'r3c2', 'r3c3', 'r3c4', 'r3c5', 'r3c6', 'r3c7', 'r4c0', 'r4c1', 'r4c2', 'r4c3', 'r4c4', 'r4c5', 'r4c6', 'r4c7', 'r5c1', 'r5c2', 'r5c4', 'r5c5', 'r5c6', 'r5c7']",6,8,210.9133758544922,0,0,0,none,0.0,0.0,0.0
86,87,617,623,3.8039398193359375,-0.1032257080078125,277,0.6805896805896806,0.9375,0.95,0.23054882884025574,0.17559523809523808,0.013556867147502205,True,1.0,True,[],adjacent,True,407,406,390,385,277,0.9459459459459459,0.7194805194805195,0.6805896805896806,0.011342125944793224,1.0719842781598643,3.3580810439265596,5.46415260535074,277,59,6,133.5679999999993,1.0,0.0,full_calibrated_frame,gray,21,3,False,48,45,"['r0c0', 'r0c2', 'r0c3', 'r0c4', 'r0c5', 'r0c6', 'r0c7', 'r1c0', 'r1c1', 'r1c2', 'r1c3', 'r1c5', 'r1c6', 'r1c7', 'r2c0', 'r2c1', 'r2c2', 'r2c3', 'r2c4', 'r2c5', 'r2c6', 'r3c0', 'r3c1', 'r3c2', 'r3c3', 'r3c4', 'r3c5', 'r3c6', 'r3c7', 'r4c0', 'r4c1', 'r4c2', 'r4c3', 'r4c4', 'r4c5', 'r4c6', 'r4c7', 'r5c0', 'r5c1', 'r5c2', 'r5c3', 'r5c4', 'r5c5', 'r5c6', 'r5c7']",6,8,210.9133758544922,0,0,0,none,0.0,0.0,0.0
87,88,623,629,3.6693115234375,-0.0985870361328125,277,0.6873449131513648,0.9375,0.8583333333333333,0.18783479928970337,0.23901098901098902,0.012667515132837925,True,1.0,True,[],adjacent,True,403,403,402,396,277,0.9826302729528535,0.6994949494949495,0.6873449131513648,0.011802894063293934,1.0909913742574475,2.3471663536474727,6.37898120037045,277,87,6,133.5679999999993,1.0,0.0,full_calibrated_frame,gray,21,3,False,48,45,"['r0c0', 'r0c2', 'r0c3', 'r0c4', 'r0c5', 'r0c6', 'r0c7', 'r1c0', 'r1c1', 'r1c2', 'r1c3', 'r1c5', 'r1c6', 'r1c7', 'r2c0', 'r2c1', 'r2c2', 'r2c3', 'r2c4', 'r2c5', 'r2c6', 'r3c0', 'r3c1', 'r3c2', 'r3c3', 'r3c4', 'r3c5', 'r3c6', 'r3c7', 'r4c0', 'r4c1', 'r4c2', 'r4c3', 'r4c4', 'r4c5', 'r4c6', 'r4c7', 'r5c0', 'r5c1', 'r5c2', 'r5c3', 'r5c4', 'r5c5', 'r5c6', 'r5c7']",6,8,210.9133758544922,0,0,0,none,0.0,0.0,0.0
88,89,629,635,3.8459243774414062,-0.1021728515625,269,0.6897435897435897,0.9166666666666666,0.9375,0.1568184196949005,0.21574344023323616,0.01373074054362211,True,1.0,True,[],adjacent,True,390,389,387,379,269,0.9717948717948718,0.7097625329815304,0.6897435897435897,0.009739136323332787,1.0699717563246554,2.425919097736648,4.9266722886814645,269,74,6,133.56800000000294,1.0,0.0,full_calibrated_frame,gray,21,3,False,48,44,"['r0c0', 'r0c2', 'r0c3', 'r0c4', 'r0c5', 'r0c6', 'r0c7', 'r1c0', 'r1c1', 'r1c2', 'r1c3', 'r1c4', 'r1c5', 'r1c7', 'r2c0', 'r2c1', 'r2c2', 'r2c3', 'r2c4', 'r2c5', 'r2c6', 'r3c0', 'r3c1', 'r3c2', 'r3c3', 'r3c4', 'r3c5', 'r3c6', 'r3c7', 'r4c0', 'r4c1', 'r4c2', 'r4c3', 'r4c4', 'r4c5', 'r4c6', 'r4c7', 'r5c0', 'r5c1', 'r5c3', 'r5c4', 'r5c5', 'r5c6', 'r5c7']",6,8,210.9133758544922,0,0,0,none,0.0,0.0,0.0
89,90,635,642,4.071595191955566,-0.0254974365234375,246,0.6089108910891089,0.8333333333333334,0.8666666666666667,0.18865260481834412,0.3031161473087819,0.01606923361886403,True,1.0,True,[],adjacent,True,404,402,402,391,246,0.9678217821782178,0.629156010230179,0.6089108910891089,0.009655908681452274,1.002047916613498,3.2919532679748933,5.730524286272398,246,107,7,150.2639999999992,1.0,0.0,full_calibrated_frame,gray,21,3,False,48,40,"['r0c0', 'r0c2', 'r0c3', 'r0c4', 'r0c5', 'r0c6', 'r0c7', 'r1c0', 'r1c2', 'r1c3', 'r1c5', 'r1c6', 'r1c7', 'r2c0', 'r2c1', 'r2c2', 'r2c3', 'r2c4', 'r2c5', 'r2c6', 'r3c0', 'r3c1', 'r3c2', 'r3c3', 'r3c4', 'r3c5', 'r3c6', 'r3c7', 'r4c0', 'r4c1', 'r4c2', 'r4c3', 'r4c4', 'r4c5', 'r4c6', 'r4c7', 'r5c4', 'r5c5', 'r5c6', 'r5c7']",6,8,210.9133758544922,0,0,0,none,0.0,0.0,0.0
90,91,642,649,3.9458770751953125,-0.06529617309570312,248,0.6004842615012107,0.8125,0.9583333333333334,0.23117969930171967,0.30726256983240224,0.016080401526890387,True,1.0,True,[],adjacent,True,413,412,409,397,248,0.9612590799031477,0.6246851385390428,0.6004842615012107,0.010172232985496521,1.0106949606935907,3.6423694544624574,5.320329465471488,248,110,7,150.26499999999942,1.0,0.0,full_calibrated_frame,gray,21,3,False,48,39,"['r0c0', 'r0c2', 'r0c3', 'r0c4', 'r0c5', 'r0c6', 'r0c7', 'r1c0', 'r1c2', 'r1c3', 'r1c4', 'r1c5', 'r1c6', 'r2c0', 'r2c1', 'r2c2', 'r2c3', 'r2c4', 'r2c5', 'r2c6', 'r3c0', 'r3c1', 'r3c2', 'r3c3', 'r3c4', 'r3c5', 'r3c6', 'r3c7', 'r4c0', 'r4c1', 'r4c2', 'r4c3', 'r4c4', 'r4c5', 'r4c6', 'r4c7', 'r5c4', 'r5c5', 'r5c6']",6,8,210.9133758544922,0,0,0,none,0.0,0.0,0.0
91,92,649,656,3.977569580078125,-0.1669769287109375,257,0.6018735362997658,0.8125,0.9625,0.30328160524368286,0.3054054054054054,0.01473231074200293,True,1.0,True,[],adjacent,True,427,427,425,418,257,0.9789227166276346,0.6148325358851675,0.6018735362997658,0.015084760263562202,1.1351012854516471,4.126293088808439,6.652221568141117,257,113,7,133.5679999999993,1.0,0.0,full_calibrated_frame,gray,21,3,False,48,39,"['r0c0', 'r0c2', 'r0c3', 'r0c4', 'r0c5', 'r0c6', 'r1c0', 'r1c2', 'r1c3', 'r1c4', 'r1c5', 'r2c0', 'r2c1', 'r2c2', 'r2c3', 'r2c4', 'r2c5', 'r2c6', 'r3c0', 'r3c1', 'r3c2', 'r3c3', 'r3c5', 'r3c6', 'r3c7', 'r4c0', 'r4c1', 'r4c2', 'r4c3', 'r4c4', 'r4c5', 'r4c6', 'r4c7', 'r5c0', 'r5c2', 'r5c3', 'r5c4', 'r5c5', 'r5c6']",6,8,210.9133758544922,0,0,0,none,0.0,0.0,0.0
92,93,656,662,3.8685455322265625,-0.056011199951171875,257,0.6207729468599034,0.8541666666666666,0.9583333333333334,0.23300842940807343,0.31466666666666665,0.014123449085529205,True,1.0,True,[],adjacent,True,414,414,414,405,257,0.9782608695652174,0.6345679012345679,0.6207729468599034,0.009163331240415573,1.07553015629117,2.6459285092732623,5.265656433586524,257,118,6,133.5679999999993,1.0,0.0,full_calibrated_frame,gray,21,3,False,48,41,"['r0c0', 'r0c2', 'r0c3', 'r0c4', 'r0c5', 'r0c6', 'r1c0', 'r1c1', 'r1c2', 'r1c3', 'r1c4', 'r1c5', 'r2c0', 'r2c1', 'r2c2', 'r2c3', 'r2c4', 'r2c5', 'r2c6', 'r3c0', 'r3c1', 'r3c2', 'r3c3', 'r3c4', 'r3c5', 'r3c6', 'r4c0', 'r4c1', 'r4c2', 'r4c3', 'r4c4', 'r4c5', 'r4c6', 'r4c7', 'r5c0', 'r5c1', 'r5c2', 'r5c3', 'r5c4', 'r5c5', 'r5c6']",6,8,210.9133758544922,0,0,0,none,0.0,0.0,0.0
93,94,662,668,3.8744354248046875,0.025543212890625,262,0.6328502415458938,0.8541666666666666,0.95,0.22823865711688995,0.28804347826086957,0.013578568143202463,True,1.0,True,[],adjacent,True,414,413,412,399,262,0.9637681159420289,0.656641604010025,0.6328502415458938,0.00949374120682478,1.1398900017307863,2.5772397648035845,7.164284596870948,262,106,6,133.56800000000294,1.0,0.0,full_calibrated_frame,gray,21,3,False,48,41,"['r0c1', 'r0c2', 'r0c3', 'r0c4', 'r0c5', 'r0c6', 'r1c0', 'r1c1', 'r1c2', 'r1c3', 'r1c4', 'r1c5', 'r1c6', 'r2c0', 'r2c1', 'r2c2', 'r2c3', 'r2c4', 'r2c5', 'r2c6', 'r3c0', 'r3c1', 'r3c2', 'r3c3', 'r3c4', 'r3c5', 'r3c6', 'r4c0', 'r4c1', 'r4c2', 'r4c3', 'r4c4', 'r4c5', 'r4c6', 'r5c0', 'r5c1', 'r5c2', 'r5c3', 'r5c4', 'r5c5', 'r5c6']",6,8,210.9133758544922,0,0,0,none,0.0,0.0,0.0
94,95,668,675,5.578983306884766,-0.11708831787109375,217,0.550761421319797,0.7083333333333334,0.9791666666666666,0.2263418734073639,0.39385474860335196,0.014151535263952297,True,1.0,True,[],adjacent,True,394,392,386,380,217,0.9644670050761421,0.5710526315789474,0.550761421319797,0.011465253308415413,1.1585917639965788,4.587114033231443,12.064844999368056,217,141,7,150.2639999999992,1.0,0.0,full_calibrated_frame,gray,21,3,False,48,34,"['r0c0', 'r0c1', 'r0c6', 'r0c7', 'r1c0', 'r1c1', 'r1c3', 'r1c4', 'r1c6', 'r1c7', 'r2c6', 'r2c7', 'r3c0', 'r3c1', 'r3c2', 'r3c3', 'r3c6', 'r3c7', 'r4c0', 'r4c1', 'r4c2', 'r4c3', 'r4c4', 'r4c5', 'r4c6', 'r4c7', 'r5c0', 'r5c1', 'r5c2', 'r5c3', 'r5c4', 'r5c5', 'r5c6', 'r5c7']",6,8,210.9133758544922,0,0,0,none,0.0,0.0,0.0
95,96,675,682,4.9018707275390625,-0.11066436767578125,256,0.661498708010336,0.8958333333333334,0.9666666666666667,0.19739727675914764,0.3136729222520107,0.013593306816619855,True,1.0,True,[],adjacent,True,387,386,386,382,256,0.9870801033591732,0.6701570680628273,0.661498708010336,0.011318953707814217,1.1625704786897761,2.2366266165339406,3.8336413397890916,256,117,7,150.2639999999992,1.0,0.0,full_calibrated_frame,gray,21,3,False,48,43,"['r0c0', 'r0c1', 'r0c2', 'r0c3', 'r0c6', 'r0c7', 'r1c0', 'r1c1', 'r1c2', 'r1c3', 'r1c4', 'r1c6', 'r1c7', 'r2c0', 'r2c1', 'r2c2', 'r2c3', 'r2c4', 'r2c5', 'r2c6', 'r2c7', 'r3c0', 'r3c1', 'r3c2', 'r3c3', 'r3c6', 'r3c7', 'r4c0', 'r4c1', 'r4c2', 'r4c3', 'r4c4', 'r4c5', 'r4c6', 'r4c7', 'r5c0', 'r5c1', 'r5c2', 'r5c3', 'r5c4', 'r5c5', 'r5c6', 'r5c7']",6,8,210.9133758544922,0,0,0,none,0.0,0.0,0.0
96,97,682,689,3.6007080078125,-0.0712890625,268,0.6650124069478908,0.8541666666666666,0.95,0.12384944409132004,0.26373626373626374,0.012191027688602807,True,1.0,True,[],adjacent,True,403,403,403,395,268,0.9801488833746899,0.6784810126582278,0.6650124069478908,0.008292839862406254,1.21678256880256,2.4667297108841097,5.971308747562037,268,96,7,133.5679999999993,1.0,0.0,full_calibrated_frame,gray,21,3,False,48,41,"['r0c1', 'r0c2', 'r0c3', 'r0c4', 'r0c5', 'r0c6', 'r1c0', 'r1c1', 'r1c2', 'r1c3', 'r1c4', 'r1c5', 'r1c6', 'r2c0', 'r2c1', 'r2c2', 'r2c3', 'r2c4', 'r2c5', 'r2c6', 'r3c0', 'r3c1', 'r3c2', 'r3c3', 'r3c4', 'r3c5', 'r3c6', 'r4c0', 'r4c1', 'r4c2', 'r4c3', 'r4c4', 'r4c5', 'r4c6', 'r5c0', 'r5c1', 'r5c2', 'r5c3', 'r5c4', 'r5c5', 'r5c6']",6,8,210.9133758544922,0,0,0,none,0.0,0.0,0.0
97,98,689,695,5.4581756591796875,-0.0701751708984375,226,0.5664160401002506,0.6875,0.9791666666666666,0.17548930644989014,0.3924731182795699,0.014090528505106281,True,1.0,True,[],adjacent,True,399,399,399,390,226,0.9774436090225563,0.5794871794871795,0.5664160401002506,0.007396808825433254,1.086918354258898,3.399145074343947,6.063357289533897,226,146,6,133.5679999999993,1.0,0.0,full_calibrated_frame,gray,21,3,False,48,33,"['r0c0', 'r0c1', 'r0c3', 'r0c6', 'r0c7', 'r1c0', 'r1c1', 'r1c2', 'r1c3', 'r1c6', 'r1c7', 'r2c6', 'r2c7', 'r3c0', 'r3c2', 'r3c6', 'r3c7', 'r4c0', 'r4c1', 'r4c2', 'r4c3', 'r4c4', 'r4c5', 'r4c6', 'r4c7', 'r5c0', 'r5c1', 'r5c2', 'r5c3', 'r5c4', 'r5c5', 'r5c6', 'r5c7']",6,8,210.9133758544922,0,0,0,none,0.0,0.0,0.0
98,99,695,701,6.5325927734375,-0.0921478271484375,207,0.516209476309227,0.6875,0.9875,0.17951472103595734,0.43902439024390244,0.0162313343361985,True,1.0,True,[],adjacent,True,401,401,401,393,207,0.9800498753117207,0.5267175572519084,0.516209476309227,0.00981714203953743,1.3902972336890675,4.188549778219674,12.095483050622537,207,162,6,133.5689999999995,1.0,0.0,full_calibrated_frame,gray,21,3,False,48,33,"['r0c0', 'r0c1', 'r0c3', 'r0c4', 'r0c6', 'r0c7', 'r1c0', 'r1c1', 'r1c2', 'r1c3', 'r1c6', 'r1c7', 'r2c6', 'r2c7', 'r3c0', 'r3c6', 'r3c7', 'r4c0', 'r4c1', 'r4c2', 'r4c3', 'r4c4', 'r4c5', 'r4c6', 'r4c7', 'r5c0', 'r5c1', 'r5c2', 'r5c3', 'r5c4', 'r5c5', 'r5c6', 'r5c7']",6,8,210.9133758544922,0,0,0,none,0.0,0.0,0.0
0,2,54,66,3.225067138671875,-0.0493316650390625,362,0.8044444444444444,0.9583333333333334,0.9833333333333333,0.19905522465705872,0.11491442542787286,0.009373914471337064,True,1.0,True,[],skip,True,450,450,449,426,362,0.9466666666666667,0.8497652582159625,0.8044444444444444,0.008166498504579067,0.9110715880313203,2.5593090729821846,6.773945665687777,362,47,12,267.1360000000004,1.0,0.0,full_calibrated_frame,gray,21,3,False,48,46,"['r0c0', 'r0c1', 'r0c2', 'r0c3', 'r0c4', 'r0c5', 'r0c6', 'r0c7', 'r1c1', 'r1c2', 'r1c3', 'r1c4', 'r1c5', 'r1c6', 'r1c7', 'r2c0', 'r2c1', 'r2c2', 'r2c3', 'r2c4', 'r2c5', 'r2c6', 'r2c7', 'r3c0', 'r3c1', 'r3c2', 'r3c3', 'r3c4', 'r3c6', 'r3c7', 'r4c0', 'r4c1', 'r4c2', 'r4c3', 'r4c4', 'r4c5', 'r4c6', 'r4c7', 'r5c0', 'r5c1', 'r5c2', 'r5c3', 'r5c4', 'r5c5', 'r5c6', 'r5c7']",6,8,210.9133758544922,0,0,0,none,0.0,0.0,0.0
1,3,60,72,3.7287979125976562,-0.08869171142578125,288,0.64,0.8541666666666666,0.9791666666666666,0.20232994854450226,0.23607427055702918,0.012130558636431532,True,1.0,True,[],skip,True,450,447,447,435,288,0.9666666666666667,0.6620689655172414,0.64,0.011326177045702934,1.3148020781794985,3.1866876815549383,5.812028702238216,288,89,12,267.1360000000004,1.0,0.0,full_calibrated_frame,gray,21,3,False,48,41,"['r0c0', 'r0c1', 'r0c2', 'r0c3', 'r0c4', 'r0c5', 'r0c6', 'r0c7', 'r1c1', 'r1c2', 'r1c3', 'r1c4', 'r1c5', 'r1c6', 'r1c7', 'r2c0', 'r2c2', 'r2c3', 'r2c4', 'r2c5', 'r2c6', 'r2c7', 'r3c1', 'r3c2', 'r3c3', 'r3c4', 'r3c6', 'r3c7', 'r4c2', 'r4c3', 'r4c4', 'r4c5', 'r4c6', 'r4c7', 'r5c0', 'r5c2', 'r5c3', 'r5c4', 'r5c5', 'r5c6', 'r5c7']",6,8,210.9133758544922,0,0,0,none,0.0,0.0,0.0
2,4,66,78,5.262481689453125,-0.08358001708984375,245,0.5530474040632054,0.7083333333333334,0.9583333333333334,0.15647026896476746,0.3734015345268542,0.01296791898311489,True,1.0,True,[],skip,True,443,433,433,421,245,0.9503386004514672,0.5819477434679335,0.5530474040632054,0.010302169248461723,0.9916294308843339,4.813024595238394,8.153264645787408,245,146,12,283.83200000000033,1.0,0.0,full_calibrated_frame,gray,21,3,False,48,34,"['r0c0', 'r0c1', 'r0c2', 'r0c3', 'r0c4', 'r0c5', 'r1c0', 'r1c1', 'r1c2', 'r1c3', 'r1c4', 'r1c5', 'r1c7', 'r2c0', 'r2c1', 'r3c0', 'r3c1', 'r3c3', 'r4c0', 'r4c1', 'r4c2', 'r4c3', 'r4c4', 'r4c5', 'r4c6', 'r4c7', 'r5c0', 'r5c1', 'r5c2', 'r5c3', 'r5c4', 'r5c5', 'r5c6', 'r5c7']",6,8,210.9133758544922,0,0,0,none,0.0,0.0,0.0
3,5,72,84,5.5496826171875,-0.1585693359375,239,0.5558139534883721,0.6875,0.9625,0.22589276731014252,0.38242894056847543,0.013625833592602832,True,1.0,True,[],skip,True,430,425,424,407,239,0.9465116279069767,0.5872235872235873,0.5558139534883721,0.013801513239741325,1.034839552520528,3.4847404274915266,6.388020836695156,239,148,12,283.8319999999985,1.0,0.0,full_calibrated_frame,gray,21,3,False,48,33,"['r0c0', 'r0c1', 'r0c2', 'r0c3', 'r0c4', 'r0c5', 'r1c0', 'r1c1', 'r1c2', 'r1c3', 'r1c4', 'r1c5', 'r1c7', 'r2c0', 'r2c1', 'r3c0', 'r3c1', 'r4c0', 'r4c1', 'r4c2', 'r4c3', 'r4c4', 'r4c5', 'r4c6', 'r4c7', 'r5c0', 'r5c1', 'r5c2', 'r5c3', 'r5c4', 'r5c5', 'r5c6', 'r5c7']",6,8,210.9133758544922,0,0,0,none,0.0,0.0,0.0
4,6,78,90,7.661903381347656,-0.18310928344726562,207,0.47045454545454546,0.6458333333333334,0.9625,0.26128050684928894,0.4435483870967742,0.018892958975086027,True,1.0,True,[],skip,True,440,435,433,409,207,0.9295454545454546,0.5061124694376528,0.47045454545454546,0.01769978739321232,1.4184383025724163,6.391714771974401,7.732784909114758,207,165,12,283.83200000000033,1.0,0.0,full_calibrated_frame,gray,21,3,False,48,31,"['r0c0', 'r0c1', 'r0c2', 'r0c3', 'r0c4', 'r0c5', 'r1c0', 'r1c1', 'r1c2', 'r1c3', 'r1c4', 'r1c5', 'r1c7', 'r2c0', 'r2c1', 'r3c0', 'r3c1', 'r4c0', 'r4c1', 'r4c4', 'r4c5', 'r4c6', 'r4c7', 'r5c0', 'r5c1', 'r5c2', 'r5c3', 'r5c4', 'r5c5', 'r5c6', 'r5c7']",6,8,210.9133758544922,0,0,0,none,0.0,0.0,0.0
5,7,84,97,10.057365417480469,-0.091888427734375,182,0.4145785876993166,0.6041666666666666,0.9541666666666667,0.27783942222595215,0.44,0.0234343771777078,True,1.0,True,[],skip,True,439,433,430,399,182,0.908883826879271,0.45614035087719296,0.4145785876993166,0.01763322576880455,2.053379221505067,7.509990354691133,11.335863785505376,182,143,13,283.83300000000054,1.0,0.0,full_calibrated_frame,gray,21,3,False,48,29,"['r0c0', 'r0c1', 'r0c2', 'r0c3', 'r0c4', 'r0c5', 'r1c0', 'r1c1', 'r1c2', 'r1c3', 'r1c4', 'r1c5', 'r1c7', 'r2c0', 'r2c1', 'r3c0', 'r3c1', 'r4c0', 'r4c1', 'r4c6', 'r4c7', 'r5c0', 'r5c1', 'r5c2', 'r5c3', 'r5c4', 'r5c5', 'r5c6', 'r5c7']",6,8,210.9133758544922,0,0,0,none,0.0,0.0,0.0
6,8,90,104,10.727283477783203,-0.20839881896972656,189,0.4276018099547511,0.5833333333333334,0.9625,0.2572472095489502,0.4056603773584906,0.02529336677581684,True,1.0,True,[],skip,True,442,436,431,398,189,0.9004524886877828,0.4748743718592965,0.4276018099547511,0.017740977928042412,1.8247906780725667,7.791939601288831,10.843797876224313,189,129,14,267.1369999999988,1.0,0.0,full_calibrated_frame,gray,21,3,False,48,28,"['r0c0', 'r0c1', 'r0c2', 'r0c3', 'r0c4', 'r0c5', 'r1c0', 'r1c1', 'r1c2', 'r1c3', 'r1c4', 'r1c5', 'r1c7', 'r2c0', 'r2c1', 'r3c0', 'r3c1', 'r4c1', 'r4c6', 'r4c7', 'r5c0', 'r5c1', 'r5c2', 'r5c3', 'r5c4', 'r5c5', 'r5c6', 'r5c7']",6,8,210.9133758544922,0,0,0,none,0.0,0.0,0.0
7,9,97,111,10.798179626464844,-0.20317745208740234,178,0.3991031390134529,0.5833333333333334,0.9375,0.3692246973514557,0.4201954397394137,0.02589659879006212,True,0.9742747673782157,False,['insufficient_model_inlier_ratio_retained'],skip,True,446,439,438,406,178,0.9103139013452914,0.43842364532019706,0.3991031390134529,0.01669367402791977,2.1108073646572647,9.367476887562356,16.11275870477858,178,129,14,267.1360000000004,1.0,0.0,full_calibrated_frame,gray,21,3,False,48,28,"['r0c0', 'r0c1', 'r0c2', 'r0c3', 'r0c4', 'r0c5', 'r1c0', 'r1c1', 'r1c2', 'r1c3', 'r1c4', 'r1c5', 'r1c7', 'r2c0', 'r2c1', 'r3c0', 'r3c1', 'r4c1', 'r4c6', 'r4c7', 'r5c0', 'r5c1', 'r5c2', 'r5c3', 'r5c4', 'r5c5', 'r5c6', 'r5c7']",6,8,210.9133758544922,0,0,0,none,0.0,0.0,0.0
8,10,104,118,10.532699584960938,-0.11678123474121094,181,0.41043083900226757,0.5416666666666666,0.9541666666666667,0.35575568675994873,0.4253968253968254,0.026735211618238997,True,0.9955995599559956,False,['insufficient_model_inlier_ratio_retained'],skip,True,441,435,435,404,181,0.9160997732426304,0.44801980198019803,0.41043083900226757,0.017136812210083008,2.1890020366907796,8.145873856407773,12.053359351487607,181,134,14,283.83200000000033,1.0,0.0,full_calibrated_frame,gray,21,3,False,48,26,"['r0c0', 'r0c1', 'r0c2', 'r0c3', 'r0c4', 'r1c0', 'r1c1', 'r1c2', 'r1c3', 'r1c4', 'r1c7', 'r2c0', 'r2c1', 'r3c0', 'r3c1', 'r4c0', 'r4c6', 'r4c7', 'r5c0', 'r5c1', 'r5c2', 'r5c3', 'r5c4', 'r5c5', 'r5c6', 'r5c7']",6,8,210.9133758544922,0,0,0,none,0.0,0.0,0.0
9,11,111,125,9.931880950927734,-0.26203155517578125,175,0.38802660753880264,0.5416666666666666,0.9541666666666667,0.31473487615585327,0.4582043343653251,0.02492463582261184,True,0.9462016761286833,False,"['insufficient_model_inlier_ratio_retained', 'excessive_parallax_clusters']",skip,True,451,435,435,411,175,0.9113082039911308,0.4257907542579075,0.38802660753880264,0.02526501752436161,2.425987077357143,7.882203157190748,11.30461002208978,175,148,14,283.83200000000033,1.0,0.0,full_calibrated_frame,gray,21,3,False,48,26,"['r0c0', 'r0c1', 'r0c2', 'r0c3', 'r0c4', 'r1c0', 'r1c1', 'r1c2', 'r1c3', 'r1c4', 'r1c7', 'r2c0', 'r2c1', 'r3c0', 'r3c1', 'r4c0', 'r4c6', 'r4c7', 'r5c0', 'r5c1', 'r5c2', 'r5c3', 'r5c4', 'r5c5', 'r5c6', 'r5c7']",6,8,210.9133758544922,0,0,0,none,0.0,0.0,0.0
10,12,118,131,8.880264282226562,-0.22788619995117188,169,0.38148984198645597,0.5833333333333334,0.9541666666666667,0.28634214401245117,0.49096385542168675,0.02149634133162881,True,0.9255202628696604,False,"['insufficient_model_inlier_ratio_retained', 'excessive_parallax_clusters']",skip,True,443,424,424,391,169,0.8826185101580135,0.4322250639386189,0.38148984198645597,0.019561151042580605,1.944470473225795,7.3113763475797295,10.110806193515003,169,163,13,267.1360000000004,1.0,0.0,full_calibrated_frame,gray,21,3,False,48,28,"['r0c0', 'r0c1', 'r0c2', 'r0c3', 'r0c4', 'r1c0', 'r1c1', 'r1c2', 'r1c3', 'r1c4', 'r1c7', 'r2c0', 'r2c1', 'r3c0', 'r3c1', 'r4c3', 'r4c4', 'r4c5', 'r4c6', 'r4c7', 'r5c0', 'r5c1', 'r5c2', 'r5c3', 'r5c4', 'r5c5', 'r5c6', 'r5c7']",6,8,210.9133758544922,0,0,0,none,0.0,0.0,0.0
11,13,125,137,5.244476318359375,-0.0297393798828125,166,0.38967136150234744,0.6458333333333334,0.7791666666666667,0.2612307667732239,0.5,0.021266364553616746,True,0.9090909090909091,False,"['insufficient_model_inlier_ratio_retained', 'excessive_parallax_clusters']",skip,True,426,408,404,386,166,0.9061032863849765,0.43005181347150256,0.38967136150234744,0.013030722737312317,1.9830733820755817,4.698017075707024,5.387495734972224,166,166,12,267.1359999999986,1.0,0.0,full_calibrated_frame,gray,21,3,False,48,31,"['r0c2', 'r0c4', 'r0c5', 'r0c6', 'r0c7', 'r1c2', 'r1c3', 'r1c5', 'r1c6', 'r1c7', 'r2c1', 'r2c2', 'r2c3', 'r2c4', 'r2c5', 'r2c6', 'r2c7', 'r3c1', 'r3c2', 'r3c3', 'r3c4', 'r3c5', 'r3c6', 'r3c7', 'r4c1', 'r4c2', 'r4c3', 'r4c4', 'r4c5', 'r4c6', 'r4c7']",6,8,210.9133758544922,0,0,0,none,0.0,0.0,0.0
12,14,131,143,9.602546691894531,-0.07318878173828125,161,0.36425339366515835,0.5833333333333334,0.95,0.31592708826065063,0.4872611464968153,0.023256951542275806,True,0.8966861598440545,False,"['insufficient_model_inlier_ratio_retained', 'excessive_parallax_clusters']",skip,True,442,436,433,399,161,0.9027149321266968,0.40350877192982454,0.36425339366515835,0.016032638028264046,2.1751687221226135,7.777048540663755,15.820768721718961,161,153,12,283.83200000000033,1.0,0.0,full_calibrated_frame,gray,21,3,False,48,28,"['r0c0', 'r0c1', 'r0c2', 'r0c3', 'r0c4', 'r1c0', 'r1c1', 'r1c2', 'r1c3', 'r1c4', 'r1c6', 'r1c7', 'r2c0', 'r2c1', 'r3c0', 'r3c1', 'r4c0', 'r4c3', 'r4c6', 'r4c7', 'r5c0', 'r5c1', 'r5c2', 'r5c3', 'r5c4', 'r5c5', 'r5c6', 'r5c7']",6,8,210.9133758544922,0,0,0,none,0.0,0.0,0.0
13,15,137,150,11.198064804077148,-0.1533069610595703,145,0.3333333333333333,0.5625,0.9333333333333333,0.3607938885688782,0.47653429602888087,0.027713957461475203,True,0.8262108262108262,False,"['insufficient_model_inlier_ratio_retained', 'excessive_parallax_clusters']",skip,True,435,431,426,390,145,0.896551724137931,0.3717948717948718,0.3333333333333333,0.023893406614661217,2.738003808593342,9.689200815115592,12.624707308852265,145,132,13,300.52900000000045,1.0,0.0,full_calibrated_frame,gray,21,3,False,48,27,"['r0c0', 'r0c1', 'r0c2', 'r0c3', 'r0c4', 'r1c0', 'r1c1', 'r1c2', 'r1c3', 'r1c4', 'r1c6', 'r1c7', 'r2c0', 'r3c0', 'r3c1', 'r4c0', 'r4c3', 'r4c6', 'r4c7', 'r5c0', 'r5c1', 'r5c2', 'r5c3', 'r5c4', 'r5c5', 'r5c6', 'r5c7']",6,8,210.9133758544922,0,0,0,none,0.0,0.0,0.0
14,16,143,156,10.418746948242188,-0.2278118133544922,139,0.31447963800904977,0.625,0.8791666666666667,0.376957505941391,0.4963768115942029,0.02655602336602314,True,0.778057654631962,False,"['insufficient_model_inlier_ratio_retained', 'excessive_parallax_clusters']",skip,True,442,438,437,397,139,0.8981900452488688,0.3501259445843829,0.31447963800904977,0.026824722066521645,2.2792192488696776,9.38489987432516,12.7826183676721,139,137,13,283.83300000000054,1.0,0.0,full_calibrated_frame,gray,21,3,False,48,30,"['r0c0', 'r0c1', 'r0c2', 'r0c3', 'r0c4', 'r1c0', 'r1c1', 'r1c2', 'r1c3', 'r1c4', 'r1c6', 'r1c7', 'r2c0', 'r3c0', 'r3c1', 'r4c0', 'r4c1', 'r4c3', 'r4c4', 'r4c5', 'r4c6', 'r4c7', 'r5c0', 'r5c1', 'r5c2', 'r5c3', 'r5c4', 'r5c5', 'r5c6', 'r5c7']",6,8,210.9133758544922,0,0,0,none,0.0,0.0,0.0
15,17,150,163,9.271492004394531,-0.25054931640625,160,0.35555555555555557,0.6041666666666666,0.8875,0.3445878028869629,0.5031055900621118,0.02348354995346058,True,0.8911166805903648,False,"['insufficient_model_inlier_ratio_retained', 'excessive_parallax_clusters']",skip,True,450,436,432,399,160,0.8866666666666667,0.40100250626566414,0.35555555555555557,0.02334713377058506,1.9770311573574542,7.568863074376654,10.824406237964512,160,162,13,283.83200000000033,1.0,0.0,full_calibrated_frame,gray,21,3,False,48,29,"['r0c0', 'r0c1', 'r0c2', 'r0c3', 'r0c4', 'r1c0', 'r1c1', 'r1c3', 'r1c4', 'r1c6', 'r1c7', 'r2c0', 'r3c0', 'r3c1', 'r4c0', 'r4c1', 'r4c3', 'r4c4', 'r4c5', 'r4c6', 'r4c7', 'r5c0', 'r5c1', 'r5c2', 'r5c3', 'r5c4', 'r5c5', 'r5c6', 'r5c7']",6,8,210.9133758544922,0,0,0,none,0.0,0.0,0.0
16,18,156,170,8.6651611328125,-0.17059326171875,188,0.4292237442922374,0.6458333333333334,0.875,0.3226794898509979,0.45348837209302323,0.02271239939421288,True,0.9936575052854123,False,['excessive_parallax_clusters'],skip,True,438,435,428,401,188,0.9155251141552512,0.4688279301745636,0.4292237442922374,0.01900346577167511,1.7650622451736564,6.829426409838694,10.013737652564638,188,156,14,283.8319999999985,1.0,0.0,full_calibrated_frame,gray,21,3,False,48,31,"['r0c0', 'r0c1', 'r0c2', 'r0c3', 'r0c4', 'r1c0', 'r1c2', 'r1c3', 'r1c4', 'r1c6', 'r1c7', 'r2c0', 'r3c0', 'r3c1', 'r3c6', 'r4c0', 'r4c1', 'r4c2', 'r4c3', 'r4c4', 'r4c5', 'r4c6', 'r4c7', 'r5c0', 'r5c1', 'r5c2', 'r5c3', 'r5c4', 'r5c5', 'r5c6', 'r5c7']",6,8,210.9133758544922,0,0,0,none,0.0,0.0,0.0
17,19,163,176,8.380508422851562,-0.08232688903808594,186,0.42758620689655175,0.6041666666666666,0.8833333333333333,0.34633612632751465,0.48760330578512395,0.023032140407418744,True,0.9316303531179565,False,['excessive_parallax_clusters'],skip,True,435,429,429,407,186,0.9356321839080459,0.457002457002457,0.42758620689655175,0.017124172300100327,1.7762173901087732,5.686140485347821,10.290006973967621,186,177,13,267.1360000000004,1.0,0.0,full_calibrated_frame,gray,21,3,False,48,29,"['r0c0', 'r0c1', 'r0c2', 'r0c3', 'r0c4', 'r1c0', 'r1c2', 'r1c3', 'r1c6', 'r1c7', 'r2c0', 'r3c0', 'r3c6', 'r4c0', 'r4c1', 'r4c2', 'r4c3', 'r4c4', 'r4c5', 'r4c6', 'r4c7', 'r5c0', 'r5c1', 'r5c2', 'r5c3', 'r5c4', 'r5c5', 'r5c6', 'r5c7']",6,8,210.9133758544922,0,0,0,none,0.0,0.0,0.0
18,20,170,183,5.42279052734375,-0.0055694580078125,178,0.40271493212669685,0.6041666666666666,0.7583333333333333,0.2723912000656128,0.510989010989011,0.02342563945264675,True,0.8891108891108891,False,"['insufficient_model_inlier_ratio_retained', 'excessive_parallax_clusters']",skip,True,442,437,437,412,178,0.9321266968325792,0.4320388349514563,0.40271493212669685,0.0192958265542984,1.8693921282378754,4.573119905954773,7.198100903933584,178,186,13,267.1360000000004,1.0,0.0,full_calibrated_frame,gray,21,3,False,48,29,"['r0c1', 'r0c2', 'r0c4', 'r0c5', 'r0c6', 'r0c7', 'r1c4', 'r1c5', 'r1c7', 'r2c1', 'r2c2', 'r2c3', 'r2c4', 'r2c5', 'r2c6', 'r2c7', 'r3c0', 'r3c1', 'r3c2', 'r3c3', 'r3c4', 'r3c5', 'r3c6', 'r3c7', 'r4c1', 'r4c2', 'r4c3', 'r4c4', 'r4c6']",6,8,210.9133758544922,0,0,0,none,0.0,0.0,0.0
19,21,176,189,8.30828857421875,-0.107818603515625,189,0.42857142857142855,0.5833333333333334,0.875,0.4124155640602112,0.45217391304347826,0.022604265614824648,True,0.9960474308300393,False,['excessive_parallax_clusters'],skip,True,441,431,429,403,189,0.9138321995464853,0.46898263027295284,0.42857142857142855,0.020798087120056152,1.7573991700835248,7.260949923147758,12.997565192174399,189,156,13,267.1360000000004,1.0,0.0,full_calibrated_frame,gray,21,3,False,48,28,"['r0c0', 'r0c1', 'r0c2', 'r0c3', 'r1c0', 'r1c2', 'r1c3', 'r1c4', 'r1c6', 'r2c0', 'r3c0', 'r3c6', 'r4c0', 'r4c1', 'r4c2', 'r4c3', 'r4c4', 'r4c5', 'r4c6', 'r4c7', 'r5c0', 'r5c1', 'r5c2', 'r5c3', 'r5c4', 'r5c5', 'r5c6', 'r5c7']",6,8,210.9133758544922,0,0,0,none,0.0,0.0,0.0
20,22,183,195,8.124786376953125,-0.2635669708251953,182,0.4053452115812918,0.6041666666666666,0.8833333333333333,0.4724535048007965,0.4550898203592814,0.021695214996799328,True,0.9907457811649427,False,['excessive_parallax_clusters'],skip,True,449,426,424,399,182,0.888641425389755,0.45614035087719296,0.4053452115812918,0.02760046347975731,1.7115600847684662,6.683839142269778,15.956407408215691,182,152,12,267.1360000000004,1.0,0.0,full_calibrated_frame,gray,21,3,False,48,29,"['r0c0', 'r0c1', 'r0c2', 'r0c3', 'r0c6', 'r1c2', 'r1c3', 'r1c4', 'r1c5', 'r1c6', 'r2c0', 'r3c0', 'r3c6', 'r4c0', 'r4c1', 'r4c2', 'r4c3', 'r4c4', 'r4c5', 'r4c6', 'r4c7', 'r5c0', 'r5c1', 'r5c2', 'r5c3', 'r5c4', 'r5c5', 'r5c6', 'r5c7']",6,8,210.9133758544922,0,0,0,none,0.0,0.0,0.0
21,23,189,202,5.452156066894531,-0.19685745239257812,184,0.40618101545253865,0.6458333333333334,0.775,0.2964801490306854,0.4682080924855491,0.021811811792101787,True,0.9668943772990014,False,['excessive_parallax_clusters'],skip,True,453,430,427,402,184,0.8874172185430463,0.4577114427860697,0.40618101545253865,0.02100008726119995,1.6747436839139296,4.664165591896764,9.847835449970479,184,162,13,267.1369999999988,1.0,0.0,full_calibrated_frame,gray,21,3,False,48,31,"['r0c1', 'r0c4', 'r0c5', 'r0c6', 'r0c7', 'r1c2', 'r1c4', 'r1c5', 'r1c6', 'r1c7', 'r2c1', 'r2c2', 'r2c3', 'r2c4', 'r2c5', 'r2c6', 'r2c7', 'r3c0', 'r3c1', 'r3c2', 'r3c3', 'r3c4', 'r3c5', 'r3c6', 'r3c7', 'r4c1', 'r4c2', 'r4c3', 'r4c4', 'r4c6', 'r4c7']",6,8,210.9133758544922,0,0,0,none,0.0,0.0,0.0
22,24,195,208,5.387916564941406,-0.08943939208984375,184,0.42298850574712643,0.6666666666666666,0.775,0.35463157296180725,0.4697406340057637,0.021306179229561517,True,0.9641079381713387,False,['excessive_parallax_clusters'],skip,True,435,427,425,398,184,0.9149425287356322,0.4623115577889447,0.42298850574712643,0.01738474890589714,1.6543110871421751,4.565558902410466,7.88510914641756,184,163,13,267.1370000000006,1.0,0.0,full_calibrated_frame,gray,21,3,False,48,32,"['r0c1', 'r0c3', 'r0c4', 'r0c5', 'r0c6', 'r0c7', 'r1c4', 'r1c5', 'r1c6', 'r1c7', 'r2c1', 'r2c2', 'r2c3', 'r2c4', 'r2c5', 'r2c6', 'r2c7', 'r3c0', 'r3c1', 'r3c2', 'r3c3', 'r3c4', 'r3c5', 'r3c6', 'r3c7', 'r4c1', 'r4c2', 'r4c3', 'r4c4', 'r4c5', 'r4c6', 'r4c7']",6,8,210.9133758544922,0,0,0,none,0.0,0.0,0.0
23,25,202,215,5.225269317626953,-0.0789947509765625,178,0.4018058690744921,0.6666666666666666,0.775,0.3074720501899719,0.48405797101449277,0.020781313526844924,True,0.9380764163372858,False,"['insufficient_model_inlier_ratio_retained', 'excessive_parallax_clusters']",skip,True,443,431,425,398,178,0.8984198645598194,0.4472361809045226,0.4018058690744921,0.014840656891465187,1.7265771886337378,4.74142819021405,6.917019516147241,178,167,13,267.1360000000004,1.0,0.0,full_calibrated_frame,gray,21,3,False,48,32,"['r0c1', 'r0c3', 'r0c4', 'r0c5', 'r0c6', 'r0c7', 'r1c4', 'r1c5', 'r1c6', 'r1c7', 'r2c0', 'r2c1', 'r2c2', 'r2c3', 'r2c4', 'r2c5', 'r2c6', 'r2c7', 'r3c0', 'r3c1', 'r3c2', 'r3c4', 'r3c5', 'r3c6', 'r3c7', 'r4c1', 'r4c2', 'r4c3', 'r4c4', 'r4c5', 'r4c6', 'r4c7']",6,8,210.9133758544922,0,0,0,none,0.0,0.0,0.0
24,26,208,222,5.055778503417969,-0.04673194885253906,195,0.43429844097995546,0.7083333333333334,0.9208333333333333,0.3762098252773285,0.453781512605042,0.02108515815127926,True,0.9931245225362872,False,['excessive_parallax_clusters'],skip,True,449,441,433,412,195,0.9175946547884187,0.4733009708737864,0.43429844097995546,0.01443084143102169,1.651556122179327,5.1135157960337665,11.284056788836756,195,162,14,267.1359999999986,1.0,0.0,full_calibrated_frame,gray,21,3,False,48,34,"['r0c1', 'r0c3', 'r0c4', 'r0c5', 'r0c6', 'r0c7', 'r1c4', 'r1c5', 'r1c6', 'r1c7', 'r2c0', 'r2c1', 'r2c2', 'r2c3', 'r2c4', 'r2c5', 'r2c6', 'r2c7', 'r3c0', 'r3c1', 'r3c2', 'r3c3', 'r3c4', 'r3c5', 'r3c6', 'r3c7', 'r4c1', 'r4c2', 'r4c3', 'r4c4', 'r4c5', 'r4c6', 'r4c7', 'r5c1']",6,8,210.9133758544922,0,0,0,none,0.0,0.0,0.0
25,27,215,229,8.144561767578125,-0.1226959228515625,192,0.42761692650334077,0.5625,0.9,0.35174646973609924,0.473972602739726,0.022348768003974284,True,0.9564134495641345,False,['excessive_parallax_clusters'],skip,True,449,446,444,420,192,0.9354120267260579,0.45714285714285713,0.42761692650334077,0.020308462902903557,1.7680836140332152,7.734896435404293,9.430859153431989,192,173,14,283.83200000000033,1.0,0.0,full_calibrated_frame,gray,21,3,False,48,27,"['r0c0', 'r0c1', 'r0c2', 'r0c3', 'r0c7', 'r1c2', 'r1c3', 'r1c4', 'r1c5', 'r1c6', 'r1c7', 'r4c0', 'r4c1', 'r4c2', 'r4c3', 'r4c4', 'r4c5', 'r4c6', 'r4c7', 'r5c0', 'r5c1', 'r5c2', 'r5c3', 'r5c4', 'r5c5', 'r5c6', 'r5c7']",6,8,210.9133758544922,0,0,0,none,0.0,0.0,0.0
26,28,222,236,5.2453460693359375,-0.16496658325195312,183,0.4057649667405765,0.6875,0.7791666666666667,0.27591705322265625,0.4930747922437673,0.022214901985353086,True,0.9216821959204231,False,"['insufficient_model_inlier_ratio_retained', 'excessive_parallax_clusters']",skip,True,451,451,450,418,183,0.926829268292683,0.43779904306220097,0.4057649667405765,0.020331092178821564,1.847460897972108,4.985583298513436,7.942837560540082,183,178,14,283.83200000000033,1.0,0.0,full_calibrated_frame,gray,21,3,False,48,33,"['r0c2', 'r0c3', 'r0c4', 'r0c5', 'r0c6', 'r0c7', 'r1c4', 'r1c5', 'r1c6', 'r1c7', 'r2c0', 'r2c1', 'r2c2', 'r2c3', 'r2c4', 'r2c5', 'r2c6', 'r2c7', 'r3c0', 'r3c1', 'r3c2', 'r3c3', 'r3c4', 'r3c5', 'r3c6', 'r3c7', 'r4c0', 'r4c1', 'r4c2', 'r4c3', 'r4c4', 'r4c5', 'r4c7']",6,8,210.9133758544922,0,0,0,none,0.0,0.0,0.0
27,29,229,242,5.216766357421875,-0.20298004150390625,204,0.45434298440979953,0.6875,0.7875,0.3402099609375,0.4410958904109589,0.020786772619586558,True,1.0,True,[],skip,True,449,446,444,423,204,0.9420935412026726,0.48226950354609927,0.45434298440979953,0.02090616710484028,1.6083037970337322,5.1537050179047394,8.615255717491056,204,161,13,267.1360000000004,1.0,0.0,full_calibrated_frame,gray,21,3,False,48,33,"['r0c3', 'r0c4', 'r0c5', 'r0c6', 'r0c7', 'r1c4', 'r1c5', 'r1c6', 'r1c7', 'r2c0', 'r2c1', 'r2c2', 'r2c3', 'r2c4', 'r2c5', 'r2c6', 'r2c7', 'r3c0', 'r3c1', 'r3c2', 'r3c3', 'r3c4', 'r3c5', 'r3c6', 'r3c7', 'r4c0', 'r4c1', 'r4c2', 'r4c3', 'r4c4', 'r4c5', 'r4c6', 'r4c7']",6,8,210.9133758544922,0,0,0,none,0.0,0.0,0.0
28,30,236,248,5.409942626953125,-0.13414764404296875,180,0.40540540540540543,0.625,0.7666666666666667,0.27061930298805237,0.4957983193277311,0.022654610830491806,True,0.9167303284950343,False,"['insufficient_model_inlier_ratio_retained', 'excessive_parallax_clusters']",skip,True,444,438,438,418,180,0.9414414414414415,0.430622009569378,0.40540540540540543,0.018649330362677574,1.968950735088125,4.84157182815667,7.283714355068952,180,177,12,267.1370000000006,1.0,0.0,full_calibrated_frame,gray,21,3,False,48,30,"['r0c3', 'r0c4', 'r0c5', 'r0c6', 'r1c4', 'r1c5', 'r1c6', 'r1c7', 'r2c0', 'r2c1', 'r2c2', 'r2c3', 'r2c4', 'r2c5', 'r2c6', 'r2c7', 'r3c0', 'r3c1', 'r3c2', 'r3c3', 'r3c4', 'r3c5', 'r3c6', 'r3c7', 'r4c0', 'r4c1', 'r4c2', 'r4c3', 'r4c5', 'r4c7']",6,8,210.9133758544922,0,0,0,none,0.0,0.0,0.0
29,31,242,256,6.2082366943359375,-0.1095881462097168,175,0.3977272727272727,0.6666666666666666,0.8041666666666667,0.30040857195854187,0.45987654320987653,0.02569023321346653,True,0.9673852957435047,False,"['insufficient_model_inlier_ratio_retained', 'excessive_parallax_clusters']",skip,True,440,436,426,402,175,0.9136363636363637,0.43532338308457713,0.3977272727272727,0.017886757850646973,1.858673879361489,5.086277397480443,7.64681716245715,175,149,14,283.8329999999987,1.0,0.0,full_calibrated_frame,gray,21,3,False,48,32,"['r0c2', 'r0c3', 'r0c4', 'r0c5', 'r0c6', 'r1c2', 'r1c4', 'r1c6', 'r1c7', 'r2c0', 'r2c1', 'r2c2', 'r2c3', 'r2c4', 'r2c5', 'r2c6', 'r3c0', 'r3c1', 'r3c2', 'r3c3', 'r3c4', 'r3c5', 'r3c6', 'r3c7', 'r4c0', 'r4c1', 'r4c2', 'r4c3', 'r4c4', 'r4c5', 'r4c6', 'r4c7']",6,8,210.9133758544922,0,0,0,none,0.0,0.0,0.0
30,32,248,263,5.57550048828125,-0.0754241943359375,169,0.38672768878718533,0.5625,0.7416666666666667,0.30019301176071167,0.4831804281345566,0.0239440941387028,True,0.931899641577061,False,"['insufficient_model_inlier_ratio_retained', 'excessive_parallax_clusters']",skip,True,437,434,417,403,169,0.9221967963386728,0.41935483870967744,0.38672768878718533,0.01856587640941143,2.059329770678059,5.6697602430740215,9.78144773050712,169,158,15,283.83200000000033,1.0,0.0,full_calibrated_frame,gray,21,3,False,48,27,"['r0c2', 'r0c3', 'r0c4', 'r0c5', 'r0c6', 'r1c2', 'r1c4', 'r1c6', 'r1c7', 'r2c0', 'r2c1', 'r2c2', 'r2c3', 'r2c4', 'r2c5', 'r2c6', 'r3c0', 'r3c1', 'r3c2', 'r3c4', 'r3c5', 'r3c6', 'r3c7', 'r4c0', 'r4c2', 'r4c3', 'r4c7']",6,8,210.9133758544922,0,0,0,none,0.0,0.0,0.0
31,33,256,270,5.071258544921875,-0.08167457580566406,203,0.4720930232558139,0.6458333333333334,0.8166666666666667,0.22815518081188202,0.44986449864498645,0.020382889547494287,True,1.0,True,[],skip,True,430,428,426,409,203,0.9511627906976744,0.4963325183374083,0.4720930232558139,0.014155485667288303,1.5157650153961646,4.479534775949474,8.27186802708299,203,166,14,267.1360000000004,1.0,0.0,full_calibrated_frame,gray,21,3,False,48,31,"['r0c3', 'r0c4', 'r0c5', 'r0c6', 'r1c4', 'r1c6', 'r1c7', 'r2c0', 'r2c1', 'r2c2', 'r2c3', 'r2c4', 'r2c5', 'r2c6', 'r2c7', 'r3c0', 'r3c1', 'r3c2', 'r3c3', 'r3c4', 'r3c5', 'r3c6', 'r3c7', 'r4c0', 'r4c1', 'r4c2', 'r4c3', 'r4c4', 'r4c5', 'r4c6', 'r4c7']",6,8,210.9133758544922,0,0,0,none,0.0,0.0,0.0
32,34,263,276,5.0623931884765625,-0.19674301147460938,194,0.44907407407407407,0.6666666666666666,0.8666666666666667,0.31502434611320496,0.4713896457765668,0.020801900250932093,True,0.9611097349516968,False,['excessive_parallax_clusters'],skip,True,432,427,426,411,194,0.9513888888888888,0.4720194647201946,0.44907407407407407,0.01887127384543419,1.6326688618572345,4.481095233689955,9.061078224295235,194,173,13,267.1359999999986,1.0,0.0,full_calibrated_frame,gray,21,3,False,48,32,"['r0c2', 'r0c3', 'r0c4', 'r0c5', 'r0c6', 'r1c4', 'r1c6', 'r1c7', 'r2c0', 'r2c1', 'r2c2', 'r2c3', 'r2c4', 'r2c5', 'r2c6', 'r2c7', 'r3c0', 'r3c1', 'r3c2', 'r3c3', 'r3c4', 'r3c5', 'r3c6', 'r3c7', 'r4c1', 'r4c2', 'r4c3', 'r4c4', 'r4c5', 'r4c6', 'r4c7', 'r5c7']",6,8,210.9133758544922,0,0,0,none,0.0,0.0,0.0
33,35,270,283,5.2370758056640625,-0.16474151611328125,202,0.45495495495495497,0.6875,0.8166666666666667,0.27238860726356506,0.44808743169398907,0.022149322267908556,True,1.0,True,[],skip,True,444,440,440,417,202,0.9391891891891891,0.4844124700239808,0.45495495495495497,0.017424650490283966,1.5828945203870004,4.595084393197747,9.177397140537208,202,164,13,267.1360000000004,1.0,0.0,full_calibrated_frame,gray,21,3,False,48,33,"['r0c2', 'r0c3', 'r0c4', 'r0c5', 'r0c6', 'r1c3', 'r1c4', 'r1c6', 'r1c7', 'r2c0', 'r2c1', 'r2c2', 'r2c3', 'r2c4', 'r2c5', 'r2c6', 'r2c7', 'r3c0', 'r3c1', 'r3c2', 'r3c3', 'r3c4', 'r3c5', 'r3c6', 'r3c7', 'r4c0', 'r4c1', 'r4c2', 'r4c3', 'r4c4', 'r4c5', 'r4c6', 'r4c7']",6,8,210.9133758544922,0,0,0,none,0.0,0.0,0.0
34,36,276,289,5.4712677001953125,-0.1209564208984375,177,0.4068965517241379,0.6666666666666666,0.8208333333333333,0.3179279863834381,0.4942857142857143,0.022243863296260324,True,0.9194805194805196,False,"['insufficient_model_inlier_ratio_retained', 'excessive_parallax_clusters']",skip,True,435,431,430,417,177,0.9586206896551724,0.4244604316546763,0.4068965517241379,0.015598221682012081,1.9082999397655864,5.1196035228140815,8.088697648960833,177,173,13,267.1360000000004,1.0,0.0,full_calibrated_frame,gray,21,3,False,48,32,"['r0c0', 'r0c2', 'r0c3', 'r0c4', 'r0c5', 'r0c6', 'r1c3', 'r1c5', 'r1c6', 'r2c0', 'r2c1', 'r2c2', 'r2c3', 'r2c4', 'r2c5', 'r2c6', 'r2c7', 'r3c0', 'r3c1', 'r3c2', 'r3c3', 'r3c4', 'r3c5', 'r3c6', 'r3c7', 'r4c0', 'r4c1', 'r4c2', 'r4c3', 'r4c5', 'r4c6', 'r4c7']",6,8,210.9133758544922,0,0,0,none,0.0,0.0,0.0
35,37,283,296,6.4583587646484375,-0.11670398712158203,188,0.42152466367713004,0.6666666666666666,0.8875,0.3085559010505676,0.45664739884393063,0.023962004622514632,True,0.9879138202837625,False,"['insufficient_model_inlier_ratio_retained', 'excessive_parallax_clusters']",skip,True,446,441,441,421,188,0.9439461883408071,0.44655581947743467,0.42152466367713004,0.01704777590930462,1.6937417328192128,4.796378255801594,11.327385913443605,188,158,13,283.83200000000033,1.0,0.0,full_calibrated_frame,gray,21,3,False,48,32,"['r0c0', 'r0c2', 'r0c3', 'r0c4', 'r0c5', 'r0c6', 'r1c3', 'r1c5', 'r1c6', 'r2c0', 'r2c1', 'r2c2', 'r2c3', 'r2c4', 'r2c5', 'r2c6', 'r3c0', 'r3c1', 'r3c2', 'r3c4', 'r3c5', 'r3c6', 'r3c7', 'r4c0', 'r4c1', 'r4c2', 'r4c3', 'r4c4', 'r4c5', 'r4c6', 'r4c7', 'r5c7']",6,8,210.9133758544922,0,0,0,none,0.0,0.0,0.0
36,38,289,303,8.588916778564453,-0.14517974853515625,176,0.3955056179775281,0.5416666666666666,0.9125,0.33383360505104065,0.48985507246376814,0.023540023080582118,True,0.9074503738076823,False,"['insufficient_model_inlier_ratio_retained', 'excessive_parallax_clusters']",skip,True,445,443,443,431,176,0.9685393258426966,0.40835266821345706,0.3955056179775281,0.021027347072958946,2.032611041153466,8.40582579214163,10.008523152834174,176,169,14,283.83300000000054,1.0,0.0,full_calibrated_frame,gray,21,3,False,48,26,"['r0c0', 'r0c1', 'r0c2', 'r0c7', 'r1c2', 'r1c4', 'r1c5', 'r1c6', 'r1c7', 'r3c5', 'r4c0', 'r4c1', 'r4c2', 'r4c3', 'r4c4', 'r4c5', 'r4c6', 'r4c7', 'r5c0', 'r5c1', 'r5c2', 'r5c3', 'r5c4', 'r5c5', 'r5c6', 'r5c7']",6,8,210.9133758544922,0,0,0,none,0.0,0.0,0.0
37,39,296,309,6.6567230224609375,-0.14444732666015625,218,0.4954545454545455,0.7083333333333334,0.9208333333333333,0.31037601828575134,0.41081081081081083,0.019421887253794734,True,1.0,True,[],skip,True,440,438,438,428,218,0.9727272727272728,0.5093457943925234,0.4954545454545455,0.012752881273627281,1.4423645192575574,6.627149900294379,8.657323138016025,218,152,13,267.1369999999988,1.0,0.0,full_calibrated_frame,gray,21,3,False,48,34,"['r0c0', 'r0c1', 'r0c2', 'r0c4', 'r0c6', 'r0c7', 'r1c1', 'r1c2', 'r1c4', 'r1c5', 'r1c6', 'r1c7', 'r2c5', 'r3c0', 'r3c1', 'r3c5', 'r3c6', 'r3c7', 'r4c0', 'r4c1', 'r4c2', 'r4c3', 'r4c4', 'r4c5', 'r4c6', 'r4c7', 'r5c0', 'r5c1', 'r5c2', 'r5c3', 'r5c4', 'r5c5', 'r5c6', 'r5c7']",6,8,210.9133758544922,0,0,0,none,0.0,0.0,0.0
38,40,303,315,4.62158203125,-0.15020751953125,251,0.5665914221218962,0.7916666666666666,0.8666666666666667,0.2980223000049591,0.3085399449035813,0.017998868908156385,True,1.0,True,[],skip,True,443,443,443,431,251,0.9729119638826185,0.5823665893271461,0.5665914221218962,0.012035577557981014,1.2799052902940595,3.7528695533888485,11.28691252025444,251,112,12,267.1360000000004,1.0,0.0,full_calibrated_frame,gray,21,3,False,48,38,"['r0c1', 'r0c2', 'r0c3', 'r0c4', 'r0c5', 'r0c6', 'r1c2', 'r1c5', 'r1c6', 'r2c0', 'r2c1', 'r2c2', 'r2c3', 'r2c4', 'r2c5', 'r2c6', 'r2c7', 'r3c0', 'r3c1', 'r3c2', 'r3c3', 'r3c4', 'r3c5', 'r3c6', 'r3c7', 'r4c0', 'r4c1', 'r4c2', 'r4c3', 'r4c4', 'r4c5', 'r4c6', 'r4c7', 'r5c2', 'r5c3', 'r5c4', 'r5c6', 'r5c7']",6,8,210.9133758544922,0,0,0,none,0.0,0.0,0.0
39,41,309,322,4.51068115234375,-0.1036376953125,262,0.5927601809954751,0.8125,0.9333333333333333,0.1901606321334839,0.2899728997289973,0.016875312959381328,True,1.0,True,[],skip,True,442,441,437,431,262,0.9751131221719457,0.6078886310904872,0.5927601809954751,0.01006339956074953,1.2749066739025237,4.601846745013851,6.692864407263952,262,107,13,267.1360000000004,1.0,0.0,full_calibrated_frame,gray,21,3,False,48,39,"['r0c1', 'r0c2', 'r0c3', 'r0c4', 'r0c5', 'r0c6', 'r1c1', 'r1c2', 'r1c3', 'r1c5', 'r1c6', 'r2c0', 'r2c1', 'r2c2', 'r2c3', 'r2c4', 'r2c5', 'r2c6', 'r2c7', 'r3c0', 'r3c1', 'r3c2', 'r3c4', 'r3c5', 'r3c6', 'r3c7', 'r4c0', 'r4c1', 'r4c2', 'r4c3', 'r4c4', 'r4c5', 'r4c6', 'r4c7', 'r5c2', 'r5c3', 'r5c4', 'r5c6', 'r5c7']",6,8,210.9133758544922,0,0,0,none,0.0,0.0,0.0
40,42,315,329,6.932872772216797,-0.17307281494140625,219,0.49435665914221216,0.6666666666666666,0.9125,0.20229001343250275,0.4144385026737968,0.01907183549128727,True,1.0,True,[],skip,True,443,442,440,427,219,0.963882618510158,0.5128805620608899,0.49435665914221216,0.014024695381522179,1.4351137375379106,6.21763345769302,7.786538721792996,219,155,14,283.8319999999985,1.0,0.0,full_calibrated_frame,gray,21,3,False,48,32,"['r0c0', 'r0c1', 'r0c2', 'r0c6', 'r0c7', 'r1c1', 'r1c2', 'r1c4', 'r1c5', 'r1c6', 'r1c7', 'r3c0', 'r3c1', 'r3c5', 'r3c6', 'r3c7', 'r4c0', 'r4c1', 'r4c2', 'r4c3', 'r4c4', 'r4c5', 'r4c6', 'r4c7', 'r5c0', 'r5c1', 'r5c2', 'r5c3', 'r5c4', 'r5c5', 'r5c6', 'r5c7']",6,8,210.9133758544922,0,0,0,none,0.0,0.0,0.0
41,43,322,336,7.9193267822265625,-0.1422882080078125,201,0.4486607142857143,0.6666666666666666,0.9333333333333333,0.29797911643981934,0.4654255319148936,0.021594933944692862,True,0.9719535783365569,False,['excessive_parallax_clusters'],skip,True,448,446,446,431,201,0.9620535714285714,0.46635730858468677,0.4486607142857143,0.014539440162479877,1.6798167158204524,7.038314829308515,10.10321363225431,201,175,14,283.83200000000033,1.0,0.0,full_calibrated_frame,gray,21,3,False,48,32,"['r0c0', 'r0c1', 'r0c2', 'r0c4', 'r0c6', 'r0c7', 'r1c1', 'r1c2', 'r1c4', 'r1c5', 'r1c6', 'r1c7', 'r3c0', 'r3c1', 'r3c5', 'r3c7', 'r4c0', 'r4c1', 'r4c2', 'r4c3', 'r4c4', 'r4c5', 'r4c6', 'r4c7', 'r5c0', 'r5c1', 'r5c2', 'r5c3', 'r5c4', 'r5c5', 'r5c6', 'r5c7']",6,8,210.9133758544922,0,0,0,none,0.0,0.0,0.0
42,44,329,342,7.418060302734375,-0.020320892333984375,207,0.4610244988864143,0.6458333333333334,0.9166666666666666,0.28230589628219604,0.43902439024390244,0.020774634537946313,True,1.0,True,[],skip,True,449,449,449,434,207,0.9665924276169265,0.4769585253456221,0.4610244988864143,0.013670392334461212,1.6085528215995604,6.92926368535169,8.654114305884336,207,162,13,267.1350000000002,1.0,0.0,full_calibrated_frame,gray,21,3,False,48,31,"['r0c0', 'r0c1', 'r0c2', 'r0c4', 'r0c6', 'r0c7', 'r1c1', 'r1c2', 'r1c4', 'r1c5', 'r1c6', 'r1c7', 'r3c0', 'r3c1', 'r3c5', 'r3c7', 'r4c0', 'r4c1', 'r4c2', 'r4c3', 'r4c4', 'r4c5', 'r4c6', 'r4c7', 'r5c1', 'r5c2', 'r5c3', 'r5c4', 'r5c5', 'r5c6', 'r5c7']",6,8,210.9133758544922,0,0,0,none,0.0,0.0,0.0
43,45,336,348,5.3511199951171875,-0.06078147888183594,205,0.45861297539149887,0.6875,0.8833333333333333,0.2961532771587372,0.4489247311827957,0.0224755925889204,True,1.0,True,[],skip,True,447,445,443,434,205,0.970917225950783,0.47235023041474655,0.45861297539149887,0.014614392071962357,1.794719960289393,5.330238189739572,6.907840266722893,205,167,12,267.1369999999988,1.0,0.0,full_calibrated_frame,gray,21,3,False,48,33,"['r0c2', 'r0c3', 'r0c4', 'r0c5', 'r0c7', 'r1c5', 'r1c6', 'r1c7', 'r2c0', 'r2c1', 'r2c2', 'r2c3', 'r2c4', 'r2c5', 'r2c6', 'r2c7', 'r3c0', 'r3c1', 'r3c2', 'r3c4', 'r3c5', 'r3c6', 'r3c7', 'r4c0', 'r4c1', 'r4c2', 'r4c3', 'r4c4', 'r4c5', 'r4c6', 'r4c7', 'r5c0', 'r5c7']",6,8,210.9133758544922,0,0,0,none,0.0,0.0,0.0
44,46,342,355,9.784164428710938,-0.227203369140625,163,0.36794582392776526,0.5833333333333334,0.925,0.3732689321041107,0.5233918128654971,0.027127602276288576,True,0.8665603402445508,False,"['insufficient_model_inlier_ratio_retained', 'excessive_parallax_clusters']",skip,True,443,442,442,418,163,0.9435665914221218,0.38995215311004783,0.36794582392776526,0.026093443855643272,2.2290427361292493,9.764948795510698,14.387909864159202,163,179,13,283.8339999999989,1.0,0.0,full_calibrated_frame,gray,21,3,False,48,28,"['r0c0', 'r0c1', 'r0c2', 'r0c4', 'r0c6', 'r0c7', 'r1c1', 'r1c2', 'r1c4', 'r1c5', 'r1c6', 'r1c7', 'r3c5', 'r4c0', 'r4c1', 'r4c2', 'r4c3', 'r4c4', 'r4c5', 'r4c6', 'r5c0', 'r5c1', 'r5c2', 'r5c3', 'r5c4', 'r5c5', 'r5c6', 'r5c7']",6,8,210.9133758544922,0,0,0,none,0.0,0.0,0.0
45,47,348,362,6.9677276611328125,-0.2236328125,141,0.3211845102505695,0.5208333333333334,0.7166666666666667,0.33328428864479065,0.5087108013937283,0.030701021134291573,True,0.7736625514403292,False,"['insufficient_model_inlier_ratio_retained', 'excessive_parallax_clusters']",skip,True,439,436,429,405,141,0.9225512528473804,0.34814814814814815,0.3211845102505695,0.030917899683117867,2.5751618454837626,6.3713471131919635,8.651309207292877,141,146,14,300.52800000000207,1.0,0.0,full_calibrated_frame,gray,21,3,False,48,25,"['r0c1', 'r0c2', 'r0c3', 'r0c4', 'r0c5', 'r0c7', 'r1c5', 'r1c6', 'r1c7', 'r2c0', 'r2c1', 'r2c2', 'r2c3', 'r2c4', 'r2c5', 'r2c6', 'r3c0', 'r3c1', 'r3c2', 'r3c3', 'r3c4', 'r3c5', 'r3c6', 'r4c2', 'r4c6']",6,8,210.9133758544922,0,0,0,none,0.0,0.0,0.0
46,48,355,369,7.020381927490234,-0.1153411865234375,127,0.29330254041570436,0.5,0.8416666666666667,0.4089817702770233,0.4940239043824701,0.03205273940397868,True,0.7311456534254461,False,"['insufficient_model_inlier_ratio_retained', 'excessive_parallax_clusters']",skip,True,433,428,421,386,127,0.8914549653579676,0.3290155440414508,0.29330254041570436,0.027319185435771942,3.057201281723105,6.617701498982594,12.060312756786459,127,124,14,283.83200000000215,1.0,0.0,full_calibrated_frame,gray,21,3,False,48,24,"['r0c1', 'r0c2', 'r0c3', 'r0c4', 'r0c5', 'r1c5', 'r1c7', 'r2c0', 'r2c1', 'r2c2', 'r2c3', 'r2c4', 'r2c5', 'r2c6', 'r2c7', 'r3c0', 'r3c1', 'r3c2', 'r3c3', 'r3c4', 'r3c5', 'r4c6', 'r4c7', 'r5c0']",6,8,210.9133758544922,0,0,0,none,0.0,0.0,0.0
47,49,362,375,7.471244812011719,-0.10071563720703125,130,0.2914798206278027,0.5,0.7125,0.35345160961151123,0.5038167938931297,0.03439417571770653,True,0.7240323029796714,False,"['insufficient_model_inlier_ratio_retained', 'excessive_parallax_clusters']",skip,True,446,445,435,399,130,0.8946188340807175,0.3258145363408521,0.2914798206278027,0.026033706963062286,3.141982413373092,7.367844315968083,8.481538955186489,130,132,13,267.1359999999986,1.0,0.0,full_calibrated_frame,gray,21,3,False,48,24,"['r0c1', 'r0c2', 'r0c3', 'r0c4', 'r0c5', 'r0c7', 'r1c4', 'r1c5', 'r1c7', 'r2c0', 'r2c1', 'r2c2', 'r2c3', 'r2c4', 'r2c5', 'r2c6', 'r2c7', 'r3c0', 'r3c1', 'r3c2', 'r3c3', 'r3c4', 'r3c5', 'r4c6']",6,8,210.9133758544922,0,0,0,none,0.0,0.0,0.0
48,50,369,382,7.141571044921875,-0.19390106201171875,135,0.3,0.4791666666666667,0.6958333333333333,0.36759135127067566,0.49056603773584906,0.03405966043575892,True,0.7263922518159807,False,"['insufficient_model_inlier_ratio_retained', 'excessive_parallax_clusters']",skip,True,450,445,442,413,135,0.9177777777777778,0.3268765133171913,0.3,0.03326433151960373,3.3529915278680607,7.216438334154974,8.538529277557839,135,130,13,267.1359999999986,1.0,0.0,full_calibrated_frame,gray,21,3,False,48,23,"['r0c1', 'r0c2', 'r0c3', 'r0c4', 'r0c5', 'r0c7', 'r1c6', 'r1c7', 'r2c0', 'r2c1', 'r2c2', 'r2c3', 'r2c4', 'r2c5', 'r2c6', 'r2c7', 'r3c0', 'r3c1', 'r3c3', 'r3c4', 'r3c5', 'r3c7', 'r4c7']",6,8,210.9133758544922,0,0,0,none,0.0,0.0,0.0
49,51,375,389,6.752410888671875,-0.18169021606445312,154,0.3384615384615385,0.5833333333333334,0.7083333333333334,0.203129380941391,0.47619047619047616,0.03086206647846737,True,0.803338549817423,False,"['insufficient_model_inlier_ratio_retained', 'excessive_parallax_clusters']",skip,True,455,452,451,426,154,0.9362637362637363,0.3615023474178404,0.3384615384615385,0.025899209082126617,2.857805675224477,6.901516801535101,8.243591119445659,154,140,14,267.1359999999986,1.0,0.0,full_calibrated_frame,gray,21,3,False,48,28,"['r0c0', 'r0c1', 'r0c2', 'r0c3', 'r0c4', 'r0c5', 'r0c7', 'r1c2', 'r1c4', 'r1c6', 'r1c7', 'r2c0', 'r2c1', 'r2c2', 'r2c3', 'r2c4', 'r2c5', 'r2c6', 'r2c7', 'r3c0', 'r3c1', 'r3c2', 'r3c4', 'r3c5', 'r3c7', 'r4c5', 'r4c6', 'r4c7']",6,8,210.9133758544922,0,0,0,none,0.0,0.0,0.0
50,52,382,395,6.64019775390625,-0.1615009307861328,152,0.3377777777777778,0.5208333333333334,0.7083333333333334,0.3214641213417053,0.4882154882154882,0.030385488057463994,True,0.7966457023060796,False,"['insufficient_model_inlier_ratio_retained', 'excessive_parallax_clusters']",skip,True,450,447,447,424,152,0.9422222222222222,0.3584905660377358,0.3377777777777778,0.02474673092365265,2.6995520940562834,6.340910668122409,7.968250630302599,152,145,13,267.13600000000224,1.0,0.0,full_calibrated_frame,gray,21,3,False,48,25,"['r0c1', 'r0c2', 'r0c3', 'r0c4', 'r0c5', 'r0c7', 'r1c4', 'r1c6', 'r1c7', 'r2c0', 'r2c1', 'r2c2', 'r2c3', 'r2c4', 'r2c5', 'r2c6', 'r2c7', 'r3c0', 'r3c1', 'r3c4', 'r3c5', 'r3c7', 'r4c1', 'r4c5', 'r4c7']",6,8,210.9133758544922,0,0,0,none,0.0,0.0,0.0
51,53,389,401,6.9494171142578125,-0.13589859008789062,154,0.3452914798206278,0.5833333333333334,0.7083333333333334,0.36710885167121887,0.47079037800687284,0.0317037075552426,True,0.8226495726495726,False,"['insufficient_model_inlier_ratio_retained', 'excessive_parallax_clusters']",skip,True,446,439,439,416,154,0.9327354260089686,0.3701923076923077,0.3452914798206278,0.028318820521235466,2.446563830261884,6.4333497766909336,8.595689695086051,154,137,12,267.13700000000244,1.0,0.0,full_calibrated_frame,gray,21,3,False,48,28,"['r0c0', 'r0c1', 'r0c2', 'r0c3', 'r0c4', 'r0c5', 'r0c7', 'r1c4', 'r1c6', 'r1c7', 'r2c0', 'r2c1', 'r2c2', 'r2c3', 'r2c4', 'r2c5', 'r2c6', 'r2c7', 'r3c0', 'r3c1', 'r3c3', 'r3c4', 'r3c5', 'r3c7', 'r4c1', 'r4c3', 'r4c6', 'r4c7']",6,8,210.9133758544922,0,0,0,none,0.0,0.0,0.0
52,54,395,408,7.4226226806640625,-0.11187362670898438,149,0.32964601769911506,0.5,0.7,0.277187705039978,0.479020979020979,0.03494005647643415,True,0.8115468409586056,False,"['insufficient_model_inlier_ratio_retained', 'excessive_parallax_clusters']",skip,True,452,446,444,408,149,0.9026548672566371,0.36519607843137253,0.32964601769911506,0.025508243590593338,2.666227079950718,7.118132944014469,8.390468605570438,149,137,13,283.8329999999987,1.0,0.0,full_calibrated_frame,gray,21,3,False,48,24,"['r0c1', 'r0c2', 'r0c3', 'r0c4', 'r0c6', 'r0c7', 'r1c6', 'r1c7', 'r2c0', 'r2c1', 'r2c2', 'r2c3', 'r2c4', 'r2c5', 'r2c6', 'r2c7', 'r3c0', 'r3c1', 'r3c3', 'r3c4', 'r3c5', 'r3c7', 'r4c6', 'r4c7']",6,8,210.9133758544922,0,0,0,none,0.0,0.0,0.0
53,55,401,415,7.319091796875,-0.27880334854125977,138,0.3194444444444444,0.5625,0.7041666666666667,0.27221065759658813,0.46303501945525294,0.0339192061057091,True,0.7763713080168776,False,"['insufficient_model_inlier_ratio_retained', 'excessive_parallax_clusters']",skip,True,432,428,424,395,138,0.9143518518518519,0.3493670886075949,0.3194444444444444,0.03327677398920059,2.840411660335336,7.2580352654794265,8.473117606271229,138,119,14,283.8319999999985,1.0,0.0,full_calibrated_frame,gray,21,3,False,48,27,"['r0c0', 'r0c1', 'r0c2', 'r0c3', 'r0c4', 'r0c5', 'r0c6', 'r0c7', 'r1c6', 'r1c7', 'r2c0', 'r2c1', 'r2c2', 'r2c3', 'r2c4', 'r2c5', 'r2c6', 'r2c7', 'r3c0', 'r3c1', 'r3c3', 'r3c4', 'r3c5', 'r3c7', 'r4c5', 'r4c6', 'r4c7']",6,8,210.9133758544922,0,0,0,none,0.0,0.0,0.0
54,56,408,421,6.782413482666016,-0.16351318359375,154,0.35730858468677495,0.5625,0.7166666666666667,0.3542087972164154,0.45964912280701753,0.030631879405338493,True,0.8641975308641975,False,"['insufficient_model_inlier_ratio_retained', 'excessive_parallax_clusters']",skip,True,431,429,427,396,154,0.9187935034802784,0.3888888888888889,0.35730858468677495,0.022820644080638885,2.144571572344459,6.3991993933700675,8.080239125181178,154,131,13,267.1359999999986,1.0,0.0,full_calibrated_frame,gray,21,3,False,48,27,"['r0c1', 'r0c2', 'r0c3', 'r0c4', 'r0c6', 'r0c7', 'r1c3', 'r1c4', 'r1c6', 'r1c7', 'r2c0', 'r2c1', 'r2c2', 'r2c3', 'r2c4', 'r2c5', 'r2c6', 'r2c7', 'r3c0', 'r3c1', 'r3c3', 'r3c4', 'r3c7', 'r4c0', 'r4c5', 'r4c6', 'r4c7']",6,8,210.9133758544922,0,0,0,none,0.0,0.0,0.0
55,57,415,428,6.44525146484375,-0.01800537109375,159,0.363013698630137,0.5625,0.7,0.28802749514579773,0.4536082474226804,0.031232625177848826,True,0.8617886178861789,False,"['insufficient_model_inlier_ratio_retained', 'excessive_parallax_clusters']",skip,True,438,431,431,410,159,0.9360730593607306,0.3878048780487805,0.363013698630137,0.021396253257989883,2.397368861674494,6.454166600840175,8.160481605376193,159,132,13,267.13600000000224,1.0,0.0,full_calibrated_frame,gray,21,3,False,48,27,"['r0c0', 'r0c1', 'r0c2', 'r0c3', 'r0c4', 'r0c6', 'r0c7', 'r1c1', 'r1c6', 'r1c7', 'r2c0', 'r2c1', 'r2c2', 'r2c3', 'r2c4', 'r2c5', 'r2c6', 'r2c7', 'r3c0', 'r3c1', 'r3c3', 'r3c4', 'r3c7', 'r4c0', 'r4c5', 'r4c6', 'r4c7']",6,8,210.9133758544922,0,0,0,none,0.0,0.0,0.0
56,58,421,434,6.4741973876953125,-0.23660659790039062,167,0.3839080459770115,0.6041666666666666,0.7208333333333333,0.3063804805278778,0.43389830508474575,0.029966221549969703,True,0.9301030353661932,False,['insufficient_model_inlier_ratio_retained'],skip,True,435,427,427,399,167,0.9172413793103448,0.41854636591478694,0.3839080459770115,0.025169737637043,2.1838994857926446,6.408479344518019,9.159869192977828,167,128,13,267.13600000000224,1.0,0.0,full_calibrated_frame,gray,21,3,False,48,29,"['r0c0', 'r0c1', 'r0c2', 'r0c3', 'r0c4', 'r0c6', 'r0c7', 'r1c0', 'r1c6', 'r1c7', 'r2c0', 'r2c1', 'r2c2', 'r2c3', 'r2c4', 'r2c5', 'r2c6', 'r2c7', 'r3c0', 'r3c1', 'r3c2', 'r3c3', 'r3c4', 'r3c6', 'r3c7', 'r4c3', 'r4c5', 'r4c6', 'r4c7']",6,8,210.9133758544922,0,0,0,none,0.0,0.0,0.0
57,59,428,441,6.616786956787109,-0.3028068542480469,153,0.35091743119266056,0.5833333333333334,0.7083333333333334,0.4462242126464844,0.4354243542435424,0.030602085412436423,True,0.8436724565756824,False,['insufficient_model_inlier_ratio_retained'],skip,True,436,431,427,403,153,0.9243119266055045,0.37965260545905705,0.35091743119266056,0.031355347484350204,2.5829617032338237,6.675023216047709,7.920081152268681,153,118,13,283.8319999999985,1.0,0.0,full_calibrated_frame,gray,21,3,False,48,28,"['r0c0', 'r0c1', 'r0c2', 'r0c3', 'r0c4', 'r0c6', 'r0c7', 'r1c0', 'r1c1', 'r1c6', 'r1c7', 'r2c0', 'r2c1', 'r2c2', 'r2c3', 'r2c4', 'r2c5', 'r2c6', 'r2c7', 'r3c0', 'r3c1', 'r3c3', 'r3c4', 'r3c6', 'r3c7', 'r4c5', 'r4c6', 'r4c7']",6,8,210.9133758544922,0,0,0,none,0.0,0.0,0.0
58,60,434,448,6.97802734375,-0.08824539184570312,155,0.36046511627906974,0.5208333333333334,0.6958333333333333,0.31681662797927856,0.4343065693430657,0.032986355521438734,True,0.874224478285392,False,['insufficient_model_inlier_ratio_retained'],skip,True,430,423,422,394,155,0.9162790697674419,0.3934010152284264,0.36046511627906974,0.027486901730298996,2.6167230473175813,7.047875644415238,8.355003079303884,155,119,14,283.8319999999985,1.0,0.0,full_calibrated_frame,gray,21,3,False,48,25,"['r0c0', 'r0c1', 'r0c2', 'r0c3', 'r0c4', 'r0c6', 'r0c7', 'r1c0', 'r1c6', 'r1c7', 'r2c0', 'r2c1', 'r2c2', 'r2c3', 'r2c4', 'r2c5', 'r2c6', 'r2c7', 'r3c0', 'r3c1', 'r3c3', 'r3c4', 'r3c7', 'r4c6', 'r4c7']",6,8,210.9133758544922,0,0,0,none,0.0,0.0,0.0
59,61,441,454,7.013893127441406,-0.19102859497070312,157,0.34966592427616927,0.5416666666666666,0.7041666666666667,0.2969402074813843,0.4249084249084249,0.03333951337286738,True,0.8488780751554473,False,['insufficient_model_inlier_ratio_retained'],skip,True,449,442,441,411,157,0.9153674832962138,0.3819951338199513,0.34966592427616927,0.030162222683429718,2.75471455590773,7.16607263866122,8.505455998321441,157,116,13,267.1369999999988,1.0,0.0,full_calibrated_frame,gray,21,3,False,48,26,"['r0c0', 'r0c1', 'r0c2', 'r0c3', 'r0c6', 'r0c7', 'r1c0', 'r1c5', 'r1c6', 'r1c7', 'r2c0', 'r2c1', 'r2c2', 'r2c3', 'r2c4', 'r2c5', 'r2c6', 'r2c7', 'r3c0', 'r3c1', 'r3c3', 'r3c4', 'r3c6', 'r3c7', 'r4c6', 'r4c7']",6,8,210.9133758544922,0,0,0,none,0.0,0.0,0.0
60,62,448,461,7.2167205810546875,-0.2910614013671875,168,0.38443935926773454,0.5833333333333334,0.9791666666666666,0.4621470272541046,0.4,0.034545425918987245,True,0.9240924092409241,False,['insufficient_model_inlier_ratio_retained'],skip,True,437,434,431,404,168,0.9244851258581236,0.4158415841584158,0.38443935926773454,0.03407152742147446,2.6271229773858424,7.0955819418469614,8.536355044485328,168,112,13,267.1369999999988,1.0,0.0,full_calibrated_frame,gray,21,3,False,48,28,"['r0c0', 'r0c1', 'r0c2', 'r0c3', 'r0c5', 'r0c6', 'r0c7', 'r1c0', 'r1c5', 'r1c6', 'r1c7', 'r2c0', 'r2c1', 'r2c2', 'r2c3', 'r2c4', 'r2c5', 'r2c6', 'r2c7', 'r3c0', 'r3c1', 'r3c3', 'r3c4', 'r3c6', 'r3c7', 'r4c6', 'r4c7', 'r5c5']",6,8,210.9133758544922,0,0,0,none,0.0,0.0,0.0
61,63,454,467,7.2005615234375,-0.20849990844726562,169,0.3976470588235294,0.5625,0.7083333333333334,0.37530866265296936,0.40070921985815605,0.03497545858250951,True,0.9388888888888889,False,['insufficient_model_inlier_ratio_retained'],skip,True,425,422,421,400,169,0.9411764705882353,0.4225,0.3976470588235294,0.02879488840699196,2.7177997451320604,7.296639121566332,12.00199262142727,169,113,13,267.13600000000224,1.0,0.0,full_calibrated_frame,gray,21,3,False,48,27,"['r0c0', 'r0c1', 'r0c2', 'r0c3', 'r0c5', 'r0c6', 'r0c7', 'r1c0', 'r1c5', 'r1c6', 'r1c7', 'r2c0', 'r2c1', 'r2c2', 'r2c3', 'r2c4', 'r2c5', 'r2c6', 'r2c7', 'r3c0', 'r3c1', 'r3c3', 'r3c4', 'r3c6', 'r3c7', 'r4c6', 'r4c7']",6,8,210.9133758544922,0,0,0,none,0.0,0.0,0.0
62,64,461,473,7.09161376953125,-0.20922088623046875,164,0.3805104408352668,0.5833333333333334,0.9291666666666667,0.3738335371017456,0.4057971014492754,0.03363259878274672,True,0.9020902090209021,False,['insufficient_model_inlier_ratio_retained'],skip,True,431,427,425,404,164,0.9373549883990719,0.40594059405940597,0.3805104408352668,0.029831018298864365,2.74169539023739,7.329029598321174,10.466070100524878,164,112,12,267.13600000000224,1.0,0.0,full_calibrated_frame,gray,21,3,False,48,28,"['r0c0', 'r0c1', 'r0c2', 'r0c3', 'r0c5', 'r0c6', 'r0c7', 'r1c0', 'r1c5', 'r1c6', 'r1c7', 'r2c0', 'r2c1', 'r2c2', 'r2c3', 'r2c4', 'r2c5', 'r2c6', 'r2c7', 'r3c0', 'r3c1', 'r3c3', 'r3c4', 'r3c6', 'r3c7', 'r4c6', 'r4c7', 'r5c7']",6,8,210.9133758544922,0,0,0,none,0.0,0.0,0.0
63,65,467,480,7.058341979980469,-0.162933349609375,171,0.3886363636363636,0.6041666666666666,0.7125,0.3158743977546692,0.4083044982698962,0.032034231819635,True,0.9359605911330049,False,['insufficient_model_inlier_ratio_retained'],skip,True,440,424,422,406,171,0.9227272727272727,0.4211822660098522,0.3886363636363636,0.02341661974787712,2.2740482827654906,6.7887157897762025,8.401713999313712,171,118,13,267.1359999999986,1.0,0.0,full_calibrated_frame,gray,21,3,False,48,29,"['r0c0', 'r0c1', 'r0c2', 'r0c3', 'r0c5', 'r0c6', 'r0c7', 'r1c0', 'r1c5', 'r1c6', 'r1c7', 'r2c0', 'r2c1', 'r2c2', 'r2c3', 'r2c4', 'r2c5', 'r2c6', 'r2c7', 'r3c0', 'r3c1', 'r3c3', 'r3c4', 'r3c6', 'r3c7', 'r4c4', 'r4c5', 'r4c6', 'r4c7']",6,8,210.9133758544922,0,0,0,none,0.0,0.0,0.0
64,66,473,486,6.7519989013671875,-0.11373233795166016,160,0.3516483516483517,0.6458333333333334,0.7166666666666667,0.23562178015708923,0.43661971830985913,0.031240265943262,True,0.8714596949891067,False,['insufficient_model_inlier_ratio_retained'],skip,True,455,436,435,408,160,0.8967032967032967,0.39215686274509803,0.3516483516483517,0.021969642490148544,2.292178849208125,6.3531707202838055,9.805076047473532,160,124,13,267.1359999999986,1.0,0.0,full_calibrated_frame,gray,21,3,False,48,31,"['r0c0', 'r0c1', 'r0c2', 'r0c3', 'r0c5', 'r0c6', 'r0c7', 'r1c0', 'r1c3', 'r1c4', 'r1c5', 'r1c6', 'r1c7', 'r2c0', 'r2c1', 'r2c2', 'r2c3', 'r2c4', 'r2c5', 'r2c6', 'r2c7', 'r3c0', 'r3c2', 'r3c3', 'r3c4', 'r3c6', 'r3c7', 'r4c4', 'r4c5', 'r4c6', 'r4c7']",6,8,210.9133758544922,0,0,0,none,0.0,0.0,0.0
65,67,480,493,6.7725830078125,-0.2404942512512207,159,0.35650224215246634,0.625,0.7083333333333334,0.33724445104599,0.42391304347826086,0.03152362031600395,True,0.8900083963056254,False,['insufficient_model_inlier_ratio_retained'],skip,True,446,431,429,397,159,0.8901345291479821,0.4005037783375315,0.35650224215246634,0.02463245391845703,2.4228677200557387,6.693649349492993,9.895126490572032,159,117,13,283.8329999999987,1.0,0.0,full_calibrated_frame,gray,21,3,False,48,30,"['r0c0', 'r0c1', 'r0c2', 'r0c3', 'r0c5', 'r0c6', 'r0c7', 'r1c4', 'r1c5', 'r1c6', 'r1c7', 'r2c0', 'r2c1', 'r2c2', 'r2c3', 'r2c4', 'r2c5', 'r2c6', 'r2c7', 'r3c0', 'r3c1', 'r3c2', 'r3c3', 'r3c4', 'r3c6', 'r3c7', 'r4c4', 'r4c5', 'r4c6', 'r4c7']",6,8,210.9133758544922,0,0,0,none,0.0,0.0,0.0
66,68,486,500,6.260406494140625,-0.2463836669921875,162,0.36,0.6458333333333334,0.9458333333333333,0.3314362168312073,0.4375,0.02975993367752179,True,0.8759124087591241,False,['insufficient_model_inlier_ratio_retained'],skip,True,450,445,442,411,162,0.9133333333333333,0.39416058394160586,0.36,0.025436222553253174,2.4892249358199665,6.516475449043972,9.589414300821389,162,126,14,283.83300000000236,1.0,0.0,full_calibrated_frame,gray,21,3,False,48,31,"['r0c0', 'r0c1', 'r0c2', 'r0c3', 'r0c5', 'r0c6', 'r0c7', 'r1c0', 'r1c4', 'r1c5', 'r1c7', 'r2c0', 'r2c1', 'r2c2', 'r2c3', 'r2c4', 'r2c5', 'r2c6', 'r2c7', 'r3c0', 'r3c1', 'r3c2', 'r3c3', 'r3c6', 'r3c7', 'r4c2', 'r4c4', 'r4c5', 'r4c6', 'r4c7', 'r5c6']",6,8,210.9133758544922,0,0,0,none,0.0,0.0,0.0
67,69,493,506,5.733428955078125,-0.02443695068359375,164,0.3744292237442922,0.6666666666666666,0.7083333333333334,0.2923935353755951,0.46405228758169936,0.02757315711142598,True,0.8677248677248677,False,"['insufficient_model_inlier_ratio_retained', 'excessive_parallax_clusters']",skip,True,438,436,435,420,164,0.958904109589041,0.3904761904761905,0.3744292237442922,0.019810430705547333,2.3123973059029135,5.744057152979156,7.3460786052715354,164,142,13,267.13600000000224,1.0,0.0,full_calibrated_frame,gray,21,3,False,48,32,"['r0c0', 'r0c1', 'r0c2', 'r0c3', 'r0c4', 'r0c5', 'r0c6', 'r0c7', 'r1c0', 'r1c2', 'r1c4', 'r1c5', 'r1c6', 'r1c7', 'r2c0', 'r2c1', 'r2c2', 'r2c3', 'r2c4', 'r2c5', 'r2c6', 'r2c7', 'r3c0', 'r3c1', 'r3c2', 'r3c3', 'r3c6', 'r3c7', 'r4c4', 'r4c5', 'r4c6', 'r4c7']",6,8,210.9133758544922,0,0,0,none,0.0,0.0,0.0
68,70,500,513,6.27001953125,-0.1224365234375,160,0.3686635944700461,0.6458333333333334,0.7166666666666667,0.33083319664001465,0.4306049822064057,0.030215171256945977,True,0.8844665561083471,False,['insufficient_model_inlier_ratio_retained'],skip,True,434,423,422,402,160,0.9262672811059908,0.39800995024875624,0.3686635944700461,0.02113308012485504,2.382732605575523,6.2491209283115525,8.036669543912499,160,121,13,267.1359999999986,1.0,0.0,full_calibrated_frame,gray,21,3,False,48,31,"['r0c0', 'r0c1', 'r0c2', 'r0c4', 'r0c5', 'r0c6', 'r0c7', 'r1c0', 'r1c2', 'r1c4', 'r1c5', 'r1c7', 'r2c0', 'r2c1', 'r2c2', 'r2c3', 'r2c4', 'r2c5', 'r2c6', 'r2c7', 'r3c0', 'r3c1', 'r3c2', 'r3c3', 'r3c6', 'r3c7', 'r4c2', 'r4c4', 'r4c5', 'r4c6', 'r4c7']",6,8,210.9133758544922,0,0,0,none,0.0,0.0,0.0
69,71,506,520,7.253654479980469,-0.23676300048828125,138,0.32242990654205606,0.6041666666666666,0.9458333333333333,0.31922975182533264,0.43673469387755104,0.03488477489417394,True,0.8006962576153177,False,['insufficient_model_inlier_ratio_retained'],skip,True,428,418,418,383,138,0.8948598130841121,0.360313315926893,0.32242990654205606,0.031457677483558655,2.80987274810277,7.522431300689159,10.32579114860092,138,107,14,283.8319999999985,1.0,0.0,full_calibrated_frame,gray,21,3,False,48,29,"['r0c0', 'r0c1', 'r0c2', 'r0c4', 'r0c5', 'r0c6', 'r0c7', 'r1c4', 'r1c5', 'r1c6', 'r1c7', 'r2c0', 'r2c1', 'r2c2', 'r2c3', 'r2c4', 'r2c5', 'r2c6', 'r2c7', 'r3c0', 'r3c2', 'r3c3', 'r3c5', 'r3c6', 'r3c7', 'r4c5', 'r4c6', 'r4c7', 'r5c6']",6,8,210.9133758544922,0,0,0,none,0.0,0.0,0.0
70,72,513,527,7.2702789306640625,-0.21778106689453125,135,0.31542056074766356,0.5625,0.6875,0.3229001760482788,0.44214876033057854,0.034798212994415906,True,0.78125,False,['insufficient_model_inlier_ratio_retained'],skip,True,428,423,422,384,135,0.897196261682243,0.3515625,0.31542056074766356,0.0342860072851181,3.164148024461543,8.593913043304951,13.69651162985647,135,107,14,283.8319999999985,1.0,0.0,full_calibrated_frame,gray,21,3,False,48,27,"['r0c0', 'r0c1', 'r0c2', 'r0c4', 'r0c5', 'r0c6', 'r0c7', 'r1c4', 'r1c5', 'r1c6', 'r1c7', 'r2c0', 'r2c1', 'r2c2', 'r2c3', 'r2c4', 'r2c5', 'r2c6', 'r2c7', 'r3c0', 'r3c2', 'r3c3', 'r3c5', 'r3c6', 'r3c7', 'r4c5', 'r4c6']",6,8,210.9133758544922,0,0,0,none,0.0,0.0,0.0
71,73,520,533,6.528007507324219,-0.2047576904296875,155,0.3621495327102804,0.5833333333333334,0.7,0.3143993318080902,0.4280442804428044,0.03208820694828593,True,0.8720112517580871,False,['insufficient_model_inlier_ratio_retained'],skip,True,428,425,421,395,155,0.9228971962616822,0.3924050632911392,0.3621495327102804,0.02593463659286499,2.852151780170031,7.281270154606156,11.691657533813018,155,116,13,267.13600000000224,1.0,0.0,full_calibrated_frame,gray,21,3,False,48,28,"['r0c0', 'r0c1', 'r0c2', 'r0c4', 'r0c5', 'r0c6', 'r0c7', 'r1c4', 'r1c5', 'r1c6', 'r1c7', 'r2c0', 'r2c1', 'r2c2', 'r2c3', 'r2c4', 'r2c5', 'r2c6', 'r2c7', 'r3c0', 'r3c2', 'r3c3', 'r3c5', 'r3c6', 'r3c7', 'r4c3', 'r4c5', 'r4c6']",6,8,210.9133758544922,0,0,0,none,0.0,0.0,0.0
72,74,527,540,6.63055419921875,-0.14285945892333984,142,0.33729216152019004,0.5416666666666666,0.7,0.387371301651001,0.4600760456273764,0.031880901297620945,True,0.8029403449250777,False,"['insufficient_model_inlier_ratio_retained', 'excessive_parallax_clusters']",skip,True,421,420,420,393,142,0.9334916864608076,0.361323155216285,0.33729216152019004,0.02514052391052246,2.821609553669373,6.900015751779112,10.365832175284252,142,121,13,283.83200000000215,1.0,0.0,full_calibrated_frame,gray,21,3,False,48,26,"['r0c0', 'r0c1', 'r0c2', 'r0c4', 'r0c5', 'r0c6', 'r0c7', 'r1c4', 'r1c5', 'r1c6', 'r1c7', 'r2c0', 'r2c1', 'r2c2', 'r2c3', 'r2c4', 'r2c5', 'r2c6', 'r2c7', 'r3c0', 'r3c2', 'r3c3', 'r3c6', 'r4c3', 'r4c5', 'r4c6']",6,8,210.9133758544922,0,0,0,none,0.0,0.0,0.0
73,75,533,547,6.605583190917969,-0.12734603881835938,158,0.3632183908045977,0.5833333333333334,0.6958333333333333,0.38255396485328674,0.44947735191637633,0.02996836544440895,True,0.8419930722088995,False,['insufficient_model_inlier_ratio_retained'],skip,True,435,434,433,417,158,0.9586206896551724,0.37889688249400477,0.3632183908045977,0.023445844650268555,2.687422681454158,6.214262589582756,7.738122036071317,158,129,14,283.8319999999985,1.0,0.0,full_calibrated_frame,gray,21,3,False,48,28,"['r0c0', 'r0c1', 'r0c2', 'r0c4', 'r0c5', 'r0c6', 'r0c7', 'r1c2', 'r1c3', 'r1c4', 'r1c6', 'r2c0', 'r2c1', 'r2c2', 'r2c3', 'r2c4', 'r2c5', 'r2c6', 'r2c7', 'r3c0', 'r3c2', 'r3c3', 'r3c5', 'r3c6', 'r4c0', 'r4c3', 'r4c5', 'r4c6']",6,8,210.9133758544922,0,0,0,none,0.0,0.0,0.0
74,76,540,553,5.8221893310546875,-0.1938934326171875,168,0.3783783783783784,0.5833333333333334,0.7083333333333334,0.3464689254760742,0.44,0.027379219167629615,True,0.8931419457735247,False,['insufficient_model_inlier_ratio_retained'],skip,True,444,443,443,418,168,0.9414414414414415,0.4019138755980861,0.3783783783783784,0.023043140769004822,2.117260902034859,5.955656632943472,7.534335867580651,168,132,13,267.1369999999988,1.0,0.0,full_calibrated_frame,gray,21,3,False,48,28,"['r0c0', 'r0c1', 'r0c2', 'r0c4', 'r0c5', 'r0c6', 'r0c7', 'r1c2', 'r1c4', 'r1c6', 'r2c0', 'r2c1', 'r2c2', 'r2c3', 'r2c4', 'r2c5', 'r2c6', 'r2c7', 'r3c0', 'r3c2', 'r3c3', 'r3c5', 'r3c6', 'r3c7', 'r4c3', 'r4c4', 'r4c5', 'r4c6']",6,8,210.9133758544922,0,0,0,none,0.0,0.0,0.0
75,77,547,560,5.804805755615234,-0.17366886138916016,160,0.3669724770642202,0.6041666666666666,0.9458333333333333,0.25353774428367615,0.43661971830985913,0.02753017056898946,True,0.9116809116809116,False,['insufficient_model_inlier_ratio_retained'],skip,True,436,416,416,390,160,0.8944954128440367,0.41025641025641024,0.3669724770642202,0.018054254353046417,2.0005249571560437,5.723647053970854,10.191193497120361,160,124,13,267.1369999999988,1.0,0.0,full_calibrated_frame,gray,21,3,False,48,29,"['r0c0', 'r0c1', 'r0c2', 'r0c4', 'r0c5', 'r0c6', 'r0c7', 'r1c3', 'r1c4', 'r1c6', 'r1c7', 'r2c0', 'r2c1', 'r2c2', 'r2c3', 'r2c4', 'r2c5', 'r2c6', 'r2c7', 'r3c2', 'r3c3', 'r3c5', 'r3c6', 'r3c7', 'r4c3', 'r4c5', 'r4c6', 'r5c3', 'r5c5']",6,8,210.9133758544922,0,0,0,none,0.0,0.0,0.0
76,78,553,566,5.783660888671875,-0.07712745666503906,170,0.391705069124424,0.5833333333333334,0.9333333333333333,0.310474693775177,0.4217687074829932,0.026361229956393506,True,0.9588268471517203,False,['insufficient_model_inlier_ratio_retained'],skip,True,434,421,419,394,170,0.9078341013824884,0.43147208121827413,0.391705069124424,0.02080957591533661,1.8922128260562727,5.990416734901757,10.373350810777739,170,124,13,267.13600000000224,1.0,0.0,full_calibrated_frame,gray,21,3,False,48,28,"['r0c0', 'r0c1', 'r0c2', 'r0c4', 'r0c5', 'r0c6', 'r0c7', 'r1c3', 'r1c4', 'r1c6', 'r1c7', 'r2c0', 'r2c1', 'r2c2', 'r2c3', 'r2c4', 'r2c5', 'r2c6', 'r2c7', 'r3c0', 'r3c2', 'r3c3', 'r3c6', 'r3c7', 'r4c3', 'r4c5', 'r4c6', 'r5c3']",6,8,210.9133758544922,0,0,0,none,0.0,0.0,0.0
77,79,560,572,5.5966949462890625,-0.10862541198730469,161,0.38795180722891565,0.6041666666666666,0.925,0.2505788505077362,0.43902439024390244,0.025404710850076395,True,0.8944444444444445,False,['insufficient_model_inlier_ratio_retained'],skip,True,415,414,412,400,161,0.963855421686747,0.4025,0.38795180722891565,0.02052099071443081,2.030600719242515,5.495252814680839,6.807491833923042,161,126,12,267.13600000000224,1.0,0.0,full_calibrated_frame,gray,21,3,False,48,29,"['r0c0', 'r0c1', 'r0c3', 'r0c4', 'r0c5', 'r0c6', 'r0c7', 'r1c3', 'r1c4', 'r1c6', 'r2c0', 'r2c1', 'r2c2', 'r2c3', 'r2c4', 'r2c5', 'r2c6', 'r2c7', 'r3c0', 'r3c1', 'r3c2', 'r3c3', 'r3c4', 'r3c6', 'r3c7', 'r4c3', 'r4c5', 'r4c6', 'r5c3']",6,8,210.9133758544922,0,0,0,none,0.0,0.0,0.0
78,80,566,579,5.689571380615234,-0.25931453704833984,167,0.39667458432304037,0.5625,0.7083333333333334,0.25335824489593506,0.4241379310344828,0.026117442676963587,True,0.9324399776661083,False,['insufficient_model_inlier_ratio_retained'],skip,True,421,420,416,398,167,0.9453681710213777,0.41959798994974873,0.39667458432304037,0.022752858698368073,1.99864300113199,5.8905381626631845,9.109937262878805,167,123,13,267.1359999999986,1.0,0.0,full_calibrated_frame,gray,21,3,False,48,27,"['r0c0', 'r0c1', 'r0c3', 'r0c4', 'r0c5', 'r0c6', 'r0c7', 'r1c3', 'r1c4', 'r1c6', 'r2c0', 'r2c1', 'r2c2', 'r2c3', 'r2c4', 'r2c5', 'r2c6', 'r2c7', 'r3c1', 'r3c2', 'r3c3', 'r3c5', 'r3c6', 'r3c7', 'r4c3', 'r4c5', 'r4c6']",6,8,210.9133758544922,0,0,0,none,0.0,0.0,0.0
79,81,572,585,6.6925506591796875,-0.1565399169921875,180,0.4225352112676056,0.6875,0.9458333333333333,0.3891391158103943,0.37282229965156793,0.029107377506874255,True,1.0,True,[],skip,True,426,425,424,398,180,0.9342723004694836,0.45226130653266333,0.4225352112676056,0.030044827610254288,1.7115156818581188,6.267388256049332,13.875524474638306,180,107,13,267.1359999999986,1.0,0.0,full_calibrated_frame,gray,21,3,False,48,33,"['r0c0', 'r0c1', 'r0c3', 'r0c4', 'r0c5', 'r0c6', 'r0c7', 'r1c1', 'r1c2', 'r1c3', 'r1c4', 'r1c6', 'r1c7', 'r2c1', 'r2c2', 'r2c3', 'r2c4', 'r2c5', 'r2c6', 'r2c7', 'r3c0', 'r3c2', 'r3c3', 'r3c5', 'r3c6', 'r3c7', 'r4c1', 'r4c3', 'r4c4', 'r4c5', 'r4c6', 'r4c7', 'r5c7']",6,8,210.9133758544922,0,0,0,none,0.0,0.0,0.0
80,82,579,592,6.6763458251953125,0.04262542724609375,153,0.37965260545905705,0.6041666666666666,0.6875,0.2985014319419861,0.41379310344827586,0.03192039501843674,True,0.9239130434782609,False,['insufficient_model_inlier_ratio_retained'],skip,True,403,403,400,368,153,0.913151364764268,0.4157608695652174,0.37965260545905705,0.023526735603809357,2.1199041379254746,6.62141328244717,8.88526120656965,153,108,13,267.1359999999986,1.0,0.0,full_calibrated_frame,gray,21,3,False,48,29,"['r0c0', 'r0c1', 'r0c3', 'r0c4', 'r0c5', 'r0c6', 'r0c7', 'r1c3', 'r1c4', 'r1c6', 'r2c0', 'r2c1', 'r2c2', 'r2c3', 'r2c4', 'r2c5', 'r2c6', 'r2c7', 'r3c0', 'r3c1', 'r3c2', 'r3c3', 'r3c6', 'r3c7', 'r4c3', 'r4c4', 'r4c5', 'r4c6', 'r4c7']",6,8,210.9133758544922,0,0,0,none,0.0,0.0,0.0
81,83,585,598,6.75732421875,-0.16352081298828125,146,0.35096153846153844,0.6041666666666666,0.9166666666666666,0.38033878803253174,0.44696969696969696,0.030773638801845082,True,0.8471134319698288,False,['insufficient_model_inlier_ratio_retained'],skip,True,416,410,407,383,146,0.9206730769230769,0.381201044386423,0.35096153846153844,0.02756185084581375,2.3157875489242556,6.805115647038804,12.314500714135615,146,118,13,267.1359999999986,1.0,0.0,full_calibrated_frame,gray,21,3,False,48,29,"['r0c0', 'r0c1', 'r0c3', 'r0c4', 'r0c5', 'r0c6', 'r0c7', 'r1c3', 'r1c6', 'r2c0', 'r2c1', 'r2c2', 'r2c3', 'r2c4', 'r2c5', 'r2c6', 'r2c7', 'r3c0', 'r3c1', 'r3c2', 'r3c3', 'r3c5', 'r3c6', 'r3c7', 'r4c4', 'r4c5', 'r4c6', 'r4c7', 'r5c4']",6,8,210.9133758544922,0,0,0,none,0.0,0.0,0.0
82,84,592,604,6.4970703125,-0.2166118621826172,143,0.34375,0.5833333333333334,0.7,0.32940199971199036,0.45,0.029903091693836703,True,0.849673202614379,False,['insufficient_model_inlier_ratio_retained'],skip,True,416,413,410,374,143,0.8990384615384616,0.38235294117647056,0.34375,0.029927078634500504,2.5145989992213726,6.714185030280368,10.010814057944026,143,117,12,267.13700000000244,1.0,0.0,full_calibrated_frame,gray,21,3,False,48,28,"['r0c0', 'r0c1', 'r0c3', 'r0c4', 'r0c5', 'r0c6', 'r0c7', 'r1c3', 'r1c6', 'r2c0', 'r2c1', 'r2c2', 'r2c3', 'r2c4', 'r2c5', 'r2c6', 'r2c7', 'r3c0', 'r3c1', 'r3c2', 'r3c4', 'r3c5', 'r3c6', 'r3c7', 'r4c4', 'r4c5', 'r4c6', 'r4c7']",6,8,210.9133758544922,0,0,0,none,0.0,0.0,0.0
83,85,598,610,6.663543701171875,-0.19864654541015625,157,0.3685446009389671,0.625,0.9208333333333333,0.40966689586639404,0.4290909090909091,0.03090430107101988,True,0.8922989485649333,False,['insufficient_model_inlier_ratio_retained'],skip,True,426,421,419,391,157,0.9178403755868545,0.40153452685422,0.3685446009389671,0.028751567006111145,2.5300002089624387,7.204506526172759,10.035631178504367,157,118,12,267.13700000000244,1.0,0.0,full_calibrated_frame,gray,21,3,False,48,30,"['r0c0', 'r0c1', 'r0c3', 'r0c4', 'r0c5', 'r0c6', 'r0c7', 'r1c3', 'r1c5', 'r1c6', 'r2c0', 'r2c1', 'r2c2', 'r2c3', 'r2c4', 'r2c5', 'r2c6', 'r2c7', 'r3c1', 'r3c2', 'r3c4', 'r3c5', 'r3c6', 'r3c7', 'r4c2', 'r4c4', 'r4c5', 'r4c6', 'r4c7', 'r5c2']",6,8,210.9133758544922,0,0,0,none,0.0,0.0,0.0
84,86,604,617,6.288429260253906,-0.10398101806640625,159,0.37149532710280375,0.6666666666666666,0.9208333333333333,0.36068135499954224,0.4132841328413284,0.029506585986601996,True,0.913006029285099,False,['insufficient_model_inlier_ratio_retained'],skip,True,428,423,414,387,159,0.9042056074766355,0.4108527131782946,0.37149532710280375,0.02019425667822361,2.2434602154200745,6.40379397252898,9.666335712033282,159,112,13,267.1359999999986,1.0,0.0,full_calibrated_frame,gray,21,3,False,48,32,"['r0c0', 'r0c3', 'r0c4', 'r0c5', 'r0c6', 'r0c7', 'r1c3', 'r1c5', 'r1c6', 'r1c7', 'r2c0', 'r2c1', 'r2c2', 'r2c3', 'r2c4', 'r2c5', 'r2c6', 'r2c7', 'r3c1', 'r3c2', 'r3c4', 'r3c5', 'r3c6', 'r3c7', 'r4c2', 'r4c3', 'r4c4', 'r4c5', 'r4c6', 'r4c7', 'r5c2', 'r5c4']",6,8,210.9133758544922,0,0,0,none,0.0,0.0,0.0
85,87,610,623,5.814666748046875,-0.026561737060546875,153,0.3686746987951807,0.6458333333333334,0.9333333333333333,0.36073729395866394,0.4226415094339623,0.027352714660777877,True,0.9418282548476454,False,['insufficient_model_inlier_ratio_retained'],skip,True,415,410,380,361,153,0.8698795180722891,0.42382271468144045,0.3686746987951807,0.020264718681573868,2.0841618601212515,6.180165202088739,8.507957002443355,153,112,13,267.1359999999986,1.0,0.0,full_calibrated_frame,gray,21,3,False,48,31,"['r0c0', 'r0c3', 'r0c4', 'r0c5', 'r0c6', 'r0c7', 'r1c3', 'r1c5', 'r1c6', 'r2c0', 'r2c1', 'r2c2', 'r2c3', 'r2c4', 'r2c5', 'r2c6', 'r2c7', 'r3c1', 'r3c2', 'r3c4', 'r3c5', 'r3c6', 'r3c7', 'r4c2', 'r4c3', 'r4c4', 'r4c5', 'r4c6', 'r4c7', 'r5c2', 'r5c4']",6,8,210.9133758544922,0,0,0,none,0.0,0.0,0.0
86,88,617,629,5.743812561035156,-0.18951034545898438,148,0.36363636363636365,0.6666666666666666,0.7125,0.33648180961608887,0.44776119402985076,0.02622438228034013,True,0.9370053814498259,False,['insufficient_model_inlier_ratio_retained'],skip,True,407,403,377,351,148,0.8624078624078624,0.42165242165242167,0.36363636363636365,0.02647409774363041,2.0800525818078297,5.732960212122578,7.7795830517568945,148,120,12,267.1359999999986,1.0,0.0,full_calibrated_frame,gray,21,3,False,48,32,"['r0c0', 'r0c2', 'r0c3', 'r0c4', 'r0c5', 'r0c6', 'r1c0', 'r1c2', 'r1c3', 'r1c5', 'r1c6', 'r2c0', 'r2c1', 'r2c2', 'r2c3', 'r2c4', 'r2c5', 'r2c6', 'r3c1', 'r3c2', 'r3c3', 'r3c4', 'r3c5', 'r3c6', 'r3c7', 'r4c0', 'r4c2', 'r4c3', 'r4c4', 'r4c5', 'r4c6', 'r4c7']",6,8,210.9133758544922,0,0,0,none,0.0,0.0,0.0
87,89,623,635,6.163818359375,-0.194488525390625,171,0.42431761786600497,0.7291666666666666,0.7125,0.2842606008052826,0.4280936454849498,0.026398255676460036,True,0.9947643979057591,False,['insufficient_model_inlier_ratio_retained'],skip,True,403,402,398,382,171,0.9478908188585607,0.4476439790575916,0.42431761786600497,0.024935243651270866,1.8817942026949845,5.426540735241709,8.223312399914446,171,128,12,267.13600000000224,1.0,0.0,full_calibrated_frame,gray,21,3,False,48,35,"['r0c0', 'r0c2', 'r0c3', 'r0c4', 'r0c5', 'r0c6', 'r0c7', 'r1c0', 'r1c1', 'r1c2', 'r1c3', 'r1c5', 'r1c6', 'r1c7', 'r2c0', 'r2c1', 'r2c2', 'r2c3', 'r2c4', 'r2c5', 'r2c6', 'r3c1', 'r3c2', 'r3c3', 'r3c4', 'r3c5', 'r3c6', 'r3c7', 'r4c1', 'r4c2', 'r4c3', 'r4c4', 'r4c5', 'r4c6', 'r4c7']",6,8,210.9133758544922,0,0,0,none,0.0,0.0,0.0
88,90,629,642,6.589996337890625,-0.133026123046875,142,0.3641025641025641,0.6666666666666666,0.7,0.32983678579330444,0.4517374517374517,0.029799974162486143,True,0.8692990511172329,False,"['insufficient_model_inlier_ratio_retained', 'excessive_parallax_clusters']",skip,True,390,388,387,363,142,0.9307692307692308,0.39118457300275483,0.3641025641025641,0.02397557906806469,2.277884428612231,5.975296616193176,8.286587490879386,142,117,13,283.83200000000215,1.0,0.0,full_calibrated_frame,gray,21,3,False,48,32,"['r0c0', 'r0c2', 'r0c3', 'r0c4', 'r0c5', 'r0c6', 'r0c7', 'r1c2', 'r1c3', 'r1c5', 'r1c7', 'r2c0', 'r2c1', 'r2c2', 'r2c3', 'r2c4', 'r2c5', 'r2c6', 'r3c1', 'r3c2', 'r3c4', 'r3c5', 'r3c6', 'r3c7', 'r4c0', 'r4c1', 'r4c2', 'r4c3', 'r4c4', 'r4c5', 'r4c6', 'r4c7']",6,8,210.9133758544922,0,0,0,none,0.0,0.0,0.0
89,91,635,649,6.762115478515625,-0.08948516845703125,137,0.33910891089108913,0.5625,0.7166666666666667,0.30996498465538025,0.44081632653061226,0.03214963514575442,True,0.8183990442054958,False,['insufficient_model_inlier_ratio_retained'],skip,True,404,395,393,372,137,0.9207920792079208,0.3682795698924731,0.33910891089108913,0.023160044103860855,2.803332328481224,7.179432878241839,9.187938830671541,137,108,14,300.52899999999863,1.0,0.0,full_calibrated_frame,gray,21,3,False,48,27,"['r0c0', 'r0c2', 'r0c3', 'r0c4', 'r0c5', 'r0c6', 'r1c3', 'r1c4', 'r1c5', 'r1c6', 'r2c0', 'r2c1', 'r2c2', 'r2c3', 'r2c4', 'r2c5', 'r2c6', 'r3c1', 'r3c2', 'r3c4', 'r3c5', 'r3c6', 'r4c0', 'r4c3', 'r4c4', 'r4c5', 'r4c6']",6,8,210.9133758544922,0,0,0,none,0.0,0.0,0.0
90,92,642,656,6.821662902832031,-0.23453521728515625,142,0.34382566585956414,0.625,0.7083333333333334,0.36926308274269104,0.432,0.030812712268893316,True,0.8437314319667261,False,['insufficient_model_inlier_ratio_retained'],skip,True,413,412,407,374,142,0.9055690072639225,0.37967914438502676,0.34382566585956414,0.027099624276161194,2.55307978439006,6.76328818555108,9.321674247107943,142,108,14,283.8329999999987,1.0,0.0,full_calibrated_frame,gray,21,3,False,48,30,"['r0c0', 'r0c2', 'r0c3', 'r0c4', 'r0c5', 'r0c6', 'r0c7', 'r1c2', 'r1c3', 'r1c4', 'r1c5', 'r1c6', 'r2c0', 'r2c1', 'r2c2', 'r2c3', 'r2c4', 'r2c5', 'r2c6', 'r3c1', 'r3c2', 'r3c3', 'r3c4', 'r3c5', 'r3c6', 'r3c7', 'r4c3', 'r4c4', 'r4c5', 'r4c6']",6,8,210.9133758544922,0,0,0,none,0.0,0.0,0.0
91,93,649,662,6.446685791015625,-0.23382568359375,138,0.3231850117096019,0.5625,0.9083333333333333,0.3861764073371887,0.4671814671814672,0.028855759827532135,True,0.7783417935702199,False,"['insufficient_model_inlier_ratio_retained', 'excessive_parallax_clusters']",skip,True,427,425,423,394,138,0.9227166276346604,0.350253807106599,0.3231850117096019,0.029792211949825287,2.624038714194971,6.535517822816658,8.98896830111738,138,121,13,267.1359999999986,1.0,0.0,full_calibrated_frame,gray,21,3,False,48,27,"['r0c0', 'r0c2', 'r0c3', 'r0c4', 'r0c5', 'r0c6', 'r1c2', 'r1c3', 'r1c4', 'r1c5', 'r2c0', 'r2c1', 'r2c2', 'r2c3', 'r2c4', 'r2c5', 'r2c6', 'r3c1', 'r3c2', 'r3c3', 'r3c5', 'r3c6', 'r4c3', 'r4c4', 'r4c5', 'r4c7', 'r5c3']",6,8,210.9133758544922,0,0,0,none,0.0,0.0,0.0
92,94,656,668,6.101318359375,-0.024394989013671875,141,0.34057971014492755,0.5833333333333334,0.9583333333333334,0.2780420482158661,0.48161764705882354,0.027702017228731668,True,0.809646856158484,False,"['insufficient_model_inlier_ratio_retained', 'excessive_parallax_clusters']",skip,True,414,411,411,387,141,0.9347826086956522,0.3643410852713178,0.34057971014492755,0.02084742859005928,2.607573376232396,6.476972637120375,8.100159021617763,141,131,12,267.13600000000224,1.0,0.0,full_calibrated_frame,gray,21,3,False,48,28,"['r0c0', 'r0c2', 'r0c3', 'r0c4', 'r0c5', 'r0c6', 'r1c2', 'r1c3', 'r1c4', 'r1c5', 'r2c0', 'r2c1', 'r2c2', 'r2c3', 'r2c4', 'r2c5', 'r2c6', 'r3c0', 'r3c1', 'r3c2', 'r3c3', 'r3c4', 'r3c5', 'r3c6', 'r4c3', 'r4c4', 'r4c5', 'r5c3']",6,8,210.9133758544922,0,0,0,none,0.0,0.0,0.0
93,95,662,675,6.3184814453125,-0.0660400390625,133,0.321256038647343,0.5833333333333334,0.95,0.3474476635456085,0.49236641221374045,0.02773010340715476,True,0.805328489252195,False,"['insufficient_model_inlier_ratio_retained', 'excessive_parallax_clusters']",skip,True,414,409,405,367,133,0.8864734299516909,0.36239782016348776,0.321256038647343,0.024514397606253624,2.570603559567549,6.346463571213802,14.762592353843226,133,129,13,283.83200000000215,1.0,0.0,full_calibrated_frame,gray,21,3,False,48,28,"['r0c2', 'r0c3', 'r0c4', 'r0c5', 'r0c6', 'r1c2', 'r1c3', 'r1c4', 'r1c5', 'r1c6', 'r2c0', 'r2c1', 'r2c2', 'r2c3', 'r2c4', 'r2c5', 'r2c6', 'r3c1', 'r3c2', 'r3c3', 'r3c4', 'r3c5', 'r3c6', 'r4c3', 'r4c4', 'r4c5', 'r5c3', 'r5c6']",6,8,210.9133758544922,0,0,0,none,0.0,0.0,0.0
94,96,668,682,11.710250854492188,-0.2513580322265625,128,0.3248730964467005,0.4791666666666667,0.9791666666666666,0.3123548626899719,0.5076923076923077,0.027744842080572152,True,0.7923243577839678,False,"['insufficient_model_inlier_ratio_retained', 'excessive_parallax_clusters']",skip,True,394,392,381,359,128,0.9111675126903553,0.3565459610027855,0.3248730964467005,0.027120079845190048,3.075242004709354,10.224007294295562,15.357142016518479,128,132,14,300.5279999999984,1.0,0.0,full_calibrated_frame,gray,21,3,False,48,23,"['r0c0', 'r0c1', 'r0c6', 'r0c7', 'r1c0', 'r1c1', 'r1c3', 'r1c4', 'r1c6', 'r1c7', 'r2c6', 'r2c7', 'r3c6', 'r3c7', 'r4c0', 'r4c1', 'r4c7', 'r5c0', 'r5c1', 'r5c2', 'r5c4', 'r5c6', 'r5c7']",6,8,210.9133758544922,0,0,0,none,0.0,0.0,0.0
95,97,675,689,5.630332946777344,-0.15163803100585938,134,0.3462532299741602,0.5625,0.9416666666666667,0.2510119378566742,0.5347222222222222,0.02578433450522266,True,0.8004778972520908,False,"['insufficient_model_inlier_ratio_retained', 'excessive_parallax_clusters']",skip,True,387,385,385,372,134,0.9612403100775194,0.3602150537634409,0.3462532299741602,0.017750145867466927,2.6270785371841328,5.967879959934109,6.39103843665528,134,154,14,283.8319999999985,1.0,0.0,full_calibrated_frame,gray,21,3,False,48,27,"['r0c1', 'r0c2', 'r0c3', 'r0c4', 'r0c5', 'r0c6', 'r1c1', 'r1c2', 'r1c4', 'r1c5', 'r2c0', 'r2c1', 'r2c2', 'r2c3', 'r2c4', 'r2c5', 'r3c0', 'r3c1', 'r3c2', 'r3c3', 'r3c4', 'r3c5', 'r4c2', 'r4c3', 'r4c4', 'r4c5', 'r5c3']",6,8,210.9133758544922,0,0,0,none,0.0,0.0,0.0
96,98,682,695,11.088333129882812,-0.1703033447265625,135,0.3349875930521092,0.5208333333333334,0.9875,0.2949379086494446,0.5246478873239436,0.026281556193709088,True,0.7978723404255319,False,"['insufficient_model_inlier_ratio_retained', 'excessive_parallax_clusters']",skip,True,403,403,402,376,135,0.9330024813895782,0.35904255319148937,0.3349875930521092,0.013827056623995304,2.9484363977109775,7.213338550126517,14.891669516432625,135,149,13,267.1359999999986,1.0,0.0,full_calibrated_frame,gray,21,3,False,48,25,"['r0c0', 'r0c1', 'r0c3', 'r0c4', 'r0c6', 'r0c7', 'r1c0', 'r1c1', 'r1c2', 'r1c3', 'r1c6', 'r1c7', 'r2c6', 'r2c7', 'r3c6', 'r3c7', 'r4c0', 'r4c6', 'r4c7', 'r5c0', 'r5c1', 'r5c2', 'r5c4', 'r5c6', 'r5c7']",6,8,210.9133758544922,0,0,0,none,0.0,0.0,0.0
97,99,689,701,13.064502477645874,-0.20717239379882812,131,0.3283208020050125,0.5,0.9791666666666666,0.38857701420783997,0.5075187969924813,0.03032186284130478,True,0.7846660676849355,False,"['insufficient_model_inlier_ratio_retained', 'excessive_parallax_clusters']",skip,True,399,399,399,371,131,0.9298245614035088,0.353099730458221,0.3283208020050125,0.016667941585183144,3.477272068506094,7.6647132881513205,18.54141832916002,131,135,12,267.1369999999988,1.0,0.0,full_calibrated_frame,gray,21,3,False,48,24,"['r0c0', 'r0c1', 'r0c3', 'r0c6', 'r0c7', 'r1c0', 'r1c2', 'r1c3', 'r1c6', 'r1c7', 'r2c6', 'r2c7', 'r3c6', 'r3c7', 'r4c0', 'r4c6', 'r4c7', 'r5c0', 'r5c1', 'r5c2', 'r5c3', 'r5c4', 'r5c6', 'r5c7']",6,8,210.9133758544922,0,0,0,none,0.0,0.0,0.0
0,4,54,78,9.538497924804688,-0.1719512939453125,173,0.3844444444444444,0.5416666666666666,0.9583333333333334,0.31095030903816223,0.47575757575757577,0.022341833454451954,True,0.9376693766937669,False,"['insufficient_model_inlier_ratio_retained', 'excessive_parallax_clusters']",skip,True,450,441,436,410,173,0.9111111111111111,0.4219512195121951,0.3844444444444444,0.020466811954975128,2.5110520668343703,8.906090979836852,13.454928145163693,173,157,24,550.9680000000008,1.0,0.0,full_calibrated_frame,gray,21,3,False,48,26,"['r0c1', 'r0c2', 'r0c3', 'r0c4', 'r0c5', 'r1c1', 'r1c2', 'r1c3', 'r1c4', 'r1c5', 'r1c7', 'r2c0', 'r2c1', 'r3c0', 'r3c1', 'r4c0', 'r4c1', 'r4c7', 'r5c0', 'r5c1', 'r5c2', 'r5c3', 'r5c4', 'r5c5', 'r5c6', 'r5c7']",6,8,210.9133758544922,0,0,0,none,0.0,0.0,0.0
1,5,60,84,11.004440307617188,-0.2922859191894531,166,0.3688888888888889,0.5833333333333334,0.95,0.29863259196281433,0.4521452145214521,0.025756392229034364,True,0.9153570443893024,False,"['insufficient_model_inlier_ratio_retained', 'excessive_parallax_clusters']",skip,True,450,440,439,403,166,0.8955555555555555,0.4119106699751861,0.3688888888888889,0.024841219186782837,2.762249306016018,9.762644230804309,14.677826310970909,166,137,24,550.9679999999989,1.0,0.0,full_calibrated_frame,gray,21,3,False,48,28,"['r0c0', 'r0c1', 'r0c2', 'r0c3', 'r0c4', 'r0c5', 'r1c0', 'r1c1', 'r1c2', 'r1c3', 'r1c4', 'r1c5', 'r1c7', 'r2c0', 'r2c1', 'r3c0', 'r3c1', 'r4c0', 'r4c1', 'r4c6', 'r4c7', 'r5c0', 'r5c1', 'r5c2', 'r5c3', 'r5c4', 'r5c5', 'r5c6']",6,8,210.9133758544922,0,0,0,none,0.0,0.0,0.0
2,6,66,90,13.783172607421875,-0.301666259765625,149,0.3363431151241535,0.5208333333333334,0.9583333333333334,0.3382289707660675,0.42023346303501946,0.03186087795820092,True,0.849002849002849,False,['insufficient_model_inlier_ratio_retained'],skip,True,443,432,427,390,149,0.8803611738148984,0.382051282051282,0.3363431151241535,0.035427525639534,3.0968747068235256,10.920249193491777,16.140208477671333,149,108,24,567.6640000000007,1.0,0.0,full_calibrated_frame,gray,21,3,False,48,25,"['r0c0', 'r0c1', 'r0c2', 'r0c3', 'r0c4', 'r0c5', 'r1c0', 'r1c1', 'r1c2', 'r1c3', 'r1c4', 'r1c5', 'r1c7', 'r2c0', 'r2c1', 'r3c0', 'r3c1', 'r4c0', 'r4c1', 'r5c0', 'r5c1', 'r5c2', 'r5c3', 'r5c4', 'r5c5']",6,8,210.9133758544922,0,0,0,none,0.0,0.0,0.0
3,7,72,97,17.222991943359375,-0.2524261474609375,113,0.2627906976744186,0.4375,0.9583333333333334,0.3986736536026001,0.4567307692307692,0.03706021077031063,True,0.6696296296296297,False,"['insufficient_model_inlier_ratio_retained', 'excessive_parallax_clusters']",skip,True,430,420,418,375,113,0.872093023255814,0.30133333333333334,0.2627906976744186,0.03970373794436455,4.105814600514523,12.426259522771645,19.060271120262325,113,95,25,567.664999999999,1.0,0.0,full_calibrated_frame,gray,21,3,False,48,21,"['r0c0', 'r0c1', 'r0c2', 'r0c3', 'r0c4', 'r1c0', 'r1c1', 'r1c2', 'r1c3', 'r1c4', 'r2c0', 'r2c1', 'r3c0', 'r3c1', 'r4c0', 'r4c1', 'r5c0', 'r5c1', 'r5c2', 'r5c3', 'r5c4']",6,8,210.9133758544922,0,0,0,none,0.0,0.0,0.0
4,8,78,104,20.28662109375,-0.42523956298828125,77,0.175,0.2916666666666667,0.9625,0.4400239586830139,0.51875,0.044186325750902866,True,0.48336472065285624,False,"['insufficient_model_inlier_ratio_retained', 'insufficient_effective_inlier_ratio_detected', 'excessive_parallax_clusters']",skip,True,440,426,419,354,77,0.8045454545454546,0.2175141242937853,0.175,0.0428672693669796,5.736662508523064,18.145697552035344,29.0288473068565,77,83,26,550.9689999999991,1.0,0.0,full_calibrated_frame,gray,21,3,False,48,14,"['r0c0', 'r0c1', 'r1c0', 'r1c1', 'r1c3', 'r2c0', 'r2c1', 'r3c0', 'r3c1', 'r4c1', 'r5c0', 'r5c1', 'r5c3', 'r5c4']",6,8,210.9133758544922,0,0,0,none,0.0,0.0,0.0
5,9,84,111,21.192733764648438,-0.3292732238769531,61,0.13895216400911162,0.2916666666666667,0.875,0.37891292572021484,0.5579710144927537,0.04933097596776992,True,0.38619816397594176,False,"['insufficient_model_inlier_ratio_retained', 'insufficient_effective_inlier_ratio_detected', 'excessive_parallax_clusters']",skip,True,439,423,420,351,61,0.7995444191343963,0.1737891737891738,0.13895216400911162,0.04340125992894173,5.081374632486468,17.625492382211085,28.29098760333038,61,77,27,550.969000000001,1.0,0.0,full_calibrated_frame,gray,21,3,False,48,14,"['r0c1', 'r0c2', 'r0c3', 'r0c4', 'r0c5', 'r1c1', 'r1c3', 'r1c4', 'r2c1', 'r3c1', 'r5c2', 'r5c3', 'r5c4', 'r5c5']",6,8,210.9133758544922,0,0,0,none,0.0,0.0,0.0
6,10,90,118,22.146255493164062,-0.3455047607421875,88,0.19909502262443438,0.375,0.8916666666666667,0.42015597224235535,0.42483660130718953,0.052028578394055836,True,0.5432098765432098,False,"['insufficient_model_inlier_ratio_retained', 'insufficient_effective_inlier_ratio_detected']",skip,True,442,427,425,360,88,0.8144796380090498,0.24444444444444444,0.19909502262443438,0.04899324104189873,4.585283697558894,19.040978013573373,29.063515595915828,88,65,28,550.9689999999991,1.0,0.0,full_calibrated_frame,gray,21,3,False,48,18,"['r0c0', 'r0c1', 'r0c2', 'r0c3', 'r0c4', 'r0c5', 'r1c0', 'r1c1', 'r1c3', 'r1c4', 'r2c0', 'r2c1', 'r3c0', 'r3c1', 'r4c1', 'r5c2', 'r5c3', 'r5c4']",6,8,210.9133758544922,0,0,0,none,0.0,0.0,0.0
7,11,97,125,21.712265014648438,-0.4971466064453125,82,0.18385650224215247,0.3958333333333333,0.925,0.4308909773826599,0.4605263157894737,0.05082123461267396,True,0.5221267112384591,False,"['insufficient_model_inlier_ratio_retained', 'insufficient_effective_inlier_ratio_detected', 'excessive_parallax_clusters']",skip,True,446,423,421,349,82,0.7825112107623319,0.2349570200573066,0.18385650224215247,0.04988788068294525,4.989938277634728,18.594467638332702,29.10661582485694,82,70,28,550.9680000000008,1.0,0.0,full_calibrated_frame,gray,21,3,False,48,19,"['r0c0', 'r0c1', 'r0c2', 'r0c3', 'r0c4', 'r0c5', 'r1c0', 'r1c1', 'r1c3', 'r1c4', 'r2c0', 'r2c1', 'r3c0', 'r3c1', 'r4c1', 'r5c1', 'r5c2', 'r5c3', 'r5c4']",6,8,210.9133758544922,0,0,0,none,0.0,0.0,0.0
8,12,104,131,18.60436248779297,-0.3629169464111328,80,0.18140589569160998,0.375,0.8833333333333333,0.4350624084472656,0.5,0.048231552949867806,True,0.5108556832694764,False,"['insufficient_model_inlier_ratio_retained', 'insufficient_effective_inlier_ratio_detected', 'excessive_parallax_clusters']",skip,True,441,414,412,348,80,0.7891156462585034,0.22988505747126436,0.18140589569160998,0.047814346849918365,4.006579144246701,16.903607858634015,28.259028311313475,80,80,27,550.9680000000008,1.0,0.0,full_calibrated_frame,gray,21,3,False,48,18,"['r0c1', 'r0c2', 'r0c3', 'r0c4', 'r1c1', 'r1c3', 'r1c4', 'r2c1', 'r3c1', 'r4c6', 'r4c7', 'r5c1', 'r5c2', 'r5c3', 'r5c4', 'r5c5', 'r5c6', 'r5c7']",6,8,210.9133758544922,0,0,0,none,0.0,0.0,0.0
9,13,111,137,19.321395874023438,-0.33003997802734375,82,0.18181818181818182,0.3541666666666667,0.875,0.362845242023468,0.49693251533742333,0.046191000376228586,True,0.5118601747815231,False,"['insufficient_model_inlier_ratio_retained', 'insufficient_effective_inlier_ratio_detected', 'excessive_parallax_clusters']",skip,True,451,422,421,356,82,0.7893569844789357,0.2303370786516854,0.18181818181818182,0.04702099785208702,5.227788418885121,16.240952029281413,21.6741443297397,82,81,26,550.9679999999989,1.0,0.0,full_calibrated_frame,gray,21,3,False,48,17,"['r0c0', 'r0c1', 'r0c2', 'r0c3', 'r0c4', 'r1c0', 'r1c1', 'r1c2', 'r1c3', 'r2c0', 'r2c1', 'r3c0', 'r3c1', 'r5c1', 'r5c2', 'r5c3', 'r5c4']",6,8,210.9133758544922,0,0,0,none,0.0,0.0,0.0
10,14,118,143,18.280303955078125,-0.3695240020751953,85,0.19187358916478556,0.3541666666666667,0.8708333333333333,0.4015689492225647,0.5251396648044693,0.044753292873904615,True,0.5350960025180989,False,"['insufficient_model_inlier_ratio_retained', 'insufficient_effective_inlier_ratio_detected', 'excessive_parallax_clusters']",skip,True,443,422,417,353,85,0.7968397291196389,0.24079320113314448,0.19187358916478556,0.04721074923872948,3.595005077828069,13.273018103451129,19.7845780865061,85,94,25,550.9680000000008,1.0,0.0,full_calibrated_frame,gray,21,3,False,48,17,"['r0c1', 'r0c3', 'r0c4', 'r1c1', 'r1c2', 'r1c3', 'r1c4', 'r1c7', 'r2c1', 'r3c1', 'r4c7', 'r5c1', 'r5c2', 'r5c3', 'r5c4', 'r5c5', 'r5c7']",6,8,210.9133758544922,0,0,0,none,0.0,0.0,0.0
11,15,125,150,19.223037719726562,-0.2588348388671875,86,0.20187793427230047,0.3958333333333333,0.8666666666666667,0.5207503437995911,0.4911242603550296,0.04898032201509195,True,0.5539452495974235,False,"['insufficient_model_inlier_ratio_retained', 'insufficient_effective_inlier_ratio_detected', 'excessive_parallax_clusters']",skip,True,426,401,397,345,86,0.8098591549295775,0.2492753623188406,0.20187793427230047,0.049531836062669754,4.153624692741388,16.71924787814297,21.270676364340556,86,83,25,567.664999999999,1.0,0.0,full_calibrated_frame,gray,21,3,False,48,19,"['r0c0', 'r0c1', 'r0c3', 'r0c4', 'r1c3', 'r1c4', 'r1c6', 'r2c1', 'r3c0', 'r3c1', 'r4c6', 'r4c7', 'r5c1', 'r5c2', 'r5c3', 'r5c4', 'r5c5', 'r5c6', 'r5c7']",6,8,210.9133758544922,0,0,0,none,0.0,0.0,0.0
12,16,131,156,19.51531982421875,-0.32787513732910156,84,0.19004524886877827,0.3333333333333333,0.8625,0.40835294127464294,0.5,0.049812974908298946,True,0.5426356589147286,False,"['insufficient_model_inlier_ratio_retained', 'insufficient_effective_inlier_ratio_detected', 'excessive_parallax_clusters']",skip,True,442,429,422,344,84,0.7782805429864253,0.2441860465116279,0.19004524886877827,0.0571724995970726,4.234143422083788,17.623101962496975,20.79829729250759,84,84,25,567.6650000000009,1.0,0.0,full_calibrated_frame,gray,21,3,False,48,16,"['r0c1', 'r0c3', 'r0c4', 'r1c4', 'r1c6', 'r2c1', 'r3c0', 'r3c1', 'r4c6', 'r4c7', 'r5c1', 'r5c3', 'r5c4', 'r5c5', 'r5c6', 'r5c7']",6,8,210.9133758544922,0,0,0,none,0.0,0.0,0.0
13,17,137,163,21.06494140625,-0.4399566650390625,77,0.17701149425287357,0.3958333333333333,0.8708333333333333,0.45218321681022644,0.5095541401273885,0.05119750741493578,True,0.5153949129852744,False,"['insufficient_model_inlier_ratio_retained', 'insufficient_effective_inlier_ratio_detected', 'excessive_parallax_clusters']",skip,True,435,429,417,332,77,0.7632183908045977,0.2319277108433735,0.17701149425287357,0.07118046283721924,5.072375553229238,19.511255354503074,26.542868498204104,77,80,26,584.3610000000008,1.0,0.0,full_calibrated_frame,gray,21,3,False,48,19,"['r0c0', 'r0c1', 'r0c2', 'r0c3', 'r0c4', 'r1c0', 'r1c1', 'r1c2', 'r1c3', 'r1c6', 'r2c0', 'r3c0', 'r4c0', 'r5c0', 'r5c1', 'r5c2', 'r5c3', 'r5c4', 'r5c7']",6,8,210.9133758544922,0,0,0,none,0.0,0.0,0.0
14,18,143,170,10.121147155761719,-0.276275634765625,75,0.16968325791855204,0.3541666666666667,0.6375,0.4940302073955536,0.5508982035928144,0.04926842276023602,True,0.47892720306513403,False,"['insufficient_model_inlier_ratio_retained', 'insufficient_effective_inlier_ratio_detected', 'excessive_parallax_clusters']",skip,True,442,427,418,348,75,0.7873303167420814,0.21551724137931033,0.16968325791855204,0.06188284605741501,5.959898318601448,11.3931703535002,13.683940012129032,75,92,27,567.664999999999,1.0,0.0,full_calibrated_frame,gray,21,3,False,48,17,"['r0c2', 'r0c5', 'r0c6', 'r0c7', 'r1c5', 'r2c1', 'r2c2', 'r2c3', 'r2c4', 'r2c5', 'r2c6', 'r2c7', 'r3c2', 'r3c4', 'r3c5', 'r3c6', 'r4c1']",6,8,210.9133758544922,0,0,0,none,0.0,0.0,0.0
15,19,150,176,9.664642333984375,-0.25449371337890625,88,0.19555555555555557,0.375,0.675,0.42610740661621094,0.5268817204301075,0.046515690360879325,True,0.5477746654217243,False,"['insufficient_model_inlier_ratio_retained', 'insufficient_effective_inlier_ratio_detected', 'excessive_parallax_clusters']",skip,True,450,427,425,357,88,0.7933333333333333,0.24649859943977592,0.19555555555555557,0.046184241771698,5.276577496438921,10.62010816642878,12.896620333483588,88,98,26,550.9680000000008,1.0,0.0,full_calibrated_frame,gray,21,3,False,48,18,"['r0c1', 'r0c2', 'r0c5', 'r0c6', 'r0c7', 'r2c1', 'r2c2', 'r2c3', 'r2c4', 'r2c5', 'r2c6', 'r2c7', 'r3c1', 'r3c2', 'r3c4', 'r3c5', 'r3c7', 'r4c1']",6,8,210.9133758544922,0,0,0,none,0.0,0.0,0.0
16,20,156,183,18.466243743896484,-0.25393104553222656,96,0.2191780821917808,0.4375,0.875,0.5015642642974854,0.5151515151515151,0.04613803884685963,True,0.5765765765765766,False,"['insufficient_model_inlier_ratio_retained', 'insufficient_effective_inlier_ratio_detected', 'excessive_parallax_clusters']",skip,True,438,421,419,370,96,0.8447488584474886,0.2594594594594595,0.2191780821917808,0.05408777296543121,4.164380118146244,16.974307039110126,21.351097564924345,96,102,27,550.9679999999989,1.0,0.0,full_calibrated_frame,gray,21,3,False,48,21,"['r0c0', 'r0c1', 'r0c2', 'r0c3', 'r0c4', 'r1c0', 'r1c3', 'r1c4', 'r1c6', 'r1c7', 'r2c0', 'r3c0', 'r4c0', 'r4c7', 'r5c0', 'r5c1', 'r5c2', 'r5c3', 'r5c4', 'r5c5', 'r5c7']",6,8,210.9133758544922,0,0,0,none,0.0,0.0,0.0
17,21,163,189,9.48272705078125,-0.16390228271484375,107,0.24597701149425288,0.4166666666666667,0.6375,0.36138471961021423,0.49047619047619045,0.04563640602224339,True,0.6461352657004831,False,"['insufficient_model_inlier_ratio_retained', 'insufficient_effective_inlier_ratio_detected', 'excessive_parallax_clusters']",skip,True,435,418,416,368,107,0.8459770114942529,0.2907608695652174,0.24597701149425288,0.05104342848062515,4.7839547919501095,9.76888428463127,11.75580734072949,107,103,26,534.2720000000008,1.0,0.0,full_calibrated_frame,gray,21,3,False,48,20,"['r0c1', 'r0c2', 'r0c4', 'r0c5', 'r0c6', 'r0c7', 'r1c7', 'r2c1', 'r2c2', 'r2c3', 'r2c4', 'r2c5', 'r2c6', 'r2c7', 'r3c0', 'r3c1', 'r3c2', 'r3c4', 'r3c5', 'r3c6']",6,8,210.9133758544922,0,0,0,none,0.0,0.0,0.0
18,22,170,195,9.468490600585938,-0.24058055877685547,95,0.2149321266968326,0.3958333333333333,0.6458333333333334,0.5045556426048279,0.4919786096256685,0.04512085444944608,True,0.6049028971665075,False,"['insufficient_model_inlier_ratio_retained', 'insufficient_effective_inlier_ratio_detected', 'excessive_parallax_clusters']",skip,True,442,401,399,349,95,0.7895927601809954,0.2722063037249284,0.2149321266968326,0.056805502623319626,4.578768801590422,9.675644454397723,11.773288436189882,95,92,25,534.2720000000008,1.0,0.0,full_calibrated_frame,gray,21,3,False,48,19,"['r0c1', 'r0c4', 'r0c5', 'r0c6', 'r0c7', 'r1c5', 'r1c7', 'r2c1', 'r2c2', 'r2c3', 'r2c4', 'r2c5', 'r2c6', 'r2c7', 'r3c0', 'r3c1', 'r3c2', 'r3c4', 'r3c5']",6,8,210.9133758544922,0,0,0,none,0.0,0.0,0.0
19,23,176,202,9.606170654296875,-0.2711181640625,93,0.2108843537414966,0.4375,0.6458333333333334,0.5380498766899109,0.5026737967914439,0.044416077406926435,True,0.607843137254902,False,"['insufficient_model_inlier_ratio_retained', 'insufficient_effective_inlier_ratio_detected', 'excessive_parallax_clusters']",skip,True,441,407,406,340,93,0.7709750566893424,0.2735294117647059,0.2108843537414966,0.05104009807109833,4.6676931063090965,9.932627198338151,15.149352788532779,93,94,26,534.2729999999992,1.0,0.0,full_calibrated_frame,gray,21,3,False,48,21,"['r0c1', 'r0c4', 'r0c5', 'r0c6', 'r0c7', 'r1c5', 'r1c7', 'r2c1', 'r2c2', 'r2c3', 'r2c4', 'r2c5', 'r2c6', 'r2c7', 'r3c1', 'r3c2', 'r3c3', 'r3c4', 'r3c5', 'r3c6', 'r3c7']",6,8,210.9133758544922,0,0,0,none,0.0,0.0,0.0
20,24,183,208,9.693344116210938,-0.32384490966796875,91,0.2026726057906459,0.3958333333333333,0.6166666666666667,0.46377381682395935,0.5054347826086957,0.043001394226360845,True,0.5895691609977325,False,"['insufficient_model_inlier_ratio_retained', 'insufficient_effective_inlier_ratio_detected', 'excessive_parallax_clusters']",skip,True,449,411,408,343,91,0.7639198218262806,0.2653061224489796,0.2026726057906459,0.05541999265551567,4.423860115006394,9.449486024460422,18.858275994186123,91,93,25,534.273000000001,1.0,0.0,full_calibrated_frame,gray,21,3,False,48,19,"['r0c1', 'r0c4', 'r0c5', 'r0c6', 'r1c5', 'r1c7', 'r2c1', 'r2c2', 'r2c3', 'r2c4', 'r2c5', 'r2c6', 'r2c7', 'r3c1', 'r3c2', 'r3c3', 'r3c4', 'r3c5', 'r3c7']",6,8,210.9133758544922,0,0,0,none,0.0,0.0,0.0
21,25,189,215,9.15380859375,-0.23945236206054688,101,0.2229580573951435,0.3958333333333333,0.6291666666666667,0.48767754435539246,0.4793814432989691,0.04259312531894671,True,0.6001188354129531,False,"['insufficient_model_inlier_ratio_retained', 'insufficient_effective_inlier_ratio_detected', 'excessive_parallax_clusters']",skip,True,453,422,417,374,101,0.82560706401766,0.2700534759358289,0.2229580573951435,0.04313788190484047,4.4778821749246145,9.373241079903904,15.390257429326073,101,93,26,534.2729999999992,1.0,0.0,full_calibrated_frame,gray,21,3,False,48,19,"['r0c4', 'r0c5', 'r0c6', 'r0c7', 'r1c2', 'r1c7', 'r2c1', 'r2c2', 'r2c3', 'r2c4', 'r2c5', 'r2c6', 'r2c7', 'r3c0', 'r3c1', 'r3c2', 'r3c3', 'r3c4', 'r3c5']",6,8,210.9133758544922,0,0,0,none,0.0,0.0,0.0
22,26,195,222,8.962783813476562,-0.1210174560546875,93,0.21379310344827587,0.375,0.6166666666666667,0.40729790925979614,0.5,0.04239133738084078,True,0.5693296602387511,False,"['insufficient_model_inlier_ratio_retained', 'insufficient_effective_inlier_ratio_detected', 'excessive_parallax_clusters']",skip,True,435,418,414,363,93,0.8344827586206897,0.256198347107438,0.21379310344827587,0.03534294664859772,4.579598899249311,9.462110015863484,11.631210448506662,93,93,27,534.2729999999992,1.0,0.0,full_calibrated_frame,gray,21,3,False,48,18,"['r0c4', 'r0c5', 'r0c6', 'r0c7', 'r1c6', 'r1c7', 'r2c1', 'r2c2', 'r2c3', 'r2c4', 'r2c5', 'r2c6', 'r2c7', 'r3c1', 'r3c2', 'r3c4', 'r3c5', 'r3c6']",6,8,210.9133758544922,0,0,0,none,0.0,0.0,0.0
23,27,202,229,9.033859252929688,-0.16507720947265625,99,0.2234762979683973,0.4375,0.6083333333333333,0.37528517842292786,0.4816753926701571,0.04313008153081921,True,0.5945945945945945,False,"['insufficient_model_inlier_ratio_retained', 'insufficient_effective_inlier_ratio_detected', 'excessive_parallax_clusters']",skip,True,443,422,417,370,99,0.835214446952596,0.26756756756756755,0.2234762979683973,0.04409370571374893,4.863101788068527,9.537427469113542,12.953586312837638,99,92,27,550.9680000000008,1.0,0.0,full_calibrated_frame,gray,21,3,False,48,21,"['r0c4', 'r0c5', 'r0c6', 'r0c7', 'r1c4', 'r1c6', 'r1c7', 'r2c0', 'r2c1', 'r2c2', 'r2c3', 'r2c4', 'r2c5', 'r2c6', 'r2c7', 'r3c0', 'r3c1', 'r3c2', 'r3c4', 'r3c5', 'r3c6']",6,8,210.9133758544922,0,0,0,none,0.0,0.0,0.0
24,28,208,236,9.057914733886719,-0.18403244018554688,110,0.24498886414253898,0.4583333333333333,0.6541666666666667,0.40013569593429565,0.47368421052631576,0.043300060136632346,True,0.6535947712418301,False,"['insufficient_model_inlier_ratio_retained', 'insufficient_effective_inlier_ratio_detected', 'excessive_parallax_clusters']",skip,True,449,438,433,374,110,0.8329621380846325,0.29411764705882354,0.24498886414253898,0.0407676175236702,4.447296895028515,9.938127723521072,12.501109985435006,110,99,28,550.9679999999989,1.0,0.0,full_calibrated_frame,gray,21,3,False,48,22,"['r0c4', 'r0c5', 'r0c6', 'r0c7', 'r1c4', 'r1c6', 'r1c7', 'r2c0', 'r2c1', 'r2c2', 'r2c3', 'r2c4', 'r2c5', 'r2c6', 'r2c7', 'r3c0', 'r3c1', 'r3c2', 'r3c3', 'r3c4', 'r3c5', 'r3c6']",6,8,210.9133758544922,0,0,0,none,0.0,0.0,0.0
25,29,215,242,8.978652954101562,-0.2797355651855469,95,0.21158129175946547,0.4375,0.6333333333333333,0.4884801208972931,0.5226130653266332,0.04313554062356084,True,0.562962962962963,False,"['insufficient_model_inlier_ratio_retained', 'insufficient_effective_inlier_ratio_detected', 'excessive_parallax_clusters']",skip,True,449,439,439,375,95,0.8351893095768375,0.25333333333333335,0.21158129175946547,0.05233437195420265,4.561297065234482,9.962260992518516,12.889077347274936,95,104,27,550.9680000000008,1.0,0.0,full_calibrated_frame,gray,21,3,False,48,21,"['r0c2', 'r0c4', 'r0c5', 'r0c6', 'r0c7', 'r1c6', 'r1c7', 'r2c0', 'r2c1', 'r2c2', 'r2c3', 'r2c4', 'r2c5', 'r2c6', 'r2c7', 'r3c1', 'r3c2', 'r3c3', 'r3c4', 'r3c5', 'r3c6']",6,8,210.9133758544922,0,0,0,none,0.0,0.0,0.0
26,30,222,248,9.7967529296875,-0.28423309326171875,108,0.2394678492239468,0.4166666666666667,0.65,0.44723349809646606,0.46,0.04486951281584489,True,0.6282722513089005,False,"['insufficient_model_inlier_ratio_retained', 'insufficient_effective_inlier_ratio_detected', 'excessive_parallax_clusters']",skip,True,451,439,439,382,108,0.8470066518847007,0.28272251308900526,0.2394678492239468,0.05441157892346382,4.112747451520722,9.659365509192078,10.975396693826069,108,92,26,550.969000000001,1.0,0.0,full_calibrated_frame,gray,21,3,False,48,20,"['r0c4', 'r0c5', 'r0c6', 'r0c7', 'r1c4', 'r1c6', 'r1c7', 'r2c0', 'r2c1', 'r2c2', 'r2c3', 'r2c4', 'r2c5', 'r2c6', 'r3c0', 'r3c1', 'r3c2', 'r3c4', 'r3c5', 'r3c6']",6,8,210.9133758544922,0,0,0,none,0.0,0.0,0.0
27,31,229,256,9.866264343261719,-0.2781839370727539,102,0.22717149220489977,0.4166666666666667,0.65,0.41173243522644043,0.4631578947368421,0.04647700583305309,True,0.6126126126126127,False,"['insufficient_model_inlier_ratio_retained', 'insufficient_effective_inlier_ratio_detected', 'excessive_parallax_clusters']",skip,True,449,436,432,370,102,0.8240534521158129,0.2756756756756757,0.22717149220489977,0.056135110557079315,4.4949055140267555,10.441615306888895,14.274237381209575,102,88,27,550.9689999999991,1.0,0.0,full_calibrated_frame,gray,21,3,False,48,20,"['r0c3', 'r0c4', 'r0c5', 'r0c6', 'r1c4', 'r1c6', 'r1c7', 'r2c0', 'r2c1', 'r2c2', 'r2c3', 'r2c4', 'r2c5', 'r2c6', 'r3c1', 'r3c2', 'r3c3', 'r3c4', 'r3c5', 'r3c6']",6,8,210.9133758544922,0,0,0,none,0.0,0.0,0.0
28,32,236,263,10.094312191009521,-0.2287750244140625,100,0.22522522522522523,0.4375,0.6666666666666666,0.38539332151412964,0.46524064171123,0.046598704969194604,True,0.5910165484633569,False,"['insufficient_model_inlier_ratio_retained', 'insufficient_effective_inlier_ratio_detected', 'excessive_parallax_clusters']",skip,True,444,436,429,376,100,0.8468468468468469,0.26595744680851063,0.22522522522522523,0.05239986628293991,4.567124682405267,10.297541696730784,13.888789113190757,100,87,27,550.969000000001,1.0,0.0,full_calibrated_frame,gray,21,3,False,48,21,"['r0c3', 'r0c4', 'r0c5', 'r0c6', 'r1c4', 'r1c6', 'r1c7', 'r2c0', 'r2c1', 'r2c2', 'r2c3', 'r2c4', 'r2c5', 'r2c6', 'r3c0', 'r3c1', 'r3c2', 'r3c4', 'r3c5', 'r3c6', 'r4c7']",6,8,210.9133758544922,0,0,0,none,0.0,0.0,0.0
29,33,242,270,10.174232482910156,-0.18805313110351562,101,0.22954545454545455,0.4166666666666667,0.6333333333333333,0.40282413363456726,0.4739583333333333,0.046073122760960816,True,0.5985185185185184,False,"['insufficient_model_inlier_ratio_retained', 'insufficient_effective_inlier_ratio_detected', 'excessive_parallax_clusters']",skip,True,440,435,422,375,101,0.8522727272727273,0.2693333333333333,0.22954545454545455,0.04599056765437126,4.357017927918431,9.989212197879235,12.064058249990186,101,91,28,550.9689999999991,1.0,0.0,full_calibrated_frame,gray,21,3,False,48,20,"['r0c3', 'r0c4', 'r0c5', 'r0c6', 'r1c4', 'r1c6', 'r1c7', 'r2c0', 'r2c1', 'r2c2', 'r2c3', 'r2c4', 'r2c5', 'r2c6', 'r3c0', 'r3c1', 'r3c2', 'r3c4', 'r3c5', 'r3c6']",6,8,210.9133758544922,0,0,0,none,0.0,0.0,0.0
30,34,248,276,9.6614990234375,-0.243255615234375,106,0.2425629290617849,0.3958333333333333,0.6166666666666667,0.3919961154460907,0.5023474178403756,0.04474599438963489,True,0.6298276886512181,False,"['insufficient_model_inlier_ratio_retained', 'insufficient_effective_inlier_ratio_detected', 'excessive_parallax_clusters']",skip,True,437,421,416,374,106,0.8558352402745996,0.28342245989304815,0.2425629290617849,0.05180588737130165,4.719405466956848,9.787209307328455,14.561016884843525,106,107,28,550.9679999999989,1.0,0.0,full_calibrated_frame,gray,21,3,False,48,19,"['r0c3', 'r0c4', 'r0c5', 'r0c6', 'r1c6', 'r1c7', 'r2c0', 'r2c1', 'r2c2', 'r2c3', 'r2c4', 'r2c5', 'r2c6', 'r3c0', 'r3c1', 'r3c2', 'r3c4', 'r3c5', 'r3c6']",6,8,210.9133758544922,0,0,0,none,0.0,0.0,0.0
31,35,256,283,9.089996337890625,-0.251922607421875,116,0.26976744186046514,0.4166666666666667,0.65,0.4799233376979828,0.4798206278026906,0.04253221181540284,True,0.6837606837606838,False,"['insufficient_model_inlier_ratio_retained', 'excessive_parallax_clusters']",skip,True,430,420,418,377,116,0.8767441860465116,0.3076923076923077,0.26976744186046514,0.046444959938526154,4.140210159767664,9.424006387123152,14.618172432148057,116,107,27,534.2720000000008,1.0,0.0,full_calibrated_frame,gray,21,3,False,48,20,"['r0c3', 'r0c4', 'r0c5', 'r0c6', 'r1c6', 'r1c7', 'r2c0', 'r2c1', 'r2c2', 'r2c3', 'r2c4', 'r2c5', 'r2c6', 'r2c7', 'r3c0', 'r3c1', 'r3c2', 'r3c4', 'r3c5', 'r3c6']",6,8,210.9133758544922,0,0,0,none,0.0,0.0,0.0
32,36,263,289,9.375762939453125,-0.281158447265625,108,0.25,0.4375,0.6458333333333334,0.479270339012146,0.5068493150684932,0.04304576354719242,True,0.6382978723404256,False,"['insufficient_model_inlier_ratio_retained', 'excessive_parallax_clusters']",skip,True,432,422,420,376,108,0.8703703703703703,0.2872340425531915,0.25,0.04323189705610275,4.29058277401823,9.569154372692136,14.153345473682075,108,111,26,534.271999999999,1.0,0.0,full_calibrated_frame,gray,21,3,False,48,21,"['r0c2', 'r0c3', 'r0c4', 'r0c5', 'r0c6', 'r1c6', 'r2c0', 'r2c1', 'r2c2', 'r2c3', 'r2c4', 'r2c5', 'r2c6', 'r2c7', 'r3c0', 'r3c1', 'r3c2', 'r3c3', 'r3c4', 'r3c5', 'r3c6']",6,8,210.9133758544922,0,0,0,none,0.0,0.0,0.0
33,37,270,296,9.745014190673828,-0.23674488067626953,111,0.25,0.4375,0.6416666666666667,0.4038764238357544,0.463768115942029,0.04611132689042319,True,0.6508355321020229,False,"['insufficient_model_inlier_ratio_retained', 'excessive_parallax_clusters']",skip,True,444,434,433,379,111,0.8536036036036037,0.2928759894459103,0.25,0.0468403585255146,4.118308723055012,9.785106673203424,11.503770363457113,111,96,26,550.9680000000008,1.0,0.0,full_calibrated_frame,gray,21,3,False,48,21,"['r0c2', 'r0c3', 'r0c4', 'r0c5', 'r0c6', 'r1c3', 'r1c6', 'r2c0', 'r2c1', 'r2c2', 'r2c3', 'r2c4', 'r2c5', 'r2c6', 'r2c7', 'r3c0', 'r3c1', 'r3c2', 'r3c4', 'r3c5', 'r3c6']",6,8,210.9133758544922,0,0,0,none,0.0,0.0,0.0
34,38,276,303,17.600570678710938,-0.3060150146484375,104,0.23908045977011494,0.4166666666666667,0.9125,0.4162641167640686,0.49019607843137253,0.04578388637684244,True,0.608187134502924,False,"['insufficient_model_inlier_ratio_retained', 'insufficient_effective_inlier_ratio_detected', 'excessive_parallax_clusters']",skip,True,435,425,424,380,104,0.8735632183908046,0.2736842105263158,0.23908045977011494,0.0433899387717247,4.216753794933702,16.6112728526196,21.098649703416385,104,100,27,550.969000000001,1.0,0.0,full_calibrated_frame,gray,21,3,False,48,20,"['r0c0', 'r0c1', 'r0c2', 'r0c7', 'r1c2', 'r1c4', 'r1c5', 'r1c7', 'r4c2', 'r4c3', 'r4c4', 'r4c5', 'r4c6', 'r5c0', 'r5c2', 'r5c3', 'r5c4', 'r5c5', 'r5c6', 'r5c7']",6,8,210.9133758544922,0,0,0,none,0.0,0.0,0.0
35,39,283,309,9.421012878417969,-0.23514747619628906,110,0.24663677130044842,0.4166666666666667,0.6416666666666667,0.42923691868782043,0.502262443438914,0.043383891876309366,True,0.6365740740740741,False,"['insufficient_model_inlier_ratio_retained', 'insufficient_effective_inlier_ratio_detected', 'excessive_parallax_clusters']",skip,True,446,433,431,384,110,0.8609865470852018,0.2864583333333333,0.24663677130044842,0.0379185751080513,4.165527114495122,9.295800577489212,14.720205825166412,110,111,26,550.9689999999991,1.0,0.0,full_calibrated_frame,gray,21,3,False,48,20,"['r0c2', 'r0c3', 'r0c4', 'r0c5', 'r0c6', 'r1c3', 'r1c6', 'r2c0', 'r2c1', 'r2c2', 'r2c3', 'r2c4', 'r2c5', 'r2c6', 'r3c0', 'r3c1', 'r3c2', 'r3c4', 'r3c5', 'r3c6']",6,8,210.9133758544922,0,0,0,none,0.0,0.0,0.0
36,40,289,315,15.45071792602539,-0.32409095764160156,118,0.2651685393258427,0.4166666666666667,0.9125,0.4822802245616913,0.4801762114537445,0.0415388919887385,True,0.6621773288439955,False,"['insufficient_model_inlier_ratio_retained', 'excessive_parallax_clusters']",skip,True,445,439,439,396,118,0.8898876404494382,0.29797979797979796,0.2651685393258427,0.04599638655781746,3.9366674915456747,14.61332832811351,20.396737744033324,118,109,26,550.969000000001,1.0,0.0,full_calibrated_frame,gray,21,3,False,48,20,"['r0c0', 'r0c1', 'r0c2', 'r0c7', 'r1c2', 'r1c4', 'r1c5', 'r1c7', 'r4c3', 'r4c4', 'r4c5', 'r4c6', 'r5c0', 'r5c1', 'r5c2', 'r5c3', 'r5c4', 'r5c5', 'r5c6', 'r5c7']",6,8,210.9133758544922,0,0,0,none,0.0,0.0,0.0
37,41,296,322,13.598590850830078,-0.28162384033203125,134,0.30454545454545456,0.5,0.9208333333333333,0.39058399200439453,0.48854961832061067,0.03629720021317606,True,0.7352537722908093,False,"['insufficient_model_inlier_ratio_retained', 'excessive_parallax_clusters']",skip,True,440,435,435,405,134,0.9204545454545454,0.3308641975308642,0.30454545454545456,0.03165263310074806,3.335571240054721,13.784753499185094,16.363555463371107,134,128,26,534.2729999999992,1.0,0.0,full_calibrated_frame,gray,21,3,False,48,24,"['r0c0', 'r0c1', 'r0c2', 'r0c6', 'r0c7', 'r1c2', 'r1c4', 'r1c5', 'r1c6', 'r1c7', 'r4c1', 'r4c2', 'r4c3', 'r4c4', 'r4c5', 'r4c6', 'r5c0', 'r5c1', 'r5c2', 'r5c3', 'r5c4', 'r5c5', 'r5c6', 'r5c7']",6,8,210.9133758544922,0,0,0,none,0.0,0.0,0.0
38,42,303,329,14.071640014648438,-0.3673248291015625,130,0.29345372460496616,0.5,0.925,0.4105965197086334,0.49416342412451364,0.037070704399443655,True,0.7258514796203239,False,"['insufficient_model_inlier_ratio_retained', 'excessive_parallax_clusters']",skip,True,443,438,433,398,130,0.8984198645598194,0.32663316582914576,0.29345372460496616,0.03491676598787308,3.683100701090755,12.033603755400659,21.750041691053994,130,127,26,550.9679999999989,1.0,0.0,full_calibrated_frame,gray,21,3,False,48,24,"['r0c0', 'r0c1', 'r0c2', 'r0c6', 'r0c7', 'r1c1', 'r1c2', 'r1c4', 'r1c5', 'r1c6', 'r1c7', 'r4c1', 'r4c3', 'r4c4', 'r4c5', 'r4c6', 'r5c0', 'r5c1', 'r5c2', 'r5c3', 'r5c4', 'r5c5', 'r5c6', 'r5c7']",6,8,210.9133758544922,0,0,0,none,0.0,0.0,0.0
39,43,309,336,14.788314819335938,-0.2906684875488281,130,0.29411764705882354,0.5,0.9208333333333333,0.42863929271698,0.4715447154471545,0.03847024690407419,True,0.7150715071507151,False,"['insufficient_model_inlier_ratio_retained', 'excessive_parallax_clusters']",skip,True,442,434,429,404,130,0.9140271493212669,0.3217821782178218,0.29411764705882354,0.03575357794761658,3.625709870383733,14.085012261358656,18.045534179542376,130,116,27,550.9680000000008,1.0,0.0,full_calibrated_frame,gray,21,3,False,48,24,"['r0c0', 'r0c1', 'r0c2', 'r0c4', 'r0c6', 'r0c7', 'r1c1', 'r1c2', 'r1c4', 'r1c5', 'r1c6', 'r1c7', 'r4c1', 'r4c3', 'r4c4', 'r4c5', 'r5c0', 'r5c1', 'r5c2', 'r5c3', 'r5c4', 'r5c5', 'r5c6', 'r5c7']",6,8,210.9133758544922,0,0,0,none,0.0,0.0,0.0
40,44,315,342,15.681915283203125,-0.23042678833007812,126,0.28442437923250563,0.4791666666666667,0.9125,0.47106146812438965,0.4592274678111588,0.03984647002923358,True,0.7,False,"['insufficient_model_inlier_ratio_retained', 'excessive_parallax_clusters']",skip,True,443,437,434,400,126,0.9029345372460497,0.315,0.28442437923250563,0.038553036749362946,3.967970088824104,14.617839786953443,18.161997844089477,126,107,27,550.9669999999987,1.0,0.0,full_calibrated_frame,gray,21,3,False,48,23,"['r0c0', 'r0c1', 'r0c2', 'r0c6', 'r0c7', 'r1c1', 'r1c2', 'r1c4', 'r1c5', 'r1c6', 'r1c7', 'r4c1', 'r4c3', 'r4c4', 'r4c5', 'r5c0', 'r5c1', 'r5c2', 'r5c3', 'r5c4', 'r5c5', 'r5c6', 'r5c7']",6,8,210.9133758544922,0,0,0,none,0.0,0.0,0.0
41,45,322,348,17.16778564453125,-0.270263671875,118,0.26339285714285715,0.4791666666666667,0.9333333333333333,0.390185683965683,0.47085201793721976,0.04407052653361326,True,0.652294085129906,False,"['insufficient_model_inlier_ratio_retained', 'excessive_parallax_clusters']",skip,True,448,442,440,402,118,0.8973214285714286,0.2935323383084577,0.26339285714285715,0.041628189384937286,4.43749546087786,16.523491849209233,19.74932667708412,118,105,26,550.9689999999991,1.0,0.0,full_calibrated_frame,gray,21,3,False,48,23,"['r0c0', 'r0c1', 'r0c2', 'r0c4', 'r0c6', 'r0c7', 'r1c1', 'r1c2', 'r1c4', 'r1c6', 'r1c7', 'r4c1', 'r4c3', 'r4c4', 'r4c5', 'r5c0', 'r5c1', 'r5c2', 'r5c3', 'r5c4', 'r5c5', 'r5c6', 'r5c7']",6,8,210.9133758544922,0,0,0,none,0.0,0.0,0.0
42,46,329,355,18.615376472473145,-0.3193016052246094,104,0.23162583518930957,0.3958333333333333,0.9166666666666666,0.4779204726219177,0.48258706467661694,0.04790223681423489,True,0.6002886002886002,False,"['insufficient_model_inlier_ratio_retained', 'insufficient_effective_inlier_ratio_detected', 'excessive_parallax_clusters']",skip,True,449,445,439,385,104,0.8574610244988864,0.2701298701298701,0.23162583518930957,0.0536385141313076,4.3313871230231085,19.3804572598533,23.452449856937758,104,97,26,550.9689999999991,1.0,0.0,full_calibrated_frame,gray,21,3,False,48,19,"['r0c0', 'r0c1', 'r0c4', 'r0c6', 'r0c7', 'r1c1', 'r1c4', 'r1c6', 'r1c7', 'r4c3', 'r4c4', 'r4c5', 'r5c0', 'r5c1', 'r5c2', 'r5c3', 'r5c4', 'r5c5', 'r5c6']",6,8,210.9133758544922,0,0,0,none,0.0,0.0,0.0
43,47,336,362,20.811019897460938,-0.365234375,92,0.2058165548098434,0.375,0.925,0.41046342253685,0.5080213903743316,0.053176613723211974,True,0.5255641245358469,False,"['insufficient_model_inlier_ratio_retained', 'insufficient_effective_inlier_ratio_detected', 'excessive_parallax_clusters']",skip,True,447,439,435,389,92,0.8702460850111857,0.2365038560411311,0.2058165548098434,0.06358153373003006,5.608848219735492,20.442559063603778,24.142434479217137,92,95,26,567.6650000000009,1.0,0.0,full_calibrated_frame,gray,21,3,False,48,18,"['r0c0', 'r0c1', 'r0c4', 'r0c6', 'r0c7', 'r1c1', 'r1c4', 'r1c6', 'r1c7', 'r4c4', 'r4c5', 'r5c0', 'r5c1', 'r5c2', 'r5c3', 'r5c4', 'r5c5', 'r5c6']",6,8,210.9133758544922,0,0,0,none,0.0,0.0,0.0
44,48,342,369,22.952499389648438,-0.39322662353515625,73,0.16478555304740405,0.3333333333333333,0.925,0.47988957166671753,0.5379746835443038,0.05918034168026726,True,0.4621715732826844,False,"['insufficient_model_inlier_ratio_retained', 'insufficient_effective_inlier_ratio_detected', 'excessive_parallax_clusters']",skip,True,443,431,427,351,73,0.7923250564334086,0.20797720797720798,0.16478555304740405,0.070696160197258,5.685309135895399,19.97779710702267,25.25623893433798,73,85,27,567.6660000000011,1.0,0.0,full_calibrated_frame,gray,21,3,False,48,16,"['r0c0', 'r0c1', 'r0c3', 'r0c4', 'r0c6', 'r0c7', 'r1c1', 'r1c6', 'r1c7', 'r4c5', 'r5c1', 'r5c2', 'r5c3', 'r5c4', 'r5c5', 'r5c6']",6,8,210.9133758544922,0,0,0,none,0.0,0.0,0.0
45,49,348,375,23.68414306640625,-0.3430938720703125,76,0.17312072892938496,0.3541666666666667,0.825,0.5418432354927063,0.49333333333333335,0.0650951968519981,True,0.49382716049382713,False,"['insufficient_model_inlier_ratio_retained', 'insufficient_effective_inlier_ratio_detected', 'excessive_parallax_clusters']",skip,True,439,427,418,342,76,0.7790432801822323,0.2222222222222222,0.17312072892938496,0.08019448071718216,4.849436382174138,21.999209035502695,26.38060841158921,76,74,27,567.6640000000007,1.0,0.0,full_calibrated_frame,gray,21,3,False,48,17,"['r0c1', 'r0c3', 'r0c4', 'r0c6', 'r1c1', 'r4c1', 'r4c2', 'r4c3', 'r4c4', 'r4c5', 'r4c6', 'r5c2', 'r5c3', 'r5c4', 'r5c5', 'r5c6', 'r5c7']",6,8,210.9133758544922,0,0,0,none,0.0,0.0,0.0
46,50,355,382,13.685508728027344,-0.167633056640625,74,0.17090069284064666,0.375,0.6083333333333333,0.4873393177986145,0.463768115942029,0.0661123998397376,True,0.49531459170013387,False,"['insufficient_model_inlier_ratio_retained', 'insufficient_effective_inlier_ratio_detected', 'excessive_parallax_clusters']",skip,True,433,416,402,332,74,0.766743648960739,0.22289156626506024,0.17090069284064666,0.09162694215774536,7.396714248517037,14.357614296539175,22.143262475572648,74,64,27,550.9680000000008,1.0,0.0,full_calibrated_frame,gray,21,3,False,48,18,"['r0c1', 'r0c2', 'r0c3', 'r0c4', 'r0c5', 'r1c7', 'r2c0', 'r2c1', 'r2c2', 'r2c3', 'r2c4', 'r2c5', 'r2c6', 'r2c7', 'r3c0', 'r3c1', 'r3c4', 'r3c5']",6,8,210.9133758544922,0,0,0,none,0.0,0.0,0.0
47,51,362,389,13.74473762512207,-0.23732757568359375,71,0.1591928251121076,0.4375,0.625,0.5041203498840332,0.5103448275862069,0.0652562421961739,True,0.45469100224143455,False,"['insufficient_model_inlier_ratio_retained', 'insufficient_effective_inlier_ratio_detected', 'excessive_parallax_clusters']",skip,True,446,438,421,347,71,0.7780269058295964,0.20461095100864554,0.1591928251121076,0.08590196073055267,6.728222186198459,14.088305900282393,16.358099255053297,71,74,27,534.2719999999972,1.0,0.0,full_calibrated_frame,gray,21,3,False,48,21,"['r0c1', 'r0c2', 'r0c3', 'r0c4', 'r0c5', 'r0c7', 'r1c7', 'r2c0', 'r2c1', 'r2c2', 'r2c3', 'r2c4', 'r2c5', 'r2c6', 'r2c7', 'r3c0', 'r3c1', 'r3c2', 'r3c3', 'r3c4', 'r3c5']",6,8,210.9133758544922,0,0,0,none,0.0,0.0,0.0
48,52,369,395,23.632095336914062,-0.43315887451171875,68,0.1511111111111111,0.3333333333333333,0.8041666666666667,0.495169997215271,0.5072463768115942,0.06444514849322291,True,0.4497354497354497,False,"['insufficient_model_inlier_ratio_retained', 'insufficient_effective_inlier_ratio_detected', 'excessive_parallax_clusters']",skip,True,450,434,415,336,68,0.7466666666666667,0.20238095238095238,0.1511111111111111,0.0739482194185257,4.958365175514656,22.253182311968338,25.497591977142655,68,70,26,534.2720000000008,1.0,0.0,full_calibrated_frame,gray,21,3,False,48,16,"['r0c1', 'r0c5', 'r1c1', 'r1c5', 'r4c1', 'r4c2', 'r4c3', 'r4c4', 'r4c5', 'r5c1', 'r5c2', 'r5c3', 'r5c4', 'r5c5', 'r5c6', 'r5c7']",6,8,210.9133758544922,0,0,0,none,0.0,0.0,0.0
49,53,375,401,12.86312484741211,-0.23384857177734375,86,0.189010989010989,0.4375,0.675,0.5048214197158813,0.47878787878787876,0.06256577403370997,True,0.5323429278861034,False,"['insufficient_model_inlier_ratio_retained', 'insufficient_effective_inlier_ratio_detected', 'excessive_parallax_clusters']",skip,True,455,440,433,359,86,0.789010989010989,0.2395543175487465,0.189010989010989,0.08271562308073044,6.749492600897476,13.656220438062782,16.611140615545548,86,79,26,534.273000000001,1.0,0.0,full_calibrated_frame,gray,21,3,False,48,21,"['r0c1', 'r0c2', 'r0c3', 'r0c4', 'r0c7', 'r1c6', 'r1c7', 'r2c0', 'r2c1', 'r2c2', 'r2c3', 'r2c4', 'r2c5', 'r2c6', 'r2c7', 'r3c0', 'r3c1', 'r3c4', 'r3c5', 'r3c7', 'r4c7']",6,8,210.9133758544922,0,0,0,none,0.0,0.0,0.0
50,54,382,408,13.13937759399414,-0.25386810302734375,78,0.17333333333333334,0.4166666666666667,0.6333333333333333,0.5412740707397461,0.47297297297297297,0.06532554453389815,True,0.5024154589371981,False,"['insufficient_model_inlier_ratio_retained', 'insufficient_effective_inlier_ratio_detected', 'excessive_parallax_clusters']",skip,True,450,435,433,345,78,0.7666666666666667,0.22608695652173913,0.17333333333333334,0.07681214809417725,7.00804269565986,14.194243173935062,17.165719663504806,78,70,26,550.969000000001,1.0,0.0,full_calibrated_frame,gray,21,3,False,48,20,"['r0c1', 'r0c2', 'r0c3', 'r0c4', 'r0c7', 'r1c6', 'r1c7', 'r2c0', 'r2c1', 'r2c2', 'r2c3', 'r2c4', 'r2c5', 'r2c6', 'r2c7', 'r3c0', 'r3c1', 'r3c4', 'r3c7', 'r4c7']",6,8,210.9133758544922,0,0,0,none,0.0,0.0,0.0
51,55,389,415,13.335265159606934,-0.3322906494140625,89,0.19955156950672645,0.4583333333333333,0.6791666666666667,0.5821962356567383,0.4258064516129032,0.0656229136609517,True,0.5886243386243386,False,"['insufficient_model_inlier_ratio_retained', 'insufficient_effective_inlier_ratio_detected']",skip,True,446,433,430,336,89,0.7533632286995515,0.2648809523809524,0.19955156950672645,0.09340724349021912,6.524225601901724,14.133489819341605,17.06257254115219,89,66,26,550.969000000001,1.0,0.0,full_calibrated_frame,gray,21,3,False,48,22,"['r0c1', 'r0c2', 'r0c3', 'r0c4', 'r0c7', 'r1c6', 'r1c7', 'r2c0', 'r2c1', 'r2c2', 'r2c3', 'r2c4', 'r2c5', 'r2c6', 'r2c7', 'r3c0', 'r3c1', 'r3c4', 'r3c5', 'r3c7', 'r4c6', 'r4c7']",6,8,210.9133758544922,0,0,0,none,0.0,0.0,0.0
52,56,395,421,13.117767333984375,-0.1657867431640625,90,0.19911504424778761,0.4375,0.6666666666666666,0.5095579624176025,0.4339622641509434,0.06557193588177265,True,0.6134969325153374,False,"['insufficient_model_inlier_ratio_retained', 'insufficient_effective_inlier_ratio_detected']",skip,True,452,433,431,326,90,0.7212389380530974,0.27607361963190186,0.19911504424778761,0.07232153415679932,6.284319145051972,14.08241060344963,16.915491265577327,90,69,26,550.9689999999973,1.0,0.0,full_calibrated_frame,gray,21,3,False,48,21,"['r0c1', 'r0c2', 'r0c6', 'r0c7', 'r1c6', 'r2c0', 'r2c1', 'r2c2', 'r2c3', 'r2c4', 'r2c5', 'r2c6', 'r2c7', 'r3c0', 'r3c1', 'r3c3', 'r3c4', 'r3c5', 'r3c7', 'r4c6', 'r4c7']",6,8,210.9133758544922,0,0,0,none,0.0,0.0,0.0
53,57,401,428,12.777032852172852,-0.20262527465820312,82,0.18981481481481483,0.4375,0.6625,0.4565615952014923,0.41843971631205673,0.06515183128355792,True,0.5954974582425563,False,"['insufficient_model_inlier_ratio_retained', 'insufficient_effective_inlier_ratio_detected']",skip,True,432,417,408,306,82,0.7083333333333334,0.2679738562091503,0.18981481481481483,0.0797245129942894,6.470247984698732,14.510237460071387,18.22728777208104,82,59,27,550.9680000000008,1.0,0.0,full_calibrated_frame,gray,21,3,False,48,21,"['r0c1', 'r0c2', 'r0c6', 'r0c7', 'r1c6', 'r2c0', 'r2c1', 'r2c2', 'r2c3', 'r2c4', 'r2c5', 'r2c6', 'r2c7', 'r3c0', 'r3c1', 'r3c3', 'r3c4', 'r3c5', 'r3c7', 'r4c6', 'r4c7']",6,8,210.9133758544922,0,0,0,none,0.0,0.0,0.0
54,58,408,434,12.249519348144531,-0.326416015625,88,0.20417633410672853,0.4583333333333333,0.6666666666666666,0.5031505227088928,0.40540540540540543,0.060598100955308196,True,0.6227883934890304,False,"['insufficient_model_inlier_ratio_retained', 'insufficient_effective_inlier_ratio_detected']",skip,True,431,420,416,314,88,0.728538283062645,0.2802547770700637,0.20417633410672853,0.0687677338719368,5.509405827565023,13.69274516902179,16.291397569639255,88,60,26,534.2720000000008,1.0,0.0,full_calibrated_frame,gray,21,3,False,48,22,"['r0c1', 'r0c2', 'r0c3', 'r0c6', 'r0c7', 'r1c6', 'r1c7', 'r2c0', 'r2c1', 'r2c2', 'r2c3', 'r2c4', 'r2c5', 'r2c6', 'r2c7', 'r3c0', 'r3c1', 'r3c3', 'r3c4', 'r3c7', 'r4c6', 'r4c7']",6,8,210.9133758544922,0,0,0,none,0.0,0.0,0.0
55,59,415,441,12.176132202148438,-0.23770904541015625,95,0.21689497716894976,0.4583333333333333,0.6708333333333333,0.47540560364723206,0.391025641025641,0.06183471059028525,True,0.6515775034293553,False,"['insufficient_model_inlier_ratio_retained', 'insufficient_effective_inlier_ratio_detected']",skip,True,438,424,424,324,95,0.7397260273972602,0.2932098765432099,0.21689497716894976,0.08295513689517975,6.057864759804023,13.742652142454595,21.590628288628345,95,61,26,550.9680000000008,1.0,0.0,full_calibrated_frame,gray,21,3,False,48,22,"['r0c0', 'r0c1', 'r0c2', 'r0c6', 'r0c7', 'r1c6', 'r1c7', 'r2c0', 'r2c1', 'r2c2', 'r2c3', 'r2c4', 'r2c5', 'r2c6', 'r2c7', 'r3c0', 'r3c1', 'r3c3', 'r3c4', 'r3c7', 'r4c6', 'r4c7']",6,8,210.9133758544922,0,0,0,none,0.0,0.0,0.0
56,60,421,448,12.592094421386719,-0.29620361328125,99,0.22758620689655173,0.4583333333333333,0.675,0.512976884841919,0.38509316770186336,0.06295257707140843,True,0.7096774193548386,False,"['insufficient_model_inlier_ratio_retained', 'insufficient_effective_inlier_ratio_detected']",skip,True,435,417,413,310,99,0.7126436781609196,0.3193548387096774,0.22758620689655173,0.08818541467189789,5.388220246188162,14.133535841900581,39.50614858343527,99,62,27,550.9680000000008,1.0,0.0,full_calibrated_frame,gray,21,3,False,48,22,"['r0c0', 'r0c1', 'r0c2', 'r0c6', 'r0c7', 'r1c6', 'r1c7', 'r2c0', 'r2c1', 'r2c2', 'r2c4', 'r2c5', 'r2c6', 'r2c7', 'r3c0', 'r3c1', 'r3c3', 'r3c4', 'r3c6', 'r3c7', 'r4c6', 'r4c7']",6,8,210.9133758544922,0,0,0,none,0.0,0.0,0.0
57,61,428,454,12.881423950195312,-0.49636077880859375,94,0.21559633027522937,0.4583333333333333,0.675,0.5430779457092285,0.38961038961038963,0.06394159878530381,True,0.6673766418175364,False,"['insufficient_model_inlier_ratio_retained', 'insufficient_effective_inlier_ratio_detected']",skip,True,436,418,418,313,94,0.7178899082568807,0.3003194888178914,0.21559633027522937,0.08756738901138306,6.365361556859387,14.677249451461575,73.26352343778827,94,60,26,550.9689999999973,1.0,0.0,full_calibrated_frame,gray,21,3,False,48,22,"['r0c0', 'r0c1', 'r0c2', 'r0c6', 'r0c7', 'r1c6', 'r1c7', 'r2c0', 'r2c1', 'r2c2', 'r2c4', 'r2c5', 'r2c6', 'r2c7', 'r3c0', 'r3c1', 'r3c3', 'r3c4', 'r3c6', 'r3c7', 'r4c6', 'r4c7']",6,8,210.9133758544922,0,0,0,none,0.0,0.0,0.0
58,62,434,461,13.267829895019531,-0.33484649658203125,92,0.21395348837209302,0.4375,0.6625,0.5631558895111084,0.3783783783783784,0.06753178144042599,True,0.6906906906906907,False,"['insufficient_model_inlier_ratio_retained', 'insufficient_effective_inlier_ratio_detected']",skip,True,430,422,420,296,92,0.6883720930232559,0.3108108108108108,0.21395348837209302,0.10096177458763123,6.0152976374252995,14.523804635118093,74.11529943707559,92,56,27,550.9689999999973,1.0,0.0,full_calibrated_frame,gray,21,3,False,48,21,"['r0c0', 'r0c1', 'r0c2', 'r0c6', 'r0c7', 'r1c2', 'r1c6', 'r2c0', 'r2c1', 'r2c2', 'r2c4', 'r2c5', 'r2c6', 'r2c7', 'r3c0', 'r3c1', 'r3c3', 'r3c4', 'r3c7', 'r4c6', 'r4c7']",6,8,210.9133758544922,0,0,0,none,0.0,0.0,0.0
59,63,441,467,13.493240356445312,-0.3804588317871094,102,0.22717149220489977,0.5,0.6833333333333333,0.502242922782898,0.37037037037037035,0.06831497195537689,True,0.7431693989071039,False,"['insufficient_model_inlier_ratio_retained', 'insufficient_effective_inlier_ratio_detected']",skip,True,449,438,431,305,102,0.6792873051224945,0.3344262295081967,0.22717149220489977,0.09264640510082245,6.342590752305441,14.625855283414134,37.005546307233175,102,60,26,534.273000000001,1.0,0.0,full_calibrated_frame,gray,21,3,False,48,24,"['r0c0', 'r0c1', 'r0c2', 'r0c6', 'r0c7', 'r1c0', 'r1c2', 'r1c5', 'r1c6', 'r2c0', 'r2c1', 'r2c2', 'r2c3', 'r2c4', 'r2c5', 'r2c6', 'r2c7', 'r3c0', 'r3c1', 'r3c3', 'r3c6', 'r3c7', 'r4c6', 'r4c7']",6,8,210.9133758544922,0,0,0,none,0.0,0.0,0.0
60,64,448,473,13.3978271484375,-0.45069122314453125,93,0.2128146453089245,0.5208333333333334,0.6708333333333333,0.5090504288673401,0.3716216216216216,0.06817802470173397,True,0.7029478458049887,False,"['insufficient_model_inlier_ratio_retained', 'insufficient_effective_inlier_ratio_detected']",skip,True,437,426,421,294,93,0.6727688787185355,0.3163265306122449,0.2128146453089245,0.09318111091852188,6.226665341475865,14.6675455393661,30.45562501704258,93,55,25,534.273000000001,1.0,0.0,full_calibrated_frame,gray,21,3,False,48,25,"['r0c0', 'r0c1', 'r0c2', 'r0c5', 'r0c6', 'r0c7', 'r1c2', 'r1c5', 'r1c6', 'r1c7', 'r2c0', 'r2c1', 'r2c2', 'r2c3', 'r2c4', 'r2c5', 'r2c6', 'r2c7', 'r3c0', 'r3c1', 'r3c3', 'r3c6', 'r3c7', 'r4c6', 'r4c7']",6,8,210.9133758544922,0,0,0,none,0.0,0.0,0.0
61,65,454,480,13.176788330078125,-0.3214759826660156,85,0.2,0.5416666666666666,0.6666666666666666,0.48170626163482666,0.4097222222222222,0.06700969040214451,True,0.6535947712418301,False,"['insufficient_model_inlier_ratio_retained', 'insufficient_effective_inlier_ratio_detected']",skip,True,425,402,401,289,85,0.68,0.29411764705882354,0.2,0.08953727036714554,6.505471278755419,14.421384758146322,37.406603586655656,85,59,26,534.2720000000008,1.0,0.0,full_calibrated_frame,gray,21,3,False,48,26,"['r0c0', 'r0c1', 'r0c2', 'r0c5', 'r0c6', 'r0c7', 'r1c1', 'r1c2', 'r1c5', 'r1c6', 'r1c7', 'r2c0', 'r2c1', 'r2c2', 'r2c3', 'r2c4', 'r2c5', 'r2c6', 'r2c7', 'r3c0', 'r3c1', 'r3c3', 'r3c6', 'r3c7', 'r4c6', 'r4c7']",6,8,210.9133758544922,0,0,0,none,0.0,0.0,0.0
62,66,461,486,12.8157958984375,-0.3355598449707031,83,0.1925754060324826,0.5416666666666666,0.6708333333333333,0.42256245017051697,0.4236111111111111,0.06487286472600873,True,0.6316590563165906,False,"['insufficient_model_inlier_ratio_retained', 'insufficient_effective_inlier_ratio_detected']",skip,True,431,400,397,292,83,0.6774941995359629,0.2842465753424658,0.1925754060324826,0.06994879990816116,6.19174707512915,13.978195361898353,20.870118063523147,83,61,25,534.2720000000008,1.0,0.0,full_calibrated_frame,gray,21,3,False,48,26,"['r0c0', 'r0c1', 'r0c2', 'r0c5', 'r0c6', 'r0c7', 'r1c1', 'r1c2', 'r1c5', 'r1c6', 'r1c7', 'r2c0', 'r2c1', 'r2c2', 'r2c3', 'r2c4', 'r2c5', 'r2c6', 'r2c7', 'r3c0', 'r3c1', 'r3c3', 'r3c6', 'r3c7', 'r4c6', 'r4c7']",6,8,210.9133758544922,0,0,0,none,0.0,0.0,0.0
63,67,467,493,12.79000473022461,-0.3612041473388672,92,0.20909090909090908,0.5,0.6875,0.518643319606781,0.3825503355704698,0.06355785213563894,True,0.6792174234034699,False,"['insufficient_model_inlier_ratio_retained', 'insufficient_effective_inlier_ratio_detected']",skip,True,440,410,403,301,92,0.6840909090909091,0.30564784053156147,0.20909090909090908,0.06224801391363144,5.853191625267662,13.59151491385207,17.53446487413919,92,57,26,550.9689999999973,1.0,0.0,full_calibrated_frame,gray,21,3,False,48,24,"['r0c0', 'r0c1', 'r0c2', 'r0c5', 'r0c6', 'r0c7', 'r1c1', 'r1c5', 'r1c6', 'r2c0', 'r2c1', 'r2c2', 'r2c3', 'r2c4', 'r2c5', 'r2c6', 'r2c7', 'r3c0', 'r3c3', 'r3c6', 'r3c7', 'r4c5', 'r4c6', 'r4c7']",6,8,210.9133758544922,0,0,0,none,0.0,0.0,0.0
64,68,473,500,12.2197265625,-0.29018402099609375,96,0.210989010989011,0.5208333333333334,0.6708333333333333,0.5254566669464111,0.3885350318471338,0.06100019962078379,True,0.6564102564102564,False,"['insufficient_model_inlier_ratio_retained', 'insufficient_effective_inlier_ratio_detected']",skip,True,455,428,426,325,96,0.7142857142857143,0.2953846153846154,0.210989010989011,0.06902356445789337,5.344831315841623,12.65298157643117,16.394041296365188,96,61,27,550.969000000001,1.0,0.0,full_calibrated_frame,gray,21,3,False,48,25,"['r0c0', 'r0c1', 'r0c2', 'r0c5', 'r0c6', 'r0c7', 'r1c1', 'r1c5', 'r1c6', 'r1c7', 'r2c0', 'r2c1', 'r2c2', 'r2c3', 'r2c4', 'r2c5', 'r2c6', 'r2c7', 'r3c0', 'r3c3', 'r3c6', 'r3c7', 'r4c5', 'r4c6', 'r4c7']",6,8,210.9133758544922,0,0,0,none,0.0,0.0,0.0
65,69,480,506,11.75836181640625,-0.23149871826171875,101,0.226457399103139,0.5208333333333334,0.6958333333333333,0.42798590660095215,0.39156626506024095,0.05909677742742993,True,0.6863744478423377,False,"['insufficient_model_inlier_ratio_retained', 'insufficient_effective_inlier_ratio_detected']",skip,True,446,420,419,327,101,0.7331838565022422,0.308868501529052,0.226457399103139,0.06142821162939072,4.546466212413297,12.158103022094398,15.878326472972033,101,65,26,550.969000000001,1.0,0.0,full_calibrated_frame,gray,21,3,False,48,25,"['r0c1', 'r0c2', 'r0c3', 'r0c5', 'r0c6', 'r0c7', 'r1c5', 'r1c6', 'r1c7', 'r2c0', 'r2c1', 'r2c2', 'r2c4', 'r2c5', 'r2c6', 'r2c7', 'r3c0', 'r3c1', 'r3c2', 'r3c3', 'r3c6', 'r3c7', 'r4c5', 'r4c6', 'r4c7']",6,8,210.9133758544922,0,0,0,none,0.0,0.0,0.0
66,70,486,513,11.89581298828125,-0.382415771484375,97,0.21555555555555556,0.5416666666666666,0.6791666666666667,0.5250056982040405,0.3741935483870968,0.05997510493446777,True,0.6473139806473139,False,"['insufficient_model_inlier_ratio_retained', 'insufficient_effective_inlier_ratio_detected']",skip,True,450,428,427,333,97,0.74,0.2912912912912913,0.21555555555555556,0.06326588243246078,5.301551500155172,12.759314826789067,15.88161667872472,97,58,27,550.969000000001,1.0,0.0,full_calibrated_frame,gray,21,3,False,48,26,"['r0c0', 'r0c1', 'r0c2', 'r0c5', 'r0c6', 'r0c7', 'r1c4', 'r1c5', 'r1c7', 'r2c0', 'r2c1', 'r2c2', 'r2c3', 'r2c4', 'r2c5', 'r2c6', 'r2c7', 'r3c0', 'r3c1', 'r3c2', 'r3c3', 'r3c6', 'r3c7', 'r4c5', 'r4c6', 'r4c7']",6,8,210.9133758544922,0,0,0,none,0.0,0.0,0.0
67,71,493,520,12.205215454101562,-0.23503494262695312,93,0.21232876712328766,0.5,0.6708333333333333,0.46923938393592834,0.40384615384615385,0.06245793200559992,True,0.6224899598393574,False,"['insufficient_model_inlier_ratio_retained', 'insufficient_effective_inlier_ratio_detected']",skip,True,438,420,418,332,93,0.7579908675799086,0.28012048192771083,0.21232876712328766,0.06276503205299377,5.792428703982525,13.42134143432079,16.649324195918247,93,63,27,550.9680000000008,1.0,0.0,full_calibrated_frame,gray,21,3,False,48,24,"['r0c0', 'r0c1', 'r0c2', 'r0c5', 'r0c6', 'r0c7', 'r1c1', 'r1c5', 'r1c7', 'r2c0', 'r2c1', 'r2c2', 'r2c4', 'r2c5', 'r2c6', 'r2c7', 'r3c0', 'r3c2', 'r3c3', 'r3c6', 'r3c7', 'r4c5', 'r4c6', 'r4c7']",6,8,210.9133758544922,0,0,0,none,0.0,0.0,0.0
68,72,500,527,12.586479187011719,-0.3317413330078125,85,0.195852534562212,0.5,0.6625,0.48922476172447205,0.4014084507042254,0.06501338425136188,True,0.63173541434411,False,"['insufficient_model_inlier_ratio_retained', 'insufficient_effective_inlier_ratio_detected']",skip,True,434,421,418,299,85,0.6889400921658986,0.2842809364548495,0.195852534562212,0.060600169003009796,6.528951239234733,14.8776709127426,17.965314500473028,85,57,27,550.9679999999971,1.0,0.0,full_calibrated_frame,gray,21,3,False,48,24,"['r0c0', 'r0c1', 'r0c2', 'r0c5', 'r0c6', 'r0c7', 'r1c1', 'r1c5', 'r1c6', 'r1c7', 'r2c0', 'r2c1', 'r2c2', 'r2c4', 'r2c5', 'r2c6', 'r2c7', 'r3c0', 'r3c2', 'r3c6', 'r3c7', 'r4c5', 'r4c6', 'r4c7']",6,8,210.9133758544922,0,0,0,none,0.0,0.0,0.0
69,73,506,533,12.9482421875,-0.45525360107421875,81,0.18925233644859812,0.5208333333333334,0.6625,0.47834521532058716,0.40875912408759124,0.06697298184245987,True,0.6164383561643836,False,"['insufficient_model_inlier_ratio_retained', 'insufficient_effective_inlier_ratio_detected']",skip,True,428,417,409,292,81,0.6822429906542056,0.2773972602739726,0.18925233644859812,0.07099749147891998,6.586452019820174,15.879326861698589,22.284908565276968,81,56,27,550.9680000000008,1.0,0.0,full_calibrated_frame,gray,21,3,False,48,25,"['r0c0', 'r0c1', 'r0c4', 'r0c5', 'r0c6', 'r0c7', 'r1c0', 'r1c1', 'r1c5', 'r1c6', 'r1c7', 'r2c1', 'r2c2', 'r2c4', 'r2c5', 'r2c6', 'r2c7', 'r3c0', 'r3c2', 'r3c5', 'r3c6', 'r3c7', 'r4c5', 'r4c6', 'r4c7']",6,8,210.9133758544922,0,0,0,none,0.0,0.0,0.0
70,74,513,540,13.265274047851562,-0.31024980545043945,87,0.20327102803738317,0.5416666666666666,0.6583333333333333,0.5780748128890991,0.4161073825503356,0.06667911429203685,True,0.6236559139784946,False,"['insufficient_model_inlier_ratio_retained', 'insufficient_effective_inlier_ratio_detected']",skip,True,428,424,417,310,87,0.7242990654205608,0.2806451612903226,0.20327102803738317,0.07290545105934143,6.891264055072682,15.09170432966736,18.683116505518655,87,62,27,567.6640000000007,1.0,0.0,full_calibrated_frame,gray,21,3,False,48,26,"['r0c0', 'r0c1', 'r0c2', 'r0c4', 'r0c5', 'r0c6', 'r0c7', 'r1c0', 'r1c1', 'r1c5', 'r1c6', 'r1c7', 'r2c0', 'r2c1', 'r2c2', 'r2c4', 'r2c5', 'r2c6', 'r2c7', 'r3c0', 'r3c2', 'r3c5', 'r3c6', 'r3c7', 'r4c5', 'r4c6']",6,8,210.9133758544922,0,0,0,none,0.0,0.0,0.0
71,75,520,547,12.321496963500977,-0.31499290466308594,95,0.2219626168224299,0.5,0.6541666666666667,0.4544488787651062,0.4025157232704403,0.06205657239269488,True,0.6475800954328561,False,"['insufficient_model_inlier_ratio_retained', 'insufficient_effective_inlier_ratio_detected']",skip,True,428,423,415,326,95,0.7616822429906542,0.29141104294478526,0.2219626168224299,0.06445921957492828,6.038779557310383,13.7456053680258,18.408302702222663,95,64,27,550.9680000000008,1.0,0.0,full_calibrated_frame,gray,21,3,False,48,24,"['r0c0', 'r0c1', 'r0c2', 'r0c4', 'r0c5', 'r0c6', 'r0c7', 'r1c0', 'r1c5', 'r1c6', 'r1c7', 'r2c0', 'r2c1', 'r2c2', 'r2c4', 'r2c5', 'r2c6', 'r2c7', 'r3c0', 'r3c2', 'r3c5', 'r3c6', 'r4c5', 'r4c6']",6,8,210.9133758544922,0,0,0,none,0.0,0.0,0.0
72,76,527,553,11.78875732421875,-0.29106903076171875,99,0.23515439429928742,0.5208333333333334,0.6875,0.44315722584724426,0.4,0.05926012046525056,True,0.6586826347305389,False,"['insufficient_model_inlier_ratio_retained', 'insufficient_effective_inlier_ratio_detected']",skip,True,421,416,413,334,99,0.7933491686460807,0.2964071856287425,0.23515439429928742,0.06161140650510788,5.421690104428206,13.064493211248518,19.74161371939119,99,66,26,550.969000000001,1.0,0.0,full_calibrated_frame,gray,21,3,False,48,25,"['r0c0', 'r0c1', 'r0c2', 'r0c4', 'r0c5', 'r0c6', 'r0c7', 'r1c0', 'r1c4', 'r1c5', 'r1c6', 'r1c7', 'r2c0', 'r2c1', 'r2c2', 'r2c3', 'r2c4', 'r2c5', 'r2c6', 'r2c7', 'r3c0', 'r3c2', 'r3c6', 'r4c5', 'r4c6']",6,8,210.9133758544922,0,0,0,none,0.0,0.0,0.0
73,77,533,560,11.523971557617188,-0.2736358642578125,94,0.2160919540229885,0.4791666666666667,0.925,0.48413795232772827,0.4268292682926829,0.05749853601339841,True,0.6235489220563848,False,"['insufficient_model_inlier_ratio_retained', 'insufficient_effective_inlier_ratio_detected']",skip,True,435,406,404,335,94,0.7701149425287356,0.28059701492537314,0.2160919540229885,0.056173570454120636,5.369908171740705,12.531189659580265,15.712566099668589,94,70,27,550.9689999999973,1.0,0.0,full_calibrated_frame,gray,21,3,False,48,23,"['r0c0', 'r0c1', 'r0c2', 'r0c4', 'r0c5', 'r0c6', 'r0c7', 'r1c4', 'r1c6', 'r2c0', 'r2c1', 'r2c2', 'r2c3', 'r2c4', 'r2c5', 'r2c6', 'r2c7', 'r3c2', 'r3c5', 'r3c6', 'r4c5', 'r4c6', 'r5c3']",6,8,210.9133758544922,0,0,0,none,0.0,0.0,0.0
74,78,540,566,10.8197021484375,-0.21837997436523438,104,0.23423423423423423,0.4791666666666667,0.6708333333333333,0.43018481135368347,0.42857142857142855,0.05374044912402312,True,0.6622094874243871,False,"['insufficient_model_inlier_ratio_retained', 'insufficient_effective_inlier_ratio_detected']",skip,True,444,418,414,349,104,0.786036036036036,0.2979942693409742,0.23423423423423423,0.05658957362174988,4.492625804955248,11.990753706462836,14.929542352419219,104,78,26,534.273000000001,1.0,0.0,full_calibrated_frame,gray,21,3,False,48,23,"['r0c0', 'r0c1', 'r0c2', 'r0c4', 'r0c5', 'r0c6', 'r0c7', 'r1c4', 'r1c6', 'r2c0', 'r2c1', 'r2c2', 'r2c3', 'r2c4', 'r2c5', 'r2c6', 'r2c7', 'r3c2', 'r3c5', 'r3c6', 'r3c7', 'r4c5', 'r4c6']",6,8,210.9133758544922,0,0,0,none,0.0,0.0,0.0
75,79,547,572,10.594192504882812,-0.25341796875,102,0.23394495412844038,0.4583333333333333,0.6625,0.46773192286491394,0.4603174603174603,0.052934881419065855,True,0.6589147286821706,False,"['insufficient_model_inlier_ratio_retained', 'insufficient_effective_inlier_ratio_detected', 'excessive_parallax_clusters']",skip,True,436,413,406,344,102,0.7889908256880734,0.29651162790697677,0.23394495412844038,0.05173693969845772,4.200179253060291,11.676018266877351,14.774992492633627,102,87,25,534.273000000001,1.0,0.0,full_calibrated_frame,gray,21,3,False,48,22,"['r0c0', 'r0c1', 'r0c2', 'r0c4', 'r0c5', 'r0c6', 'r0c7', 'r1c4', 'r1c6', 'r2c0', 'r2c1', 'r2c2', 'r2c3', 'r2c4', 'r2c5', 'r2c6', 'r2c7', 'r3c2', 'r3c5', 'r3c6', 'r4c5', 'r4c6']",6,8,210.9133758544922,0,0,0,none,0.0,0.0,0.0
76,80,553,579,10.54928970336914,-0.2946958541870117,108,0.2488479262672811,0.4583333333333333,0.6916666666666667,0.45842307806015015,0.44329896907216493,0.05247867263335709,True,0.6722689075630252,False,"['insufficient_model_inlier_ratio_retained', 'insufficient_effective_inlier_ratio_detected']",skip,True,434,416,414,357,108,0.8225806451612904,0.3025210084033613,0.2488479262672811,0.057862136512994766,4.914293058984447,12.091343686315813,14.950944242201949,108,86,26,534.2720000000008,1.0,0.0,full_calibrated_frame,gray,21,3,False,48,22,"['r0c0', 'r0c1', 'r0c2', 'r0c4', 'r0c5', 'r0c6', 'r0c7', 'r1c4', 'r1c6', 'r2c0', 'r2c1', 'r2c2', 'r2c3', 'r2c4', 'r2c5', 'r2c6', 'r2c7', 'r3c2', 'r3c6', 'r3c7', 'r4c5', 'r4c6']",6,8,210.9133758544922,0,0,0,none,0.0,0.0,0.0
77,81,560,585,11.1297607421875,-0.23585891723632812,105,0.25301204819277107,0.4375,0.6916666666666667,0.46054595708847046,0.4262295081967213,0.05451208835695065,True,0.7070707070707071,False,['insufficient_model_inlier_ratio_retained'],skip,True,415,406,400,330,105,0.7951807228915663,0.3181818181818182,0.25301204819277107,0.062823586165905,4.285213940949149,12.5847745421492,17.16449274486312,105,78,25,534.2720000000008,1.0,0.0,full_calibrated_frame,gray,21,3,False,48,21,"['r0c0', 'r0c1', 'r0c4', 'r0c5', 'r0c6', 'r0c7', 'r1c4', 'r1c6', 'r2c1', 'r2c2', 'r2c3', 'r2c4', 'r2c5', 'r2c6', 'r2c7', 'r3c2', 'r3c3', 'r3c6', 'r3c7', 'r4c5', 'r4c6']",6,8,210.9133758544922,0,0,0,none,0.0,0.0,0.0
78,82,566,592,11.491455078125,-0.19458770751953125,97,0.23040380047505937,0.4166666666666667,0.6666666666666666,0.45341816544532776,0.4327485380116959,0.05803783769540033,True,0.6434494195688225,False,"['insufficient_model_inlier_ratio_retained', 'insufficient_effective_inlier_ratio_detected']",skip,True,421,414,407,335,97,0.7957244655581948,0.28955223880597014,0.23040380047505937,0.06290603429079056,4.9073350218881755,12.912127694997393,18.625192097260232,97,74,26,534.2719999999972,1.0,0.0,full_calibrated_frame,gray,21,3,False,48,20,"['r0c0', 'r0c1', 'r0c4', 'r0c6', 'r0c7', 'r1c6', 'r2c0', 'r2c1', 'r2c2', 'r2c3', 'r2c4', 'r2c5', 'r2c6', 'r2c7', 'r3c2', 'r3c5', 'r3c6', 'r3c7', 'r4c5', 'r4c6']",6,8,210.9133758544922,0,0,0,none,0.0,0.0,0.0
79,83,572,598,11.867164611816406,-0.3008537292480469,87,0.20422535211267606,0.4375,0.6875,0.4311479926109314,0.4528301886792453,0.05988101630871934,True,0.5840886203423967,False,"['insufficient_model_inlier_ratio_retained', 'insufficient_effective_inlier_ratio_detected', 'excessive_parallax_clusters']",skip,True,426,412,402,331,87,0.7769953051643192,0.2628398791540785,0.20422535211267606,0.07444678246974945,5.070651208125574,13.633389791956473,18.326506076611054,87,72,26,534.2719999999972,1.0,0.0,full_calibrated_frame,gray,21,3,False,48,21,"['r0c0', 'r0c1', 'r0c4', 'r0c5', 'r0c6', 'r0c7', 'r1c6', 'r2c0', 'r2c1', 'r2c2', 'r2c3', 'r2c4', 'r2c5', 'r2c6', 'r2c7', 'r3c2', 'r3c5', 'r3c6', 'r3c7', 'r4c5', 'r4c6']",6,8,210.9133758544922,0,0,0,none,0.0,0.0,0.0
80,84,579,604,12.2196044921875,-0.13619613647460938,88,0.21836228287841192,0.4166666666666667,0.6666666666666666,0.515461802482605,0.4358974358974359,0.061823486712273445,True,0.6328658755843222,False,"['insufficient_model_inlier_ratio_retained', 'insufficient_effective_inlier_ratio_detected']",skip,True,403,393,386,309,88,0.7667493796526055,0.284789644012945,0.21836228287841192,0.07803136855363846,5.661740526782855,13.631940296639588,20.650530629660516,88,68,25,534.273000000001,1.0,0.0,full_calibrated_frame,gray,21,3,False,48,20,"['r0c0', 'r0c1', 'r0c3', 'r0c4', 'r0c5', 'r0c6', 'r0c7', 'r1c6', 'r2c0', 'r2c1', 'r2c2', 'r2c3', 'r2c4', 'r2c5', 'r2c6', 'r2c7', 'r3c2', 'r3c6', 'r4c4', 'r4c6']",6,8,210.9133758544922,0,0,0,none,0.0,0.0,0.0
81,85,585,610,12.462432861328125,-0.322845458984375,83,0.19951923076923078,0.5,0.6875,0.5369340181350708,0.46794871794871795,0.06167793987286496,True,0.5836849507735584,False,"['insufficient_model_inlier_ratio_retained', 'insufficient_effective_inlier_ratio_detected', 'excessive_parallax_clusters']",skip,True,416,399,394,316,83,0.7596153846153846,0.2626582278481013,0.19951923076923078,0.07088372111320496,6.054448417829627,14.161461762102505,21.347483563642225,83,73,25,534.273000000001,1.0,0.0,full_calibrated_frame,gray,21,3,False,48,24,"['r0c0', 'r0c1', 'r0c3', 'r0c4', 'r0c5', 'r0c6', 'r0c7', 'r1c6', 'r2c0', 'r2c1', 'r2c2', 'r2c3', 'r2c4', 'r2c5', 'r2c6', 'r2c7', 'r3c1', 'r3c2', 'r3c5', 'r3c6', 'r4c4', 'r4c5', 'r4c6', 'r4c7']",6,8,210.9133758544922,0,0,0,none,0.0,0.0,0.0
82,86,592,617,11.700439453125,-0.29296875,89,0.21394230769230768,0.4791666666666667,0.6666666666666666,0.49347954988479614,0.4472049689440994,0.0594096776804387,True,0.6278659611992945,False,"['insufficient_model_inlier_ratio_retained', 'insufficient_effective_inlier_ratio_detected']",skip,True,416,404,389,315,89,0.7572115384615384,0.28253968253968254,0.21394230769230768,0.06255606561899185,6.022196870492423,13.614305478022658,18.136409959093893,89,72,25,534.273000000001,1.0,0.0,full_calibrated_frame,gray,21,3,False,48,23,"['r0c0', 'r0c1', 'r0c3', 'r0c5', 'r0c6', 'r0c7', 'r1c6', 'r2c0', 'r2c1', 'r2c2', 'r2c3', 'r2c4', 'r2c5', 'r2c6', 'r2c7', 'r3c1', 'r3c2', 'r3c5', 'r3c6', 'r4c4', 'r4c5', 'r4c6', 'r4c7']",6,8,210.9133758544922,0,0,0,none,0.0,0.0,0.0
83,87,598,623,11.684349060058594,-0.20218276977539062,94,0.22065727699530516,0.5208333333333334,0.6625,0.44336968660354614,0.437125748502994,0.05825701573179776,True,0.6760158216468896,False,"['insufficient_model_inlier_ratio_retained', 'insufficient_effective_inlier_ratio_detected']",skip,True,426,408,378,309,94,0.7253521126760564,0.3042071197411003,0.22065727699530516,0.05385937541723251,5.039109018041147,12.802325067879709,17.460961033453437,94,73,25,534.273000000001,1.0,0.0,full_calibrated_frame,gray,21,3,False,48,25,"['r0c0', 'r0c1', 'r0c3', 'r0c4', 'r0c5', 'r0c6', 'r0c7', 'r1c3', 'r1c5', 'r1c6', 'r2c0', 'r2c1', 'r2c2', 'r2c3', 'r2c4', 'r2c5', 'r2c6', 'r3c1', 'r3c2', 'r3c4', 'r3c5', 'r3c6', 'r4c4', 'r4c5', 'r4c6']",6,8,210.9133758544922,0,0,0,none,0.0,0.0,0.0
84,88,604,629,11.042816162109375,-0.262359619140625,96,0.22429906542056074,0.4583333333333333,0.6583333333333333,0.3795826733112335,0.4,0.05573096826694213,True,0.6666666666666666,False,"['insufficient_model_inlier_ratio_retained', 'insufficient_effective_inlier_ratio_detected']",skip,True,428,417,377,320,96,0.7476635514018691,0.3,0.22429906542056074,0.05144546180963516,4.800566964844114,12.663977039368001,14.937100102469723,96,64,25,534.2719999999972,1.0,0.0,full_calibrated_frame,gray,21,3,False,48,22,"['r0c0', 'r0c3', 'r0c5', 'r0c6', 'r0c7', 'r1c5', 'r1c6', 'r2c0', 'r2c1', 'r2c2', 'r2c3', 'r2c4', 'r2c5', 'r2c6', 'r3c1', 'r3c2', 'r3c4', 'r3c5', 'r3c6', 'r4c4', 'r4c5', 'r4c6']",6,8,210.9133758544922,0,0,0,none,0.0,0.0,0.0
85,89,610,635,10.667831420898438,-0.210296630859375,86,0.20722891566265061,0.5,0.6666666666666666,0.376545786857605,0.4266666666666667,0.05375097033723791,True,0.6145051804215792,False,"['insufficient_model_inlier_ratio_retained', 'insufficient_effective_inlier_ratio_detected']",skip,True,415,405,370,311,86,0.7493975903614458,0.2765273311897106,0.20722891566265061,0.05382077768445015,4.929947394456044,12.244966743830188,15.049753596141956,86,64,25,534.2720000000008,1.0,0.0,full_calibrated_frame,gray,21,3,False,48,24,"['r0c0', 'r0c3', 'r0c5', 'r0c6', 'r0c7', 'r1c3', 'r1c5', 'r1c6', 'r2c0', 'r2c1', 'r2c2', 'r2c3', 'r2c4', 'r2c5', 'r2c6', 'r2c7', 'r3c1', 'r3c4', 'r3c5', 'r3c6', 'r4c4', 'r4c5', 'r4c6', 'r4c7']",6,8,210.9133758544922,0,0,0,none,0.0,0.0,0.0
86,90,617,642,11.141937255859375,-0.2647857666015625,73,0.17936117936117937,0.4583333333333333,0.6916666666666667,0.40445560216903687,0.46715328467153283,0.05602435644282627,True,0.533625730994152,False,"['insufficient_model_inlier_ratio_retained', 'insufficient_effective_inlier_ratio_detected', 'excessive_parallax_clusters']",skip,True,407,401,372,304,73,0.7469287469287469,0.24013157894736842,0.17936117936117937,0.06370633840560913,5.731725049129212,12.670671924088069,14.359949398408405,73,64,25,550.9680000000008,1.0,0.0,full_calibrated_frame,gray,21,3,False,48,22,"['r0c0', 'r0c2', 'r0c3', 'r0c5', 'r0c6', 'r1c5', 'r1c6', 'r2c0', 'r2c1', 'r2c2', 'r2c3', 'r2c4', 'r2c5', 'r2c6', 'r3c1', 'r3c2', 'r3c4', 'r3c5', 'r3c6', 'r4c4', 'r4c5', 'r4c6']",6,8,210.9133758544922,0,0,0,none,0.0,0.0,0.0
87,91,623,649,11.576263427734375,-0.205810546875,82,0.20347394540942929,0.4791666666666667,0.6541666666666667,0.4096282124519348,0.49382716049382713,0.058547890822214455,True,0.5572545022086306,False,"['insufficient_model_inlier_ratio_retained', 'insufficient_effective_inlier_ratio_detected', 'excessive_parallax_clusters']",skip,True,403,400,394,327,82,0.8114143920595533,0.25076452599388377,0.20347394540942929,0.06641633808612823,6.149643968263322,13.213640913330234,14.512035196938616,82,80,26,567.6650000000009,1.0,0.0,full_calibrated_frame,gray,21,3,False,48,23,"['r0c0', 'r0c2', 'r0c3', 'r0c5', 'r0c6', 'r0c7', 'r1c3', 'r1c5', 'r1c6', 'r2c1', 'r2c2', 'r2c3', 'r2c4', 'r2c5', 'r2c6', 'r3c1', 'r3c2', 'r3c4', 'r3c5', 'r3c6', 'r4c4', 'r4c5', 'r4c6']",6,8,210.9133758544922,0,0,0,none,0.0,0.0,0.0
88,92,629,656,11.847320556640625,-0.3018531799316406,74,0.18974358974358974,0.4166666666666667,0.6666666666666666,0.4455188512802124,0.5033557046979866,0.06061268643137946,True,0.5237084217975938,False,"['insufficient_model_inlier_ratio_retained', 'insufficient_effective_inlier_ratio_detected', 'excessive_parallax_clusters']",skip,True,390,379,373,314,74,0.8051282051282052,0.2356687898089172,0.18974358974358974,0.06369126588106155,6.299317439546982,13.585458042395748,15.159930559522524,74,75,27,567.6650000000009,1.0,0.0,full_calibrated_frame,gray,21,3,False,48,20,"['r0c0', 'r0c2', 'r0c3', 'r0c5', 'r0c6', 'r0c7', 'r1c5', 'r2c0', 'r2c1', 'r2c2', 'r2c4', 'r2c5', 'r2c6', 'r3c1', 'r3c4', 'r3c5', 'r3c6', 'r4c4', 'r4c5', 'r4c6']",6,8,210.9133758544922,0,0,0,none,0.0,0.0,0.0
89,93,635,662,11.991912841796875,-0.247772216796875,81,0.2004950495049505,0.4375,0.7,0.455099493265152,0.4774193548387097,0.06100539497328655,True,0.5642633228840125,False,"['insufficient_model_inlier_ratio_retained', 'insufficient_effective_inlier_ratio_detected', 'excessive_parallax_clusters']",skip,True,404,390,386,319,81,0.7896039603960396,0.25391849529780564,0.2004950495049505,0.06279335170984268,6.733975310369034,14.072248883126981,17.696080632510522,81,74,27,567.6649999999972,1.0,0.0,full_calibrated_frame,gray,21,3,False,48,21,"['r0c0', 'r0c2', 'r0c3', 'r0c5', 'r0c6', 'r1c5', 'r1c6', 'r2c0', 'r2c1', 'r2c2', 'r2c3', 'r2c4', 'r2c5', 'r2c6', 'r3c1', 'r3c4', 'r3c5', 'r3c6', 'r4c4', 'r4c5', 'r4c6']",6,8,210.9133758544922,0,0,0,none,0.0,0.0,0.0
90,94,642,668,11.54736328125,-0.223358154296875,79,0.19128329297820823,0.4375,0.6541666666666667,0.4850016236305237,0.46621621621621623,0.058514729497624984,True,0.5608803691870784,False,"['insufficient_model_inlier_ratio_retained', 'insufficient_effective_inlier_ratio_detected', 'excessive_parallax_clusters']",skip,True,413,406,401,313,79,0.7578692493946732,0.2523961661341853,0.19128329297820823,0.06300382316112518,6.443566633819277,13.866491029847548,15.460316969074688,79,69,26,550.969000000001,1.0,0.0,full_calibrated_frame,gray,21,3,False,48,21,"['r0c0', 'r0c2', 'r0c4', 'r0c5', 'r0c6', 'r0c7', 'r1c5', 'r1c6', 'r2c0', 'r2c1', 'r2c2', 'r2c3', 'r2c4', 'r2c5', 'r2c6', 'r3c1', 'r3c4', 'r3c5', 'r3c6', 'r4c4', 'r4c5']",6,8,210.9133758544922,0,0,0,none,0.0,0.0,0.0
91,95,649,675,11.464767456054688,-0.2537384033203125,76,0.17798594847775176,0.4166666666666667,0.6833333333333333,0.4981400966644287,0.5365853658536586,0.056585863234686895,True,0.5196581196581196,False,"['insufficient_model_inlier_ratio_retained', 'insufficient_effective_inlier_ratio_detected', 'excessive_parallax_clusters']",skip,True,427,421,413,325,76,0.7611241217798594,0.23384615384615384,0.17798594847775176,0.06929271668195724,6.415905898882725,14.112697500926652,19.65151686794452,76,88,26,550.9680000000008,1.0,0.0,full_calibrated_frame,gray,21,3,False,48,20,"['r0c0', 'r0c2', 'r0c3', 'r0c4', 'r0c5', 'r0c6', 'r1c4', 'r1c5', 'r2c1', 'r2c2', 'r2c3', 'r2c4', 'r2c5', 'r2c6', 'r3c1', 'r3c3', 'r3c5', 'r3c6', 'r4c4', 'r4c5']",6,8,210.9133758544922,0,0,0,none,0.0,0.0,0.0
92,96,656,682,11.433860778808594,-0.21192359924316406,83,0.20048309178743962,0.4375,0.9375,0.5077899694442749,0.5059523809523809,0.05544685930930382,True,0.5522288755821689,False,"['insufficient_model_inlier_ratio_retained', 'insufficient_effective_inlier_ratio_detected', 'excessive_parallax_clusters']",skip,True,414,406,403,334,83,0.8067632850241546,0.24850299401197604,0.20048309178743962,0.05707067996263504,6.0493894276616675,13.786309573279082,15.572984428963164,83,85,26,567.6640000000007,1.0,0.0,full_calibrated_frame,gray,21,3,False,48,21,"['r0c0', 'r0c2', 'r0c4', 'r0c5', 'r0c6', 'r1c4', 'r1c5', 'r2c0', 'r2c1', 'r2c2', 'r2c3', 'r2c4', 'r2c5', 'r2c6', 'r3c1', 'r3c3', 'r3c4', 'r3c5', 'r4c4', 'r4c5', 'r5c3']",6,8,210.9133758544922,0,0,0,none,0.0,0.0,0.0
93,97,662,689,10.98712158203125,-0.20623016357421875,85,0.20531400966183574,0.4166666666666667,0.6791666666666667,0.47301727533340454,0.5086705202312138,0.05351443791237742,True,0.5829903978052126,False,"['insufficient_model_inlier_ratio_retained', 'insufficient_effective_inlier_ratio_detected', 'excessive_parallax_clusters']",skip,True,414,404,392,324,85,0.782608695652174,0.2623456790123457,0.20531400966183574,0.057054709643125534,6.0502971736258235,13.280933401668477,15.407790044983493,85,88,27,567.6640000000007,1.0,0.0,full_calibrated_frame,gray,21,3,False,48,20,"['r0c2', 'r0c4', 'r0c5', 'r0c6', 'r1c4', 'r1c5', 'r2c0', 'r2c1', 'r2c2', 'r2c3', 'r2c4', 'r2c5', 'r2c6', 'r3c1', 'r3c2', 'r3c3', 'r3c4', 'r3c5', 'r4c4', 'r4c5']",6,8,210.9133758544922,0,0,0,none,0.0,0.0,0.0
94,98,668,695,23.1885986328125,-0.48812103271484375,97,0.24619289340101522,0.4375,0.9791666666666666,0.40209609270095825,0.46111111111111114,0.05402639827428124,True,0.6821378340365682,False,"['insufficient_model_inlier_ratio_retained', 'insufficient_effective_inlier_ratio_detected', 'excessive_parallax_clusters']",skip,True,394,389,381,316,97,0.8020304568527918,0.3069620253164557,0.24619289340101522,0.05499023571610451,5.915461756859973,14.07598333843552,26.99717185511849,97,83,27,567.663999999997,1.0,0.0,full_calibrated_frame,gray,21,3,False,48,21,"['r0c0', 'r0c1', 'r0c3', 'r0c4', 'r0c6', 'r0c7', 'r1c0', 'r1c1', 'r1c3', 'r1c4', 'r1c6', 'r1c7', 'r2c6', 'r2c7', 'r3c7', 'r4c7', 'r5c1', 'r5c2', 'r5c4', 'r5c6', 'r5c7']",6,8,210.9133758544922,0,0,0,none,0.0,0.0,0.0
95,99,675,701,24.045358657836914,-0.4304466247558594,100,0.25839793281653745,0.4375,0.9625,0.4125267565250397,0.48717948717948717,0.05610619734652744,True,0.665335994677312,False,"['insufficient_model_inlier_ratio_retained', 'excessive_parallax_clusters']",skip,True,387,382,382,334,100,0.8630490956072352,0.2994011976047904,0.25839793281653745,0.049740660935640335,6.255568859424346,13.341791652197298,37.20644739991843,100,95,26,550.9689999999973,1.0,0.0,full_calibrated_frame,gray,21,3,False,48,21,"['r0c0', 'r0c1', 'r0c3', 'r0c6', 'r0c7', 'r1c0', 'r1c1', 'r1c3', 'r1c4', 'r1c6', 'r1c7', 'r2c6', 'r2c7', 'r3c6', 'r3c7', 'r4c7', 'r5c1', 'r5c2', 'r5c4', 'r5c6', 'r5c7']",6,8,210.9133758544922,0,0,0,none,0.0,0.0,0.0
