left_node,right_node,left_frame_id,right_frame_id,measured_dx_px,measured_dy_px,inlier_count,inlier_ratio,grid_coverage,vertical_span_fraction,forward_backward_p95_px,parallax_cluster_ratio,pose_progress_m,pose_direction_agreement,confidence,reliable,rejection_reasons,kind,direct_image_match,detected_feature_count,forward_lk_valid_count,backward_lk_valid_count,fb_retained_count,model_inlier_count,fb_retention_ratio,model_inlier_ratio_retained,effective_inlier_ratio_detected,forward_backward_p50_px,model_residual_p50_px,model_residual_p95_px,model_residual_max_px,dominant_cluster_count,secondary_cluster_count,frame_gap,timestamp_gap_ms,predicted_overlap_fraction,provisional_spacing_px,feature_domain,preprocessing,lk_window_size,lk_max_level,used_provisional_initial_flow,grid_domain_cell_count,grid_covered_cell_count,grid_covered_cell_ids,grid_rows,grid_columns,feature_calibrated_cx,feature_slit_left_px,feature_slit_right_px,feature_slit_width_px,initial_flow_source,initial_flow_dx_px,initial_flow_dy_px,initial_flow_response
0,1,31,32,1.0726318359375,-0.5719413757324219,418,0.954337899543379,1.0,0.9833333333333333,0.20045611262321472,0.02564102564102564,0.003231575926053609,True,1.0,True,[],adjacent,True,438,438,438,429,418,0.9794520547945206,0.9743589743589743,0.954337899543379,0.010798935778439045,0.3882327134353846,1.1733697994832963,2.1312365156683906,418,11,1,33.39199999999255,1.0,0.0,full_calibrated_frame,gray,21,3,False,48,48,"['r0c0', 'r0c1', 'r0c2', 'r0c3', 'r0c4', 'r0c5', 'r0c6', 'r0c7', 'r1c0', 'r1c1', 'r1c2', 'r1c3', 'r1c4', 'r1c5', 'r1c6', 'r1c7', 'r2c0', 'r2c1', 'r2c2', 'r2c3', 'r2c4', 'r2c5', 'r2c6', 'r2c7', 'r3c0', 'r3c1', 'r3c2', 'r3c3', 'r3c4', 'r3c5', 'r3c6', 'r3c7', 'r4c0', 'r4c1', 'r4c2', 'r4c3', 'r4c4', 'r4c5', 'r4c6', 'r4c7', 'r5c0', 'r5c1', 'r5c2', 'r5c3', 'r5c4', 'r5c5', 'r5c6', 'r5c7']",6,8,210.9133758544922,0,0,0,none,0.0,0.0,0.0
1,2,32,33,0.82574462890625,-0.042186737060546875,439,0.9821029082774049,1.0,0.9875,0.11513783782720566,0.0022727272727272726,0.001946636000056956,True,1.0,True,[],adjacent,True,447,447,446,440,439,0.9843400447427293,0.9977272727272727,0.9821029082774049,0.004014554899185896,0.2386301394417621,0.7229493443640963,1.5841214224967617,439,1,1,16.695999999996275,1.0,0.0,full_calibrated_frame,gray,21,3,False,48,48,"['r0c0', 'r0c1', 'r0c2', 'r0c3', 'r0c4', 'r0c5', 'r0c6', 'r0c7', 'r1c0', 'r1c1', 'r1c2', 'r1c3', 'r1c4', 'r1c5', 'r1c6', 'r1c7', 'r2c0', 'r2c1', 'r2c2', 'r2c3', 'r2c4', 'r2c5', 'r2c6', 'r2c7', 'r3c0', 'r3c1', 'r3c2', 'r3c3', 'r3c4', 'r3c5', 'r3c6', 'r3c7', 'r4c0', 'r4c1', 'r4c2', 'r4c3', 'r4c4', 'r4c5', 'r4c6', 'r4c7', 'r5c0', 'r5c1', 'r5c2', 'r5c3', 'r5c4', 'r5c5', 'r5c6', 'r5c7']",6,8,210.9133758544922,0,0,0,none,0.0,0.0,0.0
2,3,33,34,1.05523681640625,0.14402198791503906,407,0.9377880184331797,0.9791666666666666,0.9875,0.23486295342445374,0.04009433962264151,0.0027531457997055364,True,1.0,True,[],adjacent,True,434,434,434,424,407,0.9769585253456221,0.9599056603773585,0.9377880184331797,0.005920611787587404,0.31332572667177755,1.180061123045322,3.179899573844705,407,17,1,16.695999999996275,1.0,0.0,full_calibrated_frame,gray,21,3,False,48,47,"['r0c0', 'r0c1', 'r0c2', 'r0c3', 'r0c4', 'r0c5', 'r0c6', 'r0c7', 'r1c0', 'r1c1', 'r1c2', 'r1c3', 'r1c4', 'r1c5', 'r1c6', 'r1c7', 'r2c0', 'r2c1', 'r2c2', 'r2c3', 'r2c4', 'r2c5', 'r2c6', 'r2c7', 'r3c0', 'r3c1', 'r3c2', 'r3c3', 'r3c5', 'r3c6', 'r3c7', 'r4c0', 'r4c1', 'r4c2', 'r4c3', 'r4c4', 'r4c5', 'r4c6', 'r4c7', 'r5c0', 'r5c1', 'r5c2', 'r5c3', 'r5c4', 'r5c5', 'r5c6', 'r5c7']",6,8,210.9133758544922,0,0,0,none,0.0,0.0,0.0
3,4,34,35,2.7038116455078125,0.15764427185058594,380,0.892018779342723,0.9791666666666666,0.9791666666666666,0.1718590259552002,0.06172839506172839,0.007597266230635391,True,1.0,True,[],adjacent,True,426,424,424,411,380,0.9647887323943662,0.9245742092457421,0.892018779342723,0.008624996058642864,0.7786387935413689,1.906495086541252,4.995080005276652,380,25,1,33.39200000002165,1.0,0.0,full_calibrated_frame,gray,21,3,False,48,47,"['r0c0', 'r0c1', 'r0c2', 'r0c3', 'r0c4', 'r0c5', 'r0c6', 'r0c7', 'r1c0', 'r1c1', 'r1c2', 'r1c3', 'r1c4', 'r1c5', 'r1c6', 'r1c7', 'r2c0', 'r2c1', 'r2c2', 'r2c3', 'r2c4', 'r2c5', 'r2c6', 'r2c7', 'r3c0', 'r3c1', 'r3c2', 'r3c3', 'r3c5', 'r3c6', 'r3c7', 'r4c0', 'r4c1', 'r4c2', 'r4c3', 'r4c4', 'r4c5', 'r4c6', 'r4c7', 'r5c0', 'r5c1', 'r5c2', 'r5c3', 'r5c4', 'r5c5', 'r5c6', 'r5c7']",6,8,210.9133758544922,0,0,0,none,0.0,0.0,0.0
4,5,35,36,1.646942138671875,-0.1768646240234375,396,0.9406175771971497,0.9791666666666666,0.975,0.13503201305866241,0.029411764705882353,0.004681561411041701,True,1.0,True,[],adjacent,True,421,416,416,408,396,0.9691211401425178,0.9705882352941176,0.9406175771971497,0.00575555395334959,0.43825643307603257,1.2392563782638935,2.374332967411804,396,12,1,16.695999999996275,1.0,0.0,full_calibrated_frame,gray,21,3,False,48,47,"['r0c0', 'r0c1', 'r0c2', 'r0c3', 'r0c4', 'r0c5', 'r0c6', 'r0c7', 'r1c0', 'r1c1', 'r1c2', 'r1c3', 'r1c4', 'r1c5', 'r1c6', 'r1c7', 'r2c0', 'r2c1', 'r2c2', 'r2c3', 'r2c4', 'r2c5', 'r2c6', 'r2c7', 'r3c0', 'r3c1', 'r3c2', 'r3c3', 'r3c5', 'r3c6', 'r3c7', 'r4c0', 'r4c1', 'r4c2', 'r4c3', 'r4c4', 'r4c5', 'r4c6', 'r4c7', 'r5c0', 'r5c1', 'r5c2', 'r5c3', 'r5c4', 'r5c5', 'r5c6', 'r5c7']",6,8,210.9133758544922,0,0,0,none,0.0,0.0,0.0
5,6,36,37,4.2786712646484375,-0.42482948303222656,290,0.6621004566210046,0.8958333333333334,0.9791666666666666,0.2510513365268707,0.2961165048543689,0.010966540183727447,True,1.0,True,[],adjacent,True,438,434,433,418,290,0.954337899543379,0.69377990430622,0.6621004566210046,0.015490079298615456,0.9520864712830686,3.165375077532819,5.598232339111427,290,122,1,33.39199999999255,1.0,0.0,full_calibrated_frame,gray,21,3,False,48,43,"['r0c0', 'r0c1', 'r0c2', 'r0c3', 'r0c4', 'r0c5', 'r0c6', 'r0c7', 'r1c0', 'r1c1', 'r1c2', 'r1c3', 'r1c4', 'r1c5', 'r1c6', 'r1c7', 'r2c0', 'r2c1', 'r2c4', 'r3c0', 'r3c1', 'r3c2', 'r3c3', 'r3c4', 'r3c5', 'r3c6', 'r3c7', 'r4c0', 'r4c1', 'r4c2', 'r4c3', 'r4c4', 'r4c5', 'r4c6', 'r4c7', 'r5c0', 'r5c1', 'r5c2', 'r5c3', 'r5c4', 'r5c5', 'r5c6', 'r5c7']",6,8,210.9133758544922,0,0,0,none,0.0,0.0,0.0
6,7,37,38,2.2675247192382812,0.0412139892578125,390,0.9112149532710281,1.0,0.9791666666666666,0.12111178785562515,0.0625,0.006555671853093137,True,1.0,True,[],adjacent,True,428,428,425,417,390,0.9742990654205608,0.935251798561151,0.9112149532710281,0.004366606939584017,0.636068241322887,1.7506684230465261,3.8344987381914315,390,26,1,16.695999999996275,1.0,0.0,full_calibrated_frame,gray,21,3,False,48,48,"['r0c0', 'r0c1', 'r0c2', 'r0c3', 'r0c4', 'r0c5', 'r0c6', 'r0c7', 'r1c0', 'r1c1', 'r1c2', 'r1c3', 'r1c4', 'r1c5', 'r1c6', 'r1c7', 'r2c0', 'r2c1', 'r2c2', 'r2c3', 'r2c4', 'r2c5', 'r2c6', 'r2c7', 'r3c0', 'r3c1', 'r3c2', 'r3c3', 'r3c4', 'r3c5', 'r3c6', 'r3c7', 'r4c0', 'r4c1', 'r4c2', 'r4c3', 'r4c4', 'r4c5', 'r4c6', 'r4c7', 'r5c0', 'r5c1', 'r5c2', 'r5c3', 'r5c4', 'r5c5', 'r5c6', 'r5c7']",6,8,210.9133758544922,0,0,0,none,0.0,0.0,0.0
7,8,38,39,6.101898193359375,0.4596405029296875,226,0.5207373271889401,0.6666666666666666,0.9583333333333334,0.2971028685569763,0.40992167101827676,0.015561023119858186,True,1.0,True,[],adjacent,True,434,433,427,407,226,0.9377880184331797,0.5552825552825553,0.5207373271889401,0.013450083322823048,1.1618448195985513,4.45356951855067,7.400650835277764,226,157,1,33.39199999999255,1.0,0.0,full_calibrated_frame,gray,21,3,False,48,32,"['r0c0', 'r0c1', 'r0c2', 'r0c3', 'r0c4', 'r0c5', 'r0c7', 'r1c0', 'r1c1', 'r1c3', 'r1c4', 'r1c7', 'r2c0', 'r2c1', 'r3c0', 'r3c1', 'r4c0', 'r4c1', 'r4c2', 'r4c3', 'r4c4', 'r4c5', 'r4c6', 'r4c7', 'r5c0', 'r5c1', 'r5c2', 'r5c3', 'r5c4', 'r5c5', 'r5c6', 'r5c7']",6,8,210.9133758544922,0,0,0,none,0.0,0.0,0.0
8,9,39,40,2.9724273681640625,0.15009689331054688,384,0.8629213483146068,1.0,0.9791666666666666,0.1856440156698227,0.10697674418604651,0.008322147689139747,True,1.0,True,[],adjacent,True,445,444,444,433,384,0.9730337078651685,0.8868360277136259,0.8629213483146068,0.008488898165524006,0.7414381157875765,2.447572136794762,4.530360902559475,384,46,1,16.69600000002538,1.0,0.0,full_calibrated_frame,gray,21,3,False,48,48,"['r0c0', 'r0c1', 'r0c2', 'r0c3', 'r0c4', 'r0c5', 'r0c6', 'r0c7', 'r1c0', 'r1c1', 'r1c2', 'r1c3', 'r1c4', 'r1c5', 'r1c6', 'r1c7', 'r2c0', 'r2c1', 'r2c2', 'r2c3', 'r2c4', 'r2c5', 'r2c6', 'r2c7', 'r3c0', 'r3c1', 'r3c2', 'r3c3', 'r3c4', 'r3c5', 'r3c6', 'r3c7', 'r4c0', 'r4c1', 'r4c2', 'r4c3', 'r4c4', 'r4c5', 'r4c6', 'r4c7', 'r5c0', 'r5c1', 'r5c2', 'r5c3', 'r5c4', 'r5c5', 'r5c6', 'r5c7']",6,8,210.9133758544922,0,0,0,none,0.0,0.0,0.0
9,10,40,41,3.215545654296875,-0.009552001953125,374,0.8597701149425288,1.0,0.9791666666666666,0.13247281312942505,0.10526315789473684,0.0100515926954865,True,1.0,True,[],adjacent,True,435,433,433,420,374,0.9655172413793104,0.8904761904761904,0.8597701149425288,0.006419225130230188,0.8573632674432572,2.401754971530549,3.648658979032201,374,44,1,16.695999999996275,1.0,0.0,full_calibrated_frame,gray,21,3,False,48,48,"['r0c0', 'r0c1', 'r0c2', 'r0c3', 'r0c4', 'r0c5', 'r0c6', 'r0c7', 'r1c0', 'r1c1', 'r1c2', 'r1c3', 'r1c4', 'r1c5', 'r1c6', 'r1c7', 'r2c0', 'r2c1', 'r2c2', 'r2c3', 'r2c4', 'r2c5', 'r2c6', 'r2c7', 'r3c0', 'r3c1', 'r3c2', 'r3c3', 'r3c4', 'r3c5', 'r3c6', 'r3c7', 'r4c0', 'r4c1', 'r4c2', 'r4c3', 'r4c4', 'r4c5', 'r4c6', 'r4c7', 'r5c0', 'r5c1', 'r5c2', 'r5c3', 'r5c4', 'r5c5', 'r5c6', 'r5c7']",6,8,210.9133758544922,0,0,0,none,0.0,0.0,0.0
10,11,41,42,8.767906188964844,-0.2952842712402344,184,0.416289592760181,0.625,0.9416666666666667,0.37178054451942444,0.47875354107648727,0.02127564582740593,True,0.9477208344063867,False,['excessive_parallax_clusters'],adjacent,True,442,441,439,400,184,0.9049773755656109,0.46,0.416289592760181,0.01724778115749359,1.7213921741618865,5.106958761704362,11.334108646056949,184,169,1,33.39199999999255,1.0,0.0,full_calibrated_frame,gray,21,3,False,48,30,"['r0c0', 'r0c1', 'r0c2', 'r0c3', 'r0c4', 'r0c7', 'r1c0', 'r1c1', 'r1c2', 'r1c3', 'r1c4', 'r1c6', 'r1c7', 'r2c0', 'r2c1', 'r3c0', 'r3c1', 'r4c0', 'r4c4', 'r4c5', 'r4c6', 'r4c7', 'r5c0', 'r5c1', 'r5c2', 'r5c3', 'r5c4', 'r5c5', 'r5c6', 'r5c7']",6,8,210.9133758544922,0,0,0,none,0.0,0.0,0.0
11,12,42,43,4.42498779296875,-0.146209716796875,275,0.6440281030444965,0.8541666666666666,0.9416666666666667,0.2454051673412323,0.28940568475452194,0.011838666481487459,True,1.0,True,[],adjacent,True,427,427,427,411,275,0.9625292740046838,0.6690997566909975,0.6440281030444965,0.014139452017843723,0.9751712234550393,4.620009542690326,6.651523157317881,275,112,1,16.695999999996275,1.0,0.0,full_calibrated_frame,gray,21,3,False,48,41,"['r0c0', 'r0c1', 'r0c2', 'r0c3', 'r0c4', 'r0c6', 'r1c0', 'r1c1', 'r1c2', 'r1c3', 'r1c4', 'r1c6', 'r1c7', 'r2c0', 'r2c1', 'r2c3', 'r2c4', 'r2c6', 'r3c0', 'r3c1', 'r3c2', 'r3c3', 'r3c4', 'r3c6', 'r3c7', 'r4c0', 'r4c1', 'r4c2', 'r4c3', 'r4c4', 'r4c5', 'r4c6', 'r4c7', 'r5c0', 'r5c1', 'r5c2', 'r5c3', 'r5c4', 'r5c5', 'r5c6', 'r5c7']",6,8,210.9133758544922,0,0,0,none,0.0,0.0,0.0
12,13,43,44,3.8446311950683594,-0.028842926025390625,314,0.7388235294117647,0.8958333333333334,0.9083333333333333,0.17650514841079712,0.1349862258953168,0.012130029232251704,True,1.0,True,[],adjacent,True,425,408,407,391,314,0.92,0.80306905370844,0.7388235294117647,0.008953477256000042,1.0883142170163604,2.148309675918086,6.046511172114283,314,49,1,16.695999999996275,1.0,0.0,full_calibrated_frame,gray,21,3,False,48,43,"['r0c1', 'r0c2', 'r0c3', 'r0c4', 'r0c5', 'r0c6', 'r0c7', 'r1c1', 'r1c2', 'r1c3', 'r1c4', 'r1c5', 'r1c6', 'r1c7', 'r2c0', 'r2c1', 'r2c2', 'r2c3', 'r2c4', 'r2c5', 'r2c6', 'r2c7', 'r3c1', 'r3c2', 'r3c3', 'r3c4', 'r3c5', 'r3c6', 'r3c7', 'r4c1', 'r4c2', 'r4c3', 'r4c4', 'r4c5', 'r4c6', 'r4c7', 'r5c1', 'r5c2', 'r5c3', 'r5c4', 'r5c5', 'r5c6', 'r5c7']",6,8,210.9133758544922,0,0,0,none,0.0,0.0,0.0
13,14,44,45,11.108306884765625,0.2717933654785156,130,0.3058823529411765,0.5833333333333334,0.8833333333333333,0.36318472027778625,0.5131086142322098,0.027752139090369,True,0.7745010425975574,False,"['insufficient_model_inlier_ratio_retained', 'excessive_parallax_clusters']",adjacent,True,425,424,417,373,130,0.8776470588235294,0.3485254691689008,0.3058823529411765,0.023311994969844818,2.6855119311188793,8.024628686088352,14.070730627676651,130,137,1,33.39199999999255,1.0,0.0,full_calibrated_frame,gray,21,3,False,48,28,"['r0c0', 'r0c1', 'r0c2', 'r0c3', 'r0c4', 'r1c0', 'r1c1', 'r1c2', 'r1c3', 'r1c4', 'r1c6', 'r1c7', 'r2c0', 'r2c1', 'r3c0', 'r3c1', 'r4c0', 'r4c5', 'r4c6', 'r4c7', 'r5c0', 'r5c1', 'r5c2', 'r5c3', 'r5c4', 'r5c5', 'r5c6', 'r5c7']",6,8,210.9133758544922,0,0,0,none,0.0,0.0,0.0
14,15,45,46,4.3709259033203125,0.13072967529296875,280,0.6466512702078522,0.875,0.9291666666666667,0.23469477891921997,0.2328767123287671,0.013774604088912179,True,1.0,True,[],adjacent,True,433,433,432,412,280,0.9515011547344111,0.6796116504854369,0.6466512702078522,0.01003359816968441,1.2709853218572107,3.1712678441732876,6.484543374710189,280,85,1,16.69600000002538,1.0,0.0,full_calibrated_frame,gray,21,3,False,48,42,"['r0c1', 'r0c2', 'r0c3', 'r0c4', 'r0c5', 'r0c6', 'r0c7', 'r1c3', 'r1c4', 'r1c5', 'r1c6', 'r1c7', 'r2c1', 'r2c2', 'r2c3', 'r2c4', 'r2c5', 'r2c6', 'r2c7', 'r3c0', 'r3c1', 'r3c2', 'r3c3', 'r3c4', 'r3c5', 'r3c6', 'r3c7', 'r4c0', 'r4c1', 'r4c2', 'r4c3', 'r4c4', 'r4c5', 'r4c6', 'r4c7', 'r5c1', 'r5c2', 'r5c3', 'r5c4', 'r5c5', 'r5c6', 'r5c7']",6,8,210.9133758544922,0,0,0,none,0.0,0.0,0.0
15,16,46,47,12.104461669921875,-0.3688201904296875,128,0.3018867924528302,0.5625,0.8958333333333334,0.3177706003189087,0.49407114624505927,0.03025826383124952,True,0.7729468599033816,False,"['insufficient_model_inlier_ratio_retained', 'excessive_parallax_clusters']",adjacent,True,424,409,401,368,128,0.8679245283018868,0.34782608695652173,0.3018867924528302,0.02966950461268425,2.6209976272711764,7.998436521417428,12.787615483199579,128,125,1,33.39199999999255,1.0,0.0,full_calibrated_frame,gray,21,3,False,48,27,"['r0c0', 'r0c1', 'r0c2', 'r0c3', 'r0c4', 'r1c0', 'r1c1', 'r1c3', 'r1c4', 'r1c6', 'r1c7', 'r2c0', 'r3c0', 'r4c0', 'r4c3', 'r4c4', 'r4c5', 'r4c6', 'r4c7', 'r5c0', 'r5c1', 'r5c2', 'r5c3', 'r5c4', 'r5c5', 'r5c6', 'r5c7']",6,8,210.9133758544922,0,0,0,none,0.0,0.0,0.0
16,17,47,48,4.524261474609375,-0.279510498046875,253,0.5723981900452488,0.7916666666666666,0.9541666666666667,0.2901197373867035,0.35128205128205126,0.016266614920393385,True,1.0,True,[],adjacent,True,442,440,438,409,253,0.9253393665158371,0.6185819070904646,0.5723981900452488,0.01552710123360157,1.2037249651620259,2.7479624921015144,4.862931559569608,253,137,1,16.695999999996275,1.0,0.0,full_calibrated_frame,gray,21,3,False,48,38,"['r0c1', 'r0c3', 'r0c4', 'r0c5', 'r0c6', 'r0c7', 'r1c2', 'r1c3', 'r1c4', 'r1c5', 'r1c7', 'r2c1', 'r2c2', 'r2c3', 'r2c4', 'r2c5', 'r2c6', 'r2c7', 'r3c0', 'r3c1', 'r3c2', 'r3c3', 'r3c4', 'r3c5', 'r3c6', 'r3c7', 'r4c0', 'r4c1', 'r4c2', 'r4c3', 'r4c4', 'r4c5', 'r4c6', 'r4c7', 'r5c4', 'r5c5', 'r5c6', 'r5c7']",6,8,210.9133758544922,0,0,0,none,0.0,0.0,0.0
17,18,48,49,4.8119659423828125,-0.164794921875,238,0.5300668151447662,0.8125,0.8583333333333333,0.33465537428855896,0.32,0.0165466146997022,True,1.0,True,[],adjacent,True,449,441,438,405,238,0.9020044543429844,0.5876543209876544,0.5300668151447662,0.013135548681020737,1.2930379440089825,3.010186054337595,5.987982293988483,238,112,1,16.695999999996275,1.0,0.0,full_calibrated_frame,gray,21,3,False,48,39,"['r0c1', 'r0c3', 'r0c4', 'r0c5', 'r0c6', 'r0c7', 'r1c0', 'r1c2', 'r1c3', 'r1c4', 'r1c5', 'r1c7', 'r2c0', 'r2c1', 'r2c2', 'r2c3', 'r2c4', 'r2c5', 'r2c6', 'r3c0', 'r3c1', 'r3c2', 'r3c3', 'r3c4', 'r3c5', 'r3c6', 'r3c7', 'r4c0', 'r4c1', 'r4c2', 'r4c3', 'r4c4', 'r4c5', 'r4c6', 'r4c7', 'r5c4', 'r5c5', 'r5c6', 'r5c7']",6,8,210.9133758544922,0,0,0,none,0.0,0.0,0.0
18,19,49,50,7.6907501220703125,0.03423309326171875,133,0.30930232558139537,0.4583333333333333,0.6541666666666667,0.43182623386383057,0.4435146443514644,0.034529969899274815,True,0.8075288403157256,False,['insufficient_model_inlier_ratio_retained'],adjacent,True,430,402,401,366,133,0.8511627906976744,0.3633879781420765,0.30930232558139537,0.0273708738386631,3.1710874403710108,7.716595886777471,8.353597539514627,133,106,1,33.39199999999255,1.0,0.0,full_calibrated_frame,gray,21,3,False,48,22,"['r0c3', 'r0c4', 'r0c5', 'r0c6', 'r0c7', 'r1c4', 'r1c5', 'r1c6', 'r1c7', 'r2c1', 'r2c2', 'r2c3', 'r2c4', 'r2c5', 'r2c6', 'r2c7', 'r3c0', 'r3c1', 'r3c2', 'r3c3', 'r3c4', 'r3c5']",6,8,210.9133758544922,0,0,0,none,0.0,0.0,0.0
19,20,50,51,4.573516845703125,0.03753376007080078,231,0.5298165137614679,0.7083333333333334,0.8125,0.27237072587013245,0.38235294117647056,0.018006343890708987,True,1.0,True,[],adjacent,True,436,434,433,410,231,0.9403669724770642,0.5634146341463414,0.5298165137614679,0.011633109301328659,1.220687502395719,3.861698980849331,5.985151360320911,231,143,1,16.695999999996275,1.0,0.0,full_calibrated_frame,gray,21,3,False,48,34,"['r0c3', 'r0c4', 'r0c5', 'r0c6', 'r0c7', 'r1c2', 'r1c4', 'r1c5', 'r1c6', 'r1c7', 'r2c0', 'r2c1', 'r2c2', 'r2c3', 'r2c4', 'r2c5', 'r2c6', 'r2c7', 'r3c0', 'r3c1', 'r3c2', 'r3c3', 'r3c4', 'r3c5', 'r3c6', 'r3c7', 'r4c0', 'r4c1', 'r4c2', 'r4c3', 'r4c4', 'r4c5', 'r4c6', 'r4c7']",6,8,210.9133758544922,0,0,0,none,0.0,0.0,0.0
20,21,51,52,4.632007598876953,-0.0329742431640625,225,0.5102040816326531,0.75,0.8208333333333333,0.24635528028011322,0.3983957219251337,0.018123274449421745,True,1.0,True,[],adjacent,True,441,440,439,421,225,0.9546485260770975,0.5344418052256532,0.5102040816326531,0.015051138587296009,1.2824392182840993,3.4515525595043623,6.354224464310901,225,149,1,16.69600000002538,1.0,0.0,full_calibrated_frame,gray,21,3,False,48,36,"['r0c2', 'r0c3', 'r0c4', 'r0c5', 'r0c6', 'r0c7', 'r1c0', 'r1c1', 'r1c4', 'r1c5', 'r1c6', 'r1c7', 'r2c0', 'r2c1', 'r2c2', 'r2c3', 'r2c4', 'r2c5', 'r2c6', 'r2c7', 'r3c0', 'r3c1', 'r3c2', 'r3c3', 'r3c4', 'r3c5', 'r3c6', 'r3c7', 'r4c0', 'r4c1', 'r4c2', 'r4c3', 'r4c4', 'r4c5', 'r4c6', 'r4c7']",6,8,210.9133758544922,0,0,0,none,0.0,0.0,0.0
21,22,52,53,7.925727844238281,-0.09549713134765625,129,0.2853982300884956,0.4375,0.6458333333333334,0.3999260365962982,0.4777327935222672,0.03779835146734056,True,0.7202680067001676,False,"['insufficient_model_inlier_ratio_retained', 'excessive_parallax_clusters']",adjacent,True,452,444,438,398,129,0.8805309734513275,0.3241206030150754,0.2853982300884956,0.03022775426506996,3.5848770369762715,8.482092044993353,9.620310107870488,129,118,1,33.39199999999255,1.0,0.0,full_calibrated_frame,gray,21,3,False,48,21,"['r0c3', 'r0c4', 'r0c5', 'r0c6', 'r1c1', 'r1c4', 'r1c6', 'r1c7', 'r2c0', 'r2c1', 'r2c2', 'r2c3', 'r2c4', 'r2c5', 'r2c6', 'r2c7', 'r3c0', 'r3c1', 'r3c4', 'r3c5', 'r3c6']",6,8,210.9133758544922,0,0,0,none,0.0,0.0,0.0
22,23,53,54,4.7535552978515625,0.0977630615234375,230,0.5263157894736842,0.7083333333333334,0.9291666666666667,0.27143561840057373,0.39947780678851175,0.019003516143048238,True,1.0,True,[],adjacent,True,437,435,434,416,230,0.9519450800915332,0.5528846153846154,0.5263157894736842,0.012388848699629307,1.2880061856029443,3.7481687384727764,5.8976035266989015,230,153,1,16.695999999996275,1.0,0.0,full_calibrated_frame,gray,21,3,False,48,34,"['r0c2', 'r0c3', 'r0c4', 'r0c5', 'r0c6', 'r1c0', 'r1c4', 'r1c6', 'r1c7', 'r2c0', 'r2c1', 'r2c2', 'r2c3', 'r2c4', 'r2c5', 'r2c6', 'r2c7', 'r3c0', 'r3c1', 'r3c2', 'r3c3', 'r3c4', 'r3c5', 'r3c6', 'r3c7', 'r4c0', 'r4c1', 'r4c2', 'r4c3', 'r4c4', 'r4c5', 'r4c6', 'r4c7', 'r5c5']",6,8,210.9133758544922,0,0,0,none,0.0,0.0,0.0
23,24,54,55,4.784454345703125,0.1131744384765625,225,0.5056179775280899,0.7083333333333334,0.7875,0.255156546831131,0.4109947643979058,0.020368198164523343,True,1.0,True,[],adjacent,True,445,438,434,417,225,0.9370786516853933,0.539568345323741,0.5056179775280899,0.013277610763907433,1.3326131387494198,4.258697997955562,9.801501055345025,225,157,1,16.695999999996275,1.0,0.0,full_calibrated_frame,gray,21,3,False,48,34,"['r0c2', 'r0c3', 'r0c4', 'r0c5', 'r0c6', 'r1c3', 'r1c4', 'r1c5', 'r1c6', 'r1c7', 'r2c0', 'r2c1', 'r2c2', 'r2c3', 'r2c4', 'r2c5', 'r2c6', 'r2c7', 'r3c0', 'r3c1', 'r3c2', 'r3c3', 'r3c4', 'r3c5', 'r3c6', 'r3c7', 'r4c0', 'r4c1', 'r4c2', 'r4c3', 'r4c4', 'r4c5', 'r4c6', 'r4c7']",6,8,210.9133758544922,0,0,0,none,0.0,0.0,0.0
24,25,55,56,8.318817138671875,0.12686729431152344,108,0.2460136674259681,0.4166666666666667,0.6333333333333333,0.4011646509170532,0.5135135135135135,0.041302186583175415,True,0.6045340050377834,False,"['insufficient_model_inlier_ratio_retained', 'insufficient_effective_inlier_ratio_detected', 'excessive_parallax_clusters']",adjacent,True,439,428,427,397,108,0.9043280182232346,0.27204030226700254,0.2460136674259681,0.029967617243528366,4.0885794124585955,8.849082785731419,12.513023342864118,108,114,1,33.39199999999255,1.0,0.0,full_calibrated_frame,gray,21,3,False,48,20,"['r0c2', 'r0c3', 'r0c4', 'r0c5', 'r0c6', 'r1c3', 'r1c6', 'r2c0', 'r2c1', 'r2c2', 'r2c3', 'r2c4', 'r2c5', 'r2c6', 'r2c7', 'r3c1', 'r3c2', 'r3c3', 'r3c4', 'r3c5']",6,8,210.9133758544922,0,0,0,none,0.0,0.0,0.0
25,26,56,57,5.088348388671875,0.05270576477050781,209,0.4804597701149425,0.6875,0.9083333333333333,0.2742294669151306,0.44562334217506633,0.021196706423174116,True,1.0,True,[],adjacent,True,435,434,432,416,209,0.9563218390804598,0.5024038461538461,0.4804597701149425,0.011970525607466698,1.4946553757392889,4.145159963173762,6.25510160051126,209,168,1,16.695999999996275,1.0,0.0,full_calibrated_frame,gray,21,3,False,48,33,"['r0c2', 'r0c3', 'r0c4', 'r0c5', 'r0c6', 'r1c2', 'r1c3', 'r1c5', 'r1c6', 'r2c0', 'r2c1', 'r2c2', 'r2c3', 'r2c4', 'r2c5', 'r2c6', 'r2c7', 'r3c0', 'r3c1', 'r3c2', 'r3c3', 'r3c4', 'r3c5', 'r3c6', 'r3c7', 'r4c0', 'r4c1', 'r4c2', 'r4c3', 'r4c5', 'r4c6', 'r4c7', 'r5c7']",6,8,210.9133758544922,0,0,0,none,0.0,0.0,0.0
26,27,57,58,16.689056396484375,-0.1186676025390625,132,0.28633405639913234,0.4583333333333333,0.9083333333333333,0.45965200662612915,0.4634146341463415,0.04238882833283064,True,0.7260726072607261,False,"['insufficient_model_inlier_ratio_retained', 'excessive_parallax_clusters']",adjacent,True,461,457,451,404,132,0.8763557483731019,0.32673267326732675,0.28633405639913234,0.033462557941675186,3.7129639019469014,10.267364201115983,18.99965897721159,132,114,1,33.39300000001094,1.0,0.0,full_calibrated_frame,gray,21,3,False,48,22,"['r0c0', 'r0c1', 'r0c2', 'r0c6', 'r0c7', 'r1c1', 'r1c2', 'r1c4', 'r1c5', 'r1c6', 'r1c7', 'r4c3', 'r4c4', 'r4c5', 'r5c0', 'r5c1', 'r5c2', 'r5c3', 'r5c4', 'r5c5', 'r5c6', 'r5c7']",6,8,210.9133758544922,0,0,0,none,0.0,0.0,0.0
27,28,58,59,5.186622619628906,-0.12413787841796875,213,0.45905172413793105,0.6875,0.7916666666666666,0.26763615012168884,0.4593908629441624,0.022422692529500687,True,0.9829257037378865,False,['excessive_parallax_clusters'],adjacent,True,464,463,462,437,213,0.9418103448275862,0.4874141876430206,0.45905172413793105,0.01600533537566662,1.534693954353519,4.407203367144059,6.79091859909641,213,181,1,16.695999999996275,1.0,0.0,full_calibrated_frame,gray,21,3,False,48,33,"['r0c1', 'r0c2', 'r0c3', 'r0c4', 'r0c5', 'r0c7', 'r1c2', 'r1c3', 'r1c4', 'r1c5', 'r1c6', 'r1c7', 'r2c0', 'r2c1', 'r2c2', 'r2c3', 'r2c4', 'r2c5', 'r2c6', 'r2c7', 'r3c0', 'r3c1', 'r3c2', 'r3c3', 'r3c4', 'r3c5', 'r3c6', 'r3c7', 'r4c0', 'r4c1', 'r4c2', 'r4c6', 'r4c7']",6,8,210.9133758544922,0,0,0,none,0.0,0.0,0.0
28,29,59,60,5.28350830078125,-0.14612197875976562,211,0.46373626373626375,0.6875,0.8916666666666667,0.31226933002471924,0.4533678756476684,0.021314094820015173,True,0.9938765897315118,False,['excessive_parallax_clusters'],adjacent,True,455,452,445,426,211,0.9362637362637363,0.4953051643192488,0.46373626373626375,0.016538061201572418,1.5747780196013235,4.39517708641953,8.29607723886902,211,175,1,16.695999999996275,1.0,0.0,full_calibrated_frame,gray,21,3,False,48,33,"['r0c1', 'r0c2', 'r0c3', 'r0c4', 'r0c5', 'r0c7', 'r1c1', 'r1c2', 'r1c4', 'r1c5', 'r1c7', 'r2c0', 'r2c1', 'r2c2', 'r2c3', 'r2c4', 'r2c5', 'r2c6', 'r2c7', 'r3c0', 'r3c1', 'r3c2', 'r3c3', 'r3c4', 'r3c5', 'r3c6', 'r3c7', 'r4c0', 'r4c1', 'r4c2', 'r4c6', 'r4c7', 'r5c0']",6,8,210.9133758544922,0,0,0,none,0.0,0.0,0.0
29,30,60,61,9.374741554260254,-0.06287956237792969,104,0.23529411764705882,0.4791666666666667,0.65,0.3476583957672119,0.49514563106796117,0.04494052838238735,True,0.6314511232544019,False,"['insufficient_model_inlier_ratio_retained', 'insufficient_effective_inlier_ratio_detected', 'excessive_parallax_clusters']",adjacent,True,442,427,413,366,104,0.8280542986425339,0.28415300546448086,0.23529411764705882,0.03867003321647644,4.301921658650634,9.66420318114352,11.697959304579367,104,102,1,33.39200000002165,1.0,0.0,full_calibrated_frame,gray,21,3,False,48,23,"['r0c1', 'r0c2', 'r0c3', 'r0c4', 'r0c5', 'r0c7', 'r1c2', 'r1c6', 'r1c7', 'r2c0', 'r2c1', 'r2c2', 'r2c3', 'r2c4', 'r2c5', 'r2c6', 'r2c7', 'r3c0', 'r3c1', 'r3c2', 'r3c3', 'r3c4', 'r3c5']",6,8,210.9133758544922,0,0,0,none,0.0,0.0,0.0
30,31,61,62,5.4560699462890625,-0.014339447021484375,216,0.48322147651006714,0.7083333333333334,0.9208333333333333,0.19956260919570923,0.4489795918367347,0.022862311054766493,True,1.0,True,[],adjacent,True,447,447,447,426,216,0.9530201342281879,0.5070422535211268,0.48322147651006714,0.01212410070002079,1.4757902877618125,4.649012229984159,5.904130778308591,216,176,1,16.695999999996275,1.0,0.0,full_calibrated_frame,gray,21,3,False,48,34,"['r0c0', 'r0c1', 'r0c2', 'r0c3', 'r0c4', 'r0c5', 'r0c7', 'r1c1', 'r1c2', 'r1c4', 'r1c6', 'r1c7', 'r2c0', 'r2c1', 'r2c2', 'r2c3', 'r2c4', 'r2c5', 'r2c6', 'r2c7', 'r3c0', 'r3c1', 'r3c2', 'r3c3', 'r3c4', 'r3c5', 'r3c6', 'r3c7', 'r4c1', 'r4c3', 'r4c5', 'r4c6', 'r4c7', 'r5c6']",6,8,210.9133758544922,0,0,0,none,0.0,0.0,0.0
31,32,62,63,5.4302215576171875,-0.0959320068359375,210,0.47297297297297297,0.7083333333333334,0.7583333333333333,0.22039112448692322,0.450261780104712,0.022663819148426828,True,0.9995240361732509,False,['excessive_parallax_clusters'],adjacent,True,444,438,438,416,210,0.9369369369369369,0.5048076923076923,0.47297297297297297,0.015108155086636543,1.4845224572232012,4.442061228341416,6.558442794689619,210,172,1,16.695999999996275,1.0,0.0,full_calibrated_frame,gray,21,3,False,48,34,"['r0c0', 'r0c1', 'r0c2', 'r0c3', 'r0c4', 'r0c6', 'r0c7', 'r1c1', 'r1c2', 'r1c3', 'r1c4', 'r1c6', 'r1c7', 'r2c0', 'r2c1', 'r2c2', 'r2c3', 'r2c4', 'r2c5', 'r2c6', 'r2c7', 'r3c0', 'r3c1', 'r3c2', 'r3c3', 'r3c4', 'r3c5', 'r3c6', 'r3c7', 'r4c1', 'r4c2', 'r4c3', 'r4c6', 'r4c7']",6,8,210.9133758544922,0,0,0,none,0.0,0.0,0.0
32,33,63,64,9.7523193359375,-0.3708229064941406,111,0.25635103926096997,0.4583333333333333,0.6916666666666667,0.340963214635849,0.4585365853658537,0.04582090756312435,True,0.6702898550724637,False,"['insufficient_model_inlier_ratio_retained', 'excessive_parallax_clusters']",adjacent,True,433,424,418,368,111,0.8498845265588915,0.3016304347826087,0.25635103926096997,0.041176654398441315,4.20361340132958,9.953776654021578,12.032761920753218,111,94,1,33.39199999999255,1.0,0.0,full_calibrated_frame,gray,21,3,False,48,22,"['r0c1', 'r0c2', 'r0c3', 'r0c4', 'r0c6', 'r0c7', 'r1c1', 'r1c6', 'r2c0', 'r2c1', 'r2c2', 'r2c3', 'r2c4', 'r2c5', 'r2c6', 'r2c7', 'r3c0', 'r3c1', 'r3c3', 'r3c4', 'r3c7', 'r4c6']",6,8,210.9133758544922,0,0,0,none,0.0,0.0,0.0
33,34,64,65,5.3895263671875,-0.09485626220703125,208,0.47165532879818595,0.6666666666666666,0.7333333333333333,0.2080507129430771,0.45263157894736844,0.023474690661125203,True,0.9952153110047844,False,['excessive_parallax_clusters'],adjacent,True,441,435,435,426,208,0.9659863945578231,0.48826291079812206,0.47165532879818595,0.01604616641998291,1.5690405616723695,4.650181920880559,7.7001387960112755,208,172,1,16.695999999996275,1.0,0.0,full_calibrated_frame,gray,21,3,False,48,32,"['r0c0', 'r0c1', 'r0c2', 'r0c3', 'r0c4', 'r0c6', 'r0c7', 'r1c0', 'r1c1', 'r1c3', 'r1c4', 'r1c6', 'r1c7', 'r2c0', 'r2c1', 'r2c2', 'r2c3', 'r2c4', 'r2c5', 'r2c6', 'r2c7', 'r3c0', 'r3c1', 'r3c2', 'r3c3', 'r3c4', 'r3c5', 'r3c6', 'r3c7', 'r4c1', 'r4c5', 'r4c6']",6,8,210.9133758544922,0,0,0,none,0.0,0.0,0.0
34,35,65,66,9.56164288520813,0.05215263366699219,124,0.28440366972477066,0.5,0.6916666666666667,0.4362452030181885,0.41784037558685444,0.04718443244257385,True,0.7447447447447447,False,['insufficient_model_inlier_ratio_retained'],adjacent,True,436,423,421,370,124,0.8486238532110092,0.33513513513513515,0.28440366972477066,0.04400010406970978,4.224442434645324,10.257557460380669,12.50733654538541,124,89,1,33.39199999999255,1.0,0.0,full_calibrated_frame,gray,21,3,False,48,24,"['r0c0', 'r0c1', 'r0c2', 'r0c3', 'r0c4', 'r0c6', 'r0c7', 'r1c1', 'r1c6', 'r1c7', 'r2c0', 'r2c1', 'r2c2', 'r2c3', 'r2c4', 'r2c5', 'r2c6', 'r2c7', 'r3c1', 'r3c3', 'r3c6', 'r3c7', 'r4c6', 'r4c7']",6,8,210.9133758544922,0,0,0,none,0.0,0.0,0.0
35,36,66,67,5.3581390380859375,0.118743896484375,202,0.4752941176470588,0.6875,0.7333333333333333,0.2516201436519623,0.43575418994413406,0.02311205360027567,True,1.0,True,[],adjacent,True,425,423,423,401,202,0.9435294117647058,0.5037406483790524,0.4752941176470588,0.01330178789794445,1.49618385410264,4.581933920007322,7.34282968121117,202,156,1,16.69600000002538,1.0,0.0,full_calibrated_frame,gray,21,3,False,48,33,"['r0c0', 'r0c1', 'r0c2', 'r0c3', 'r0c5', 'r0c6', 'r0c7', 'r1c0', 'r1c3', 'r1c5', 'r1c6', 'r1c7', 'r2c0', 'r2c1', 'r2c2', 'r2c3', 'r2c4', 'r2c5', 'r2c6', 'r2c7', 'r3c0', 'r3c1', 'r3c3', 'r3c4', 'r3c5', 'r3c6', 'r3c7', 'r4c0', 'r4c1', 'r4c4', 'r4c5', 'r4c6', 'r4c7']",6,8,210.9133758544922,0,0,0,none,0.0,0.0,0.0
36,37,67,68,9.3367919921875,0.03582000732421875,121,0.29086538461538464,0.5416666666666666,0.6875,0.3944491147994995,0.395,0.04696797567261055,True,0.7553058676654182,False,['insufficient_model_inlier_ratio_retained'],adjacent,True,416,405,405,356,121,0.8557692307692307,0.3398876404494382,0.29086538461538464,0.03278961777687073,4.329102385622525,10.356370103665995,14.850586528351068,121,79,1,33.39199999999255,1.0,0.0,full_calibrated_frame,gray,21,3,False,48,26,"['r0c0', 'r0c1', 'r0c2', 'r0c3', 'r0c5', 'r0c6', 'r0c7', 'r1c0', 'r1c5', 'r1c6', 'r1c7', 'r2c0', 'r2c1', 'r2c2', 'r2c3', 'r2c4', 'r2c5', 'r2c6', 'r2c7', 'r3c0', 'r3c1', 'r3c3', 'r3c6', 'r3c7', 'r4c6', 'r4c7']",6,8,210.9133758544922,0,0,0,none,0.0,0.0,0.0
37,38,68,69,5.461215972900391,-0.01852130889892578,197,0.4497716894977169,0.7291666666666666,0.8875,0.24691489338874817,0.46467391304347827,0.02366682920416527,True,0.9733201581027667,False,['excessive_parallax_clusters'],adjacent,True,438,424,422,407,197,0.9292237442922374,0.48402948402948404,0.4497716894977169,0.013418064452707767,1.6593293536502642,4.492244518960682,6.9213685118865955,197,171,1,16.695999999996275,1.0,0.0,full_calibrated_frame,gray,21,3,False,48,35,"['r0c0', 'r0c1', 'r0c2', 'r0c3', 'r0c5', 'r0c6', 'r0c7', 'r1c0', 'r1c2', 'r1c3', 'r1c4', 'r1c5', 'r1c6', 'r1c7', 'r2c0', 'r2c1', 'r2c2', 'r2c3', 'r2c4', 'r2c5', 'r2c6', 'r2c7', 'r3c0', 'r3c1', 'r3c3', 'r3c4', 'r3c5', 'r3c6', 'r3c7', 'r4c0', 'r4c2', 'r4c4', 'r4c5', 'r4c7', 'r5c6']",6,8,210.9133758544922,0,0,0,none,0.0,0.0,0.0
38,39,69,70,9.262344360351562,0.12351799011230469,128,0.2876404494382023,0.5208333333333334,0.6458333333333334,0.3248160183429718,0.39622641509433965,0.04704674140724347,True,0.7544945475979958,False,['insufficient_model_inlier_ratio_retained'],adjacent,True,445,434,432,377,128,0.8471910112359551,0.3395225464190981,0.2876404494382023,0.04369257390499115,3.955219544793888,10.100563885736452,13.130598189984802,128,84,1,33.39199999999255,1.0,0.0,full_calibrated_frame,gray,21,3,False,48,25,"['r0c0', 'r0c1', 'r0c2', 'r0c5', 'r0c6', 'r0c7', 'r1c4', 'r1c5', 'r1c6', 'r1c7', 'r2c0', 'r2c1', 'r2c2', 'r2c3', 'r2c4', 'r2c5', 'r2c6', 'r2c7', 'r3c0', 'r3c2', 'r3c3', 'r3c6', 'r3c7', 'r4c5', 'r4c6']",6,8,210.9133758544922,0,0,0,none,0.0,0.0,0.0
39,40,70,71,5.229022979736328,0.10470294952392578,193,0.4606205250596659,0.7083333333333334,0.7458333333333333,0.2933620810508728,0.46537396121883656,0.023456646665265368,True,0.9720473432384789,False,['excessive_parallax_clusters'],adjacent,True,419,410,409,394,193,0.9403341288782816,0.48984771573604063,0.4606205250596659,0.01651158183813095,1.5990580207745548,4.707403301536322,9.66112681021767,193,168,1,16.695999999996275,1.0,0.0,full_calibrated_frame,gray,21,3,False,48,34,"['r0c0', 'r0c1', 'r0c2', 'r0c4', 'r0c5', 'r0c6', 'r0c7', 'r1c2', 'r1c3', 'r1c4', 'r1c5', 'r1c6', 'r1c7', 'r2c0', 'r2c1', 'r2c2', 'r2c3', 'r2c4', 'r2c5', 'r2c6', 'r2c7', 'r3c0', 'r3c2', 'r3c3', 'r3c4', 'r3c5', 'r3c6', 'r3c7', 'r4c0', 'r4c2', 'r4c4', 'r4c5', 'r4c6', 'r4c7']",6,8,210.9133758544922,0,0,0,none,0.0,0.0,0.0
40,41,71,72,9.181640625,0.16680145263671875,116,0.29292929292929293,0.5833333333333334,0.6708333333333333,0.38948240876197815,0.4228855721393035,0.047184320030092194,True,0.7537361923326835,False,['insufficient_model_inlier_ratio_retained'],adjacent,True,396,389,385,342,116,0.8636363636363636,0.3391812865497076,0.29292929292929293,0.0427117682993412,3.9074086150636838,10.241091916063876,13.668338110744859,116,85,1,33.39200000002165,1.0,0.0,full_calibrated_frame,gray,21,3,False,48,28,"['r0c0', 'r0c1', 'r0c2', 'r0c4', 'r0c5', 'r0c6', 'r0c7', 'r1c1', 'r1c4', 'r1c5', 'r1c6', 'r1c7', 'r2c0', 'r2c1', 'r2c2', 'r2c3', 'r2c4', 'r2c5', 'r2c6', 'r2c7', 'r3c0', 'r3c2', 'r3c3', 'r3c5', 'r3c6', 'r3c7', 'r4c5', 'r4c6']",6,8,210.9133758544922,0,0,0,none,0.0,0.0,0.0
41,42,72,73,5.415212631225586,0.08716964721679688,178,0.4320388349514563,0.6875,0.7541666666666667,0.3585815131664276,0.5,0.02303382394436526,True,0.9090909090909091,False,['excessive_parallax_clusters'],adjacent,True,412,411,410,387,178,0.9393203883495146,0.4599483204134367,0.4320388349514563,0.014121314510703087,1.8137164729122754,4.872338159871756,11.330885728928564,178,178,1,16.695999999996275,1.0,0.0,full_calibrated_frame,gray,21,3,False,48,33,"['r0c0', 'r0c1', 'r0c2', 'r0c4', 'r0c5', 'r0c6', 'r0c7', 'r1c1', 'r1c2', 'r1c3', 'r1c4', 'r1c6', 'r1c7', 'r2c0', 'r2c1', 'r2c2', 'r2c3', 'r2c4', 'r2c5', 'r2c6', 'r2c7', 'r3c0', 'r3c2', 'r3c3', 'r3c4', 'r3c5', 'r3c6', 'r3c7', 'r4c0', 'r4c1', 'r4c3', 'r4c4', 'r4c5']",6,8,210.9133758544922,0,0,0,none,0.0,0.0,0.0
42,43,73,74,5.680999755859375,-0.0258636474609375,199,0.4682352941176471,0.7083333333333334,0.7958333333333333,0.28742295503616333,0.4456824512534819,0.023462760869567334,True,1.0,True,[],adjacent,True,425,423,423,401,199,0.9435294117647058,0.49625935162094764,0.4682352941176471,0.0135197089985013,1.534080085246849,4.4516974270754694,7.7110162837512615,199,160,1,16.695999999996275,1.0,0.0,full_calibrated_frame,gray,21,3,False,48,34,"['r0c0', 'r0c1', 'r0c2', 'r0c3', 'r0c4', 'r0c5', 'r0c6', 'r0c7', 'r1c1', 'r1c2', 'r1c3', 'r1c4', 'r1c6', 'r2c0', 'r2c1', 'r2c2', 'r2c3', 'r2c4', 'r2c5', 'r2c6', 'r2c7', 'r3c0', 'r3c1', 'r3c2', 'r3c3', 'r3c4', 'r3c6', 'r3c7', 'r4c0', 'r4c1', 'r4c3', 'r4c4', 'r4c5', 'r4c6']",6,8,210.9133758544922,0,0,0,none,0.0,0.0,0.0
43,44,74,75,5.4736175537109375,-0.19738197326660156,186,0.46384039900249374,0.6458333333333334,0.7875,0.2891727089881897,0.4294478527607362,0.022840408597231993,True,1.0,True,[],adjacent,True,401,393,392,369,186,0.9201995012468828,0.5040650406504065,0.46384039900249374,0.016962016001343727,1.44909540282023,4.796481739245608,6.942130351474811,186,140,1,16.695999999996275,1.0,0.0,full_calibrated_frame,gray,21,3,False,48,31,"['r0c0', 'r0c1', 'r0c3', 'r0c4', 'r0c5', 'r0c6', 'r0c7', 'r1c1', 'r1c2', 'r1c3', 'r1c4', 'r1c6', 'r2c0', 'r2c1', 'r2c2', 'r2c3', 'r2c4', 'r2c5', 'r2c6', 'r2c7', 'r3c0', 'r3c1', 'r3c2', 'r3c3', 'r3c4', 'r3c6', 'r3c7', 'r4c1', 'r4c3', 'r4c4', 'r4c5']",6,8,210.9133758544922,0,0,0,none,0.0,0.0,0.0
44,45,75,76,5.463233947753906,-0.3245353698730469,198,0.4852941176470588,0.6666666666666666,0.7833333333333333,0.4219692349433899,0.4260869565217391,0.023573750499206736,True,1.0,True,[],adjacent,True,408,408,405,393,198,0.9632352941176471,0.5038167938931297,0.4852941176470588,0.0210424792021513,1.4641103813928227,4.559041372336134,7.541336564739104,198,147,1,16.695999999996275,1.0,0.0,full_calibrated_frame,gray,21,3,False,48,32,"['r0c0', 'r0c1', 'r0c3', 'r0c4', 'r0c5', 'r0c6', 'r0c7', 'r1c1', 'r1c3', 'r1c4', 'r1c6', 'r1c7', 'r2c0', 'r2c1', 'r2c2', 'r2c3', 'r2c4', 'r2c5', 'r2c6', 'r2c7', 'r3c0', 'r3c1', 'r3c2', 'r3c3', 'r3c4', 'r3c5', 'r3c6', 'r3c7', 'r4c1', 'r4c3', 'r4c4', 'r4c5']",6,8,210.9133758544922,0,0,0,none,0.0,0.0,0.0
45,46,76,77,9.499969482421875,-0.4720897674560547,109,0.2704714640198511,0.5208333333333334,0.6541666666666667,0.39496028423309326,0.4577114427860697,0.0457017199220974,True,0.7124183006535948,False,"['insufficient_model_inlier_ratio_retained', 'excessive_parallax_clusters']",adjacent,True,403,398,392,340,109,0.8436724565756824,0.3205882352941177,0.2704714640198511,0.049907807260751724,4.185986659973817,10.684844121403005,14.43382913135289,109,92,1,33.39199999999255,1.0,0.0,full_calibrated_frame,gray,21,3,False,48,25,"['r0c0', 'r0c1', 'r0c3', 'r0c4', 'r0c6', 'r0c7', 'r1c3', 'r1c6', 'r1c7', 'r2c0', 'r2c1', 'r2c2', 'r2c3', 'r2c4', 'r2c5', 'r2c6', 'r2c7', 'r3c2', 'r3c3', 'r3c5', 'r3c6', 'r3c7', 'r4c5', 'r4c6', 'r4c7']",6,8,210.9133758544922,0,0,0,none,0.0,0.0,0.0
46,47,77,78,5.52264404296875,-0.04207801818847656,193,0.46618357487922707,0.75,0.9166666666666666,0.28727367520332336,0.44857142857142857,0.02394714460131192,True,1.0,True,[],adjacent,True,414,413,412,397,193,0.9589371980676329,0.48614609571788414,0.46618357487922707,0.015332349576056004,1.5642637797236911,5.318192410383192,8.072819641073059,193,157,1,16.69600000002538,1.0,0.0,full_calibrated_frame,gray,21,3,False,48,36,"['r0c0', 'r0c1', 'r0c3', 'r0c4', 'r0c5', 'r0c6', 'r0c7', 'r1c0', 'r1c1', 'r1c3', 'r1c5', 'r1c6', 'r1c7', 'r2c0', 'r2c1', 'r2c2', 'r2c3', 'r2c4', 'r2c5', 'r2c6', 'r2c7', 'r3c1', 'r3c2', 'r3c3', 'r3c4', 'r3c5', 'r3c6', 'r3c7', 'r4c0', 'r4c2', 'r4c3', 'r4c4', 'r4c5', 'r4c6', 'r4c7', 'r5c2']",6,8,210.9133758544922,0,0,0,none,0.0,0.0,0.0
47,48,78,79,5.3396453857421875,0.045200347900390625,179,0.42720763723150357,0.75,0.9041666666666667,0.35732969641685486,0.47352941176470587,0.023022388859882448,True,0.9572192513368983,False,['excessive_parallax_clusters'],adjacent,True,419,418,408,392,179,0.9355608591885441,0.45663265306122447,0.42720763723150357,0.015983011573553085,1.8971606110073687,5.431600687614092,7.94466205569807,179,161,1,16.695999999996275,1.0,0.0,full_calibrated_frame,gray,21,3,False,48,36,"['r0c0', 'r0c3', 'r0c4', 'r0c5', 'r0c6', 'r0c7', 'r1c0', 'r1c1', 'r1c2', 'r1c3', 'r1c5', 'r1c6', 'r1c7', 'r2c0', 'r2c1', 'r2c2', 'r2c3', 'r2c4', 'r2c5', 'r2c6', 'r2c7', 'r3c1', 'r3c2', 'r3c3', 'r3c4', 'r3c5', 'r3c6', 'r3c7', 'r4c0', 'r4c2', 'r4c3', 'r4c4', 'r4c5', 'r4c6', 'r4c7', 'r5c2']",6,8,210.9133758544922,0,0,0,none,0.0,0.0,0.0
48,49,79,80,5.6037750244140625,0.070556640625,190,0.472636815920398,0.75,0.7416666666666667,0.22714267671108246,0.4153846153846154,0.022272762732271467,True,1.0,True,[],adjacent,True,402,400,370,351,190,0.8731343283582089,0.5413105413105413,0.472636815920398,0.01402987353503704,1.1691162623542999,4.679165332562607,9.870254169901395,190,135,1,16.695999999996275,1.0,0.0,full_calibrated_frame,gray,21,3,False,48,36,"['r0c0', 'r0c2', 'r0c3', 'r0c4', 'r0c5', 'r0c6', 'r0c7', 'r1c0', 'r1c1', 'r1c2', 'r1c3', 'r1c5', 'r1c6', 'r1c7', 'r2c0', 'r2c1', 'r2c2', 'r2c3', 'r2c4', 'r2c5', 'r2c6', 'r3c0', 'r3c1', 'r3c2', 'r3c3', 'r3c4', 'r3c5', 'r3c6', 'r3c7', 'r4c0', 'r4c2', 'r4c3', 'r4c4', 'r4c5', 'r4c6', 'r4c7']",6,8,210.9133758544922,0,0,0,none,0.0,0.0,0.0
49,50,80,81,5.65888786315918,0.028214454650878906,192,0.4897959183673469,0.7083333333333334,0.7791666666666667,0.22357052564620972,0.4482758620689655,0.02232273152790354,True,1.0,True,[],adjacent,True,392,390,389,371,192,0.9464285714285714,0.5175202156334232,0.4897959183673469,0.014207539148628712,1.4122397107730222,4.328227952732986,8.328799178473638,192,156,1,16.695999999996275,1.0,0.0,full_calibrated_frame,gray,21,3,False,48,34,"['r0c0', 'r0c2', 'r0c3', 'r0c4', 'r0c5', 'r0c6', 'r0c7', 'r1c0', 'r1c2', 'r1c3', 'r1c5', 'r2c0', 'r2c1', 'r2c2', 'r2c3', 'r2c4', 'r2c5', 'r2c6', 'r3c0', 'r3c1', 'r3c2', 'r3c3', 'r3c4', 'r3c5', 'r3c6', 'r3c7', 'r4c0', 'r4c1', 'r4c2', 'r4c3', 'r4c4', 'r4c5', 'r4c6', 'r4c7']",6,8,210.9133758544922,0,0,0,none,0.0,0.0,0.0
50,51,81,82,9.581939697265625,0.1898345947265625,99,0.2391304347826087,0.4375,0.675,0.3728411793708801,0.4789473684210526,0.04582891463533906,True,0.6303724928366762,False,"['insufficient_model_inlier_ratio_retained', 'insufficient_effective_inlier_ratio_detected', 'excessive_parallax_clusters']",adjacent,True,414,409,404,349,99,0.8429951690821256,0.2836676217765043,0.2391304347826087,0.03690626472234726,4.798814101294752,10.368008529001012,12.863487018794569,99,91,1,33.39199999999255,1.0,0.0,full_calibrated_frame,gray,21,3,False,48,21,"['r0c0', 'r0c2', 'r0c4', 'r0c5', 'r0c6', 'r0c7', 'r1c3', 'r1c5', 'r2c0', 'r2c1', 'r2c2', 'r2c3', 'r2c4', 'r2c5', 'r2c6', 'r3c0', 'r3c1', 'r3c4', 'r3c5', 'r3c6', 'r4c4']",6,8,210.9133758544922,0,0,0,none,0.0,0.0,0.0
51,52,82,83,5.2954254150390625,0.0809173583984375,176,0.4251207729468599,0.7083333333333334,0.9375,0.3081989884376526,0.46827794561933533,0.021767572053480677,True,0.9667673716012084,False,['excessive_parallax_clusters'],adjacent,True,414,412,409,390,176,0.9420289855072463,0.4512820512820513,0.4251207729468599,0.012010158970952034,1.8441925889980264,5.081732963093722,6.63643231717162,176,155,1,16.695999999996275,1.0,0.0,full_calibrated_frame,gray,21,3,False,48,34,"['r0c2', 'r0c3', 'r0c4', 'r0c5', 'r0c6', 'r1c0', 'r1c2', 'r1c3', 'r1c4', 'r1c5', 'r1c6', 'r2c0', 'r2c1', 'r2c2', 'r2c3', 'r2c4', 'r2c5', 'r2c6', 'r3c0', 'r3c1', 'r3c2', 'r3c3', 'r3c4', 'r3c5', 'r3c6', 'r4c0', 'r4c1', 'r4c2', 'r4c3', 'r4c4', 'r4c5', 'r4c6', 'r5c3', 'r5c6']",6,8,210.9133758544922,0,0,0,none,0.0,0.0,0.0
52,53,83,84,5.237392425537109,0.06871414184570312,161,0.4014962593516209,0.6458333333333334,0.9166666666666666,0.20236876606941223,0.5121212121212121,0.02195217635831853,True,0.8870523415977961,False,"['insufficient_model_inlier_ratio_retained', 'excessive_parallax_clusters']",adjacent,True,401,401,387,370,161,0.9226932668329177,0.43513513513513513,0.4014962593516209,0.01063317060470581,1.8432704989317177,4.95220640000659,6.7119794267377815,161,169,1,16.695999999996275,1.0,0.0,full_calibrated_frame,gray,21,3,False,48,31,"['r0c2', 'r0c3', 'r0c4', 'r0c5', 'r0c6', 'r1c0', 'r1c1', 'r1c2', 'r1c4', 'r1c5', 'r1c6', 'r2c0', 'r2c1', 'r2c2', 'r2c3', 'r2c4', 'r2c5', 'r2c6', 'r3c0', 'r3c1', 'r3c2', 'r3c3', 'r3c4', 'r3c5', 'r3c6', 'r4c1', 'r4c2', 'r4c3', 'r4c4', 'r5c1', 'r5c3']",6,8,210.9133758544922,0,0,0,none,0.0,0.0,0.0
53,54,84,85,9.308889389038086,0.12124824523925781,156,0.3870967741935484,0.5416666666666666,0.9875,0.19497011601924896,0.5329341317365269,0.022240160212992688,True,0.849210669569951,False,"['insufficient_model_inlier_ratio_retained', 'excessive_parallax_clusters']",adjacent,True,403,403,403,390,156,0.967741935483871,0.4,0.3870967741935484,0.012728442437946796,2.1179190696141177,5.062518576681334,10.16552420607451,156,178,1,16.69600000002538,1.0,0.0,full_calibrated_frame,gray,21,3,False,48,26,"['r0c0', 'r0c1', 'r0c3', 'r0c6', 'r0c7', 'r1c0', 'r1c1', 'r1c2', 'r1c3', 'r1c4', 'r1c6', 'r1c7', 'r2c6', 'r2c7', 'r3c6', 'r3c7', 'r4c0', 'r4c6', 'r4c7', 'r5c0', 'r5c1', 'r5c2', 'r5c3', 'r5c4', 'r5c6', 'r5c7']",6,8,210.9133758544922,0,0,0,none,0.0,0.0,0.0
54,55,85,86,5.0544586181640625,0.11782073974609375,150,0.375,0.5833333333333334,0.9375,0.20345087349414825,0.5495495495495496,0.022604831211901877,True,0.8190008190008189,False,"['insufficient_model_inlier_ratio_retained', 'excessive_parallax_clusters']",adjacent,True,400,399,398,385,150,0.9625,0.38961038961038963,0.375,0.010424581356346607,2.2623810943671656,5.067181406897909,7.4409605281556,150,183,1,16.695999999996275,1.0,0.0,full_calibrated_frame,gray,21,3,False,48,28,"['r0c1', 'r0c2', 'r0c3', 'r0c4', 'r0c5', 'r0c6', 'r0c7', 'r1c1', 'r1c2', 'r1c4', 'r1c5', 'r2c0', 'r2c1', 'r2c2', 'r2c3', 'r2c4', 'r2c5', 'r3c0', 'r3c1', 'r3c2', 'r3c3', 'r3c5', 'r4c1', 'r4c2', 'r4c3', 'r4c4', 'r4c5', 'r5c3']",6,8,210.9133758544922,0,0,0,none,0.0,0.0,0.0
55,56,86,87,5.0523223876953125,0.09982681274414062,156,0.4051948051948052,0.625,0.7625,0.21820275485515594,0.5329341317365269,0.022024655455925524,True,0.849210669569951,False,"['insufficient_model_inlier_ratio_retained', 'excessive_parallax_clusters']",adjacent,True,385,382,381,373,156,0.9688311688311688,0.41823056300268097,0.4051948051948052,0.011085975915193558,2.0678496618107443,4.897227897264512,7.394552212189621,156,178,1,16.695999999996275,1.0,0.0,full_calibrated_frame,gray,21,3,False,48,30,"['r0c1', 'r0c2', 'r0c3', 'r0c4', 'r0c5', 'r0c6', 'r0c7', 'r1c1', 'r1c2', 'r1c3', 'r1c4', 'r1c5', 'r2c0', 'r2c1', 'r2c2', 'r2c3', 'r2c4', 'r2c5', 'r3c0', 'r3c1', 'r3c2', 'r3c3', 'r3c4', 'r3c5', 'r4c1', 'r4c2', 'r4c3', 'r4c4', 'r4c5', 'r4c7']",6,8,210.9133758544922,0,0,0,none,0.0,0.0,0.0
56,57,87,88,19.314056396484375,0.127197265625,94,0.23737373737373738,0.3541666666666667,0.9666666666666667,0.3930480480194092,0.5414634146341464,0.042697800308043043,True,0.6349206349206349,False,"['insufficient_model_inlier_ratio_retained', 'insufficient_effective_inlier_ratio_detected', 'excessive_parallax_clusters']",adjacent,True,396,366,364,329,94,0.8308080808080808,0.2857142857142857,0.23737373737373738,0.02853022702038288,5.965608156097797,11.188747896366015,19.92147315176242,94,111,1,33.39199999999255,1.0,0.0,full_calibrated_frame,gray,21,3,False,48,17,"['r0c6', 'r0c7', 'r1c2', 'r1c3', 'r1c6', 'r1c7', 'r2c6', 'r2c7', 'r3c6', 'r3c7', 'r4c6', 'r4c7', 'r5c1', 'r5c3', 'r5c5', 'r5c6', 'r5c7']",6,8,210.9133758544922,0,0,0,none,0.0,0.0,0.0
57,58,88,89,4.810638427734375,-0.192169189453125,163,0.39950980392156865,0.6458333333333334,0.9333333333333333,0.28966856002807617,0.4953560371517028,0.02215781904312264,True,0.917534477905995,False,"['insufficient_model_inlier_ratio_retained', 'excessive_parallax_clusters']",adjacent,True,408,408,406,383,163,0.9387254901960784,0.4255874673629243,0.39950980392156865,0.016904927790164948,1.9150633954477203,4.952883184196581,6.798629904287235,163,160,1,16.695999999996275,1.0,0.0,full_calibrated_frame,gray,21,3,False,48,31,"['r0c1', 'r0c2', 'r0c3', 'r0c4', 'r0c5', 'r0c7', 'r1c0', 'r1c1', 'r1c3', 'r1c4', 'r1c5', 'r1c7', 'r2c0', 'r2c1', 'r2c2', 'r2c3', 'r2c4', 'r2c5', 'r2c7', 'r3c0', 'r3c1', 'r3c2', 'r3c4', 'r3c5', 'r4c0', 'r4c1', 'r4c2', 'r4c3', 'r4c5', 'r4c7', 'r5c2']",6,8,210.9133758544922,0,0,0,none,0.0,0.0,0.0
58,59,89,90,4.8590087890625,-0.39699792861938477,175,0.41273584905660377,0.6875,0.925,0.30877041816711426,0.4807121661721068,0.02133083607247399,True,0.9441596978688968,False,['excessive_parallax_clusters'],adjacent,True,424,423,417,388,175,0.9150943396226415,0.45103092783505155,0.41273584905660377,0.019324984401464462,1.7162650116280314,4.806386442734518,7.156018322336138,175,162,1,16.695999999996275,1.0,0.0,full_calibrated_frame,gray,21,3,False,48,33,"['r0c0', 'r0c1', 'r0c2', 'r0c3', 'r0c4', 'r0c5', 'r0c7', 'r1c0', 'r1c1', 'r1c3', 'r1c4', 'r1c5', 'r1c7', 'r2c0', 'r2c1', 'r2c2', 'r2c3', 'r2c4', 'r2c5', 'r2c7', 'r3c0', 'r3c1', 'r3c2', 'r3c3', 'r3c4', 'r3c5', 'r4c0', 'r4c1', 'r4c2', 'r4c3', 'r4c5', 'r4c7', 'r5c2']",6,8,210.9133758544922,0,0,0,none,0.0,0.0,0.0
59,60,90,91,4.5673980712890625,-0.3768768310546875,163,0.39659367396593675,0.6875,0.9125,0.265983909368515,0.5060606060606061,0.020621225226766127,True,0.8980716253443525,False,"['insufficient_model_inlier_ratio_retained', 'excessive_parallax_clusters']",adjacent,True,411,407,400,387,163,0.9416058394160584,0.42118863049095606,0.39659367396593675,0.021529503166675568,2.0272326416149484,5.020312586438037,7.593976365148175,163,167,1,16.695999999996275,1.0,0.0,full_calibrated_frame,gray,21,3,False,48,33,"['r0c0', 'r0c1', 'r0c2', 'r0c3', 'r0c4', 'r0c5', 'r0c6', 'r0c7', 'r1c0', 'r1c1', 'r1c3', 'r1c4', 'r1c5', 'r1c7', 'r2c0', 'r2c1', 'r2c2', 'r2c3', 'r2c4', 'r2c5', 'r2c7', 'r3c0', 'r3c1', 'r3c2', 'r3c3', 'r3c4', 'r4c0', 'r4c1', 'r4c2', 'r4c3', 'r4c5', 'r4c7', 'r5c1']",6,8,210.9133758544922,0,0,0,none,0.0,0.0,0.0
60,61,91,92,8.191390991210938,0.0766143798828125,118,0.2789598108747045,0.4583333333333333,0.65,0.4780547022819519,0.5241935483870968,0.04046861748542363,True,0.6810966810966811,False,"['insufficient_model_inlier_ratio_retained', 'excessive_parallax_clusters']",adjacent,True,423,420,416,385,118,0.9101654846335697,0.3064935064935065,0.2789598108747045,0.038518644869327545,4.83259961880064,10.569060277017302,13.686878677805991,118,130,1,33.39200000002165,1.0,0.0,full_calibrated_frame,gray,21,3,False,48,22,"['r0c0', 'r0c1', 'r0c2', 'r0c3', 'r0c4', 'r0c5', 'r0c6', 'r0c7', 'r1c0', 'r1c3', 'r1c4', 'r2c0', 'r2c1', 'r2c2', 'r2c3', 'r2c4', 'r2c6', 'r2c7', 'r3c0', 'r3c2', 'r3c3', 'r3c4']",6,8,210.9133758544922,0,0,0,none,0.0,0.0,0.0
61,62,92,93,4.2478485107421875,0.361297607421875,176,0.4064665127020785,0.6666666666666666,0.9125,0.28742507100105286,0.49570200573065903,0.019906107170722054,True,0.9169054441260744,False,"['insufficient_model_inlier_ratio_retained', 'excessive_parallax_clusters']",adjacent,True,433,431,431,403,176,0.930715935334873,0.43672456575682383,0.4064665127020785,0.020688509568572044,1.9930506897810907,4.960452177549395,7.333882438255709,176,173,1,16.695999999996275,1.0,0.0,full_calibrated_frame,gray,21,3,False,48,32,"['r0c0', 'r0c1', 'r0c2', 'r0c3', 'r0c4', 'r0c6', 'r0c7', 'r1c0', 'r1c1', 'r1c2', 'r1c3', 'r1c4', 'r2c0', 'r2c1', 'r2c2', 'r2c3', 'r2c4', 'r2c6', 'r2c7', 'r3c0', 'r3c1', 'r3c2', 'r3c3', 'r3c4', 'r3c6', 'r4c0', 'r4c1', 'r4c4', 'r4c6', 'r4c7', 'r5c1', 'r5c6']",6,8,210.9133758544922,0,0,0,none,0.0,0.0,0.0
62,63,93,94,4.379966735839844,0.2877349853515625,178,0.419811320754717,0.625,0.9375,0.3097708225250244,0.48703170028818443,0.019036430479329458,True,0.9326696358396646,False,['excessive_parallax_clusters'],adjacent,True,424,422,422,393,178,0.9268867924528302,0.4529262086513995,0.419811320754717,0.02083858661353588,1.788162612316048,4.715700036198843,7.499963817475785,178,169,1,16.695999999996275,1.0,0.0,full_calibrated_frame,gray,21,3,False,48,30,"['r0c0', 'r0c1', 'r0c2', 'r0c3', 'r0c4', 'r0c6', 'r0c7', 'r1c2', 'r1c3', 'r1c4', 'r2c0', 'r2c1', 'r2c2', 'r2c3', 'r2c4', 'r2c6', 'r2c7', 'r3c0', 'r3c1', 'r3c2', 'r3c3', 'r3c4', 'r3c6', 'r4c0', 'r4c1', 'r4c2', 'r4c4', 'r4c6', 'r4c7', 'r5c1']",6,8,210.9133758544922,0,0,0,none,0.0,0.0,0.0
63,64,94,95,4.374626636505127,-0.04521942138671875,180,0.4195804195804196,0.625,0.8791666666666667,0.30327102541923523,0.4857142857142857,0.019003091980794307,True,0.9350649350649349,False,['excessive_parallax_clusters'],adjacent,True,429,429,427,390,180,0.9090909090909091,0.46153846153846156,0.4195804195804196,0.013686150312423706,1.760107927658554,4.632380420034755,10.815923047128258,180,170,1,16.695999999996275,1.0,0.0,full_calibrated_frame,gray,21,3,False,48,30,"['r0c0', 'r0c1', 'r0c2', 'r0c3', 'r0c4', 'r0c6', 'r0c7', 'r1c2', 'r1c3', 'r1c4', 'r2c0', 'r2c1', 'r2c2', 'r2c3', 'r2c4', 'r2c6', 'r2c7', 'r3c0', 'r3c1', 'r3c2', 'r3c3', 'r3c4', 'r3c6', 'r4c0', 'r4c1', 'r4c2', 'r4c4', 'r4c6', 'r4c7', 'r5c6']",6,8,210.9133758544922,0,0,0,none,0.0,0.0,0.0
64,65,95,96,7.960735321044922,-0.6971435546875,105,0.25,0.5625,0.85,0.4084964990615845,0.5116279069767442,0.03704048746761113,True,0.6802721088435374,False,"['insufficient_model_inlier_ratio_retained', 'excessive_parallax_clusters']",adjacent,True,420,412,407,343,105,0.8166666666666667,0.30612244897959184,0.25,0.043273936957120895,3.9517599401198926,9.372096114476966,11.364056799313522,105,110,1,33.39199999999255,1.0,0.0,full_calibrated_frame,gray,21,3,False,48,27,"['r0c0', 'r0c1', 'r0c2', 'r0c3', 'r0c4', 'r0c5', 'r0c6', 'r0c7', 'r1c2', 'r1c3', 'r1c4', 'r2c0', 'r2c1', 'r2c2', 'r2c3', 'r2c4', 'r2c6', 'r2c7', 'r3c0', 'r3c1', 'r3c2', 'r3c3', 'r3c4', 'r4c1', 'r4c4', 'r4c6', 'r5c6']",6,8,210.9133758544922,0,0,0,none,0.0,0.0,0.0
65,66,96,97,7.774261474609375,-0.0938568115234375,168,0.3971631205673759,0.6041666666666666,0.9708333333333333,0.29852285981178284,0.532033426183844,0.0182278073690455,True,0.8508483160293745,False,"['insufficient_model_inlier_ratio_retained', 'excessive_parallax_clusters']",adjacent,True,423,423,420,398,168,0.9408983451536643,0.4221105527638191,0.3971631205673759,0.01553126610815525,2.1377093512862704,7.026553204679134,15.883129824108815,168,191,1,16.695999999996275,1.0,0.0,full_calibrated_frame,gray,21,3,False,48,29,"['r0c0', 'r0c1', 'r0c4', 'r0c5', 'r0c6', 'r1c0', 'r1c1', 'r1c4', 'r1c5', 'r1c6', 'r1c7', 'r2c4', 'r2c5', 'r3c4', 'r3c5', 'r4c1', 'r4c2', 'r4c3', 'r4c4', 'r4c5', 'r4c6', 'r5c0', 'r5c1', 'r5c2', 'r5c3', 'r5c4', 'r5c5', 'r5c6', 'r5c7']",6,8,210.9133758544922,0,0,0,none,0.0,0.0,0.0
66,67,97,98,4.4658203125,0.1568145751953125,198,0.47030878859857483,0.75,0.8333333333333334,0.266387403011322,0.45604395604395603,0.01747839150125241,True,0.989010989010989,False,['excessive_parallax_clusters'],adjacent,True,421,419,419,400,198,0.9501187648456056,0.495,0.47030878859857483,0.018420258536934853,1.5504072034871432,4.327011204019212,8.803094694062471,198,166,1,16.69600000002538,1.0,0.0,full_calibrated_frame,gray,21,3,False,48,36,"['r0c0', 'r0c1', 'r0c2', 'r0c3', 'r0c4', 'r0c5', 'r0c6', 'r0c7', 'r1c1', 'r1c2', 'r1c3', 'r1c4', 'r1c7', 'r2c0', 'r2c1', 'r2c2', 'r2c3', 'r2c4', 'r2c5', 'r2c6', 'r2c7', 'r3c0', 'r3c1', 'r3c2', 'r3c3', 'r3c5', 'r3c7', 'r4c0', 'r4c1', 'r4c2', 'r4c3', 'r4c4', 'r4c6', 'r4c7', 'r5c0', 'r5c7']",6,8,210.9133758544922,0,0,0,none,0.0,0.0,0.0
67,68,98,99,7.2385711669921875,0.4140281677246094,108,0.2571428571428571,0.4791666666666667,0.6791666666666667,0.47163036465644836,0.4881516587677725,0.03435597936677337,True,0.6629834254143646,False,"['insufficient_model_inlier_ratio_retained', 'excessive_parallax_clusters']",adjacent,True,420,418,416,362,108,0.861904761904762,0.2983425414364641,0.2571428571428571,0.0457296222448349,4.18664515246191,8.791556560667207,17.779130738747167,108,103,1,33.39199999999255,1.0,0.0,full_calibrated_frame,gray,21,3,False,48,23,"['r0c0', 'r0c1', 'r0c2', 'r0c3', 'r0c5', 'r0c6', 'r0c7', 'r1c1', 'r1c2', 'r1c3', 'r2c0', 'r2c1', 'r2c2', 'r2c3', 'r2c5', 'r2c6', 'r2c7', 'r3c1', 'r3c2', 'r3c6', 'r3c7', 'r4c3', 'r4c7']",6,8,210.9133758544922,0,0,0,none,0.0,0.0,0.0
68,69,99,100,6.5213775634765625,0.019036293029785156,200,0.4889975550122249,0.7083333333333334,0.9583333333333334,0.24580740928649902,0.44751381215469616,0.016660166443862923,True,1.0,True,[],adjacent,True,409,403,403,392,200,0.9584352078239609,0.5102040816326531,0.4889975550122249,0.010496034286916256,1.4330562702913823,5.944566292063055,10.099648997816667,200,162,1,16.695999999996275,1.0,0.0,full_calibrated_frame,gray,21,3,False,48,34,"['r0c0', 'r0c1', 'r0c3', 'r0c4', 'r0c5', 'r0c6', 'r1c0', 'r1c1', 'r1c3', 'r1c4', 'r1c5', 'r1c6', 'r1c7', 'r2c3', 'r2c4', 'r3c0', 'r3c3', 'r3c4', 'r3c5', 'r4c0', 'r4c1', 'r4c2', 'r4c3', 'r4c4', 'r4c5', 'r4c6', 'r4c7', 'r5c1', 'r5c2', 'r5c3', 'r5c4', 'r5c5', 'r5c6', 'r5c7']",6,8,210.9133758544922,0,0,0,none,0.0,0.0,0.0
69,70,100,101,6.4205322265625,-0.17083740234375,199,0.47494033412887826,0.6875,0.9666666666666667,0.3080214560031891,0.4592391304347826,0.015746460346148683,True,0.983201581027668,False,['excessive_parallax_clusters'],adjacent,True,419,419,419,403,199,0.9618138424821002,0.49379652605459057,0.47494033412887826,0.014510458335280418,1.5859069067401352,6.022615060709525,14.389000871080269,199,169,1,16.695999999996275,1.0,0.0,full_calibrated_frame,gray,21,3,False,48,33,"['r0c0', 'r0c3', 'r0c4', 'r0c5', 'r0c6', 'r1c0', 'r1c1', 'r1c3', 'r1c4', 'r1c5', 'r1c6', 'r1c7', 'r2c3', 'r2c4', 'r3c0', 'r3c3', 'r3c4', 'r4c0', 'r4c1', 'r4c2', 'r4c3', 'r4c4', 'r4c5', 'r4c6', 'r4c7', 'r5c0', 'r5c1', 'r5c2', 'r5c3', 'r5c4', 'r5c5', 'r5c6', 'r5c7']",6,8,210.9133758544922,0,0,0,none,0.0,0.0,0.0
70,71,101,102,4.0560302734375,-0.2289581298828125,213,0.5169902912621359,0.6666666666666666,0.8375,0.23936481773853302,0.40502793296089384,0.016023299111819655,True,1.0,True,[],adjacent,True,412,409,408,394,213,0.9563106796116505,0.5406091370558376,0.5169902912621359,0.01268097572028637,1.298677465842344,3.7389392473863645,9.117217425223817,213,145,1,16.695999999996275,1.0,0.0,full_calibrated_frame,gray,21,3,False,48,32,"['r0c0', 'r0c1', 'r0c2', 'r0c3', 'r0c4', 'r0c5', 'r0c6', 'r0c7', 'r1c1', 'r1c2', 'r1c7', 'r2c0', 'r2c1', 'r2c2', 'r2c4', 'r2c5', 'r2c6', 'r2c7', 'r3c0', 'r3c1', 'r3c2', 'r3c4', 'r3c5', 'r3c7', 'r4c0', 'r4c1', 'r4c2', 'r4c3', 'r4c5', 'r4c6', 'r4c7', 'r5c6']",6,8,210.9133758544922,0,0,0,none,0.0,0.0,0.0
71,72,102,103,6.770843505859375,-0.1295623779296875,128,0.3069544364508393,0.5416666666666666,0.9375,0.34378474950790405,0.4838709677419355,0.029832450266628174,True,0.7967631497043262,False,"['insufficient_model_inlier_ratio_retained', 'excessive_parallax_clusters']",adjacent,True,417,413,410,357,128,0.8561151079136691,0.3585434173669468,0.3069544364508393,0.028607625514268875,3.0329491258956294,7.3595811386574645,10.492743196386494,128,120,1,33.39200000002165,1.0,0.0,full_calibrated_frame,gray,21,3,False,48,26,"['r0c0', 'r0c1', 'r0c2', 'r0c4', 'r0c5', 'r0c6', 'r0c7', 'r1c1', 'r1c2', 'r2c0', 'r2c1', 'r2c2', 'r2c4', 'r2c5', 'r2c6', 'r2c7', 'r3c0', 'r3c1', 'r3c5', 'r3c7', 'r4c0', 'r4c2', 'r4c5', 'r4c6', 'r4c7', 'r5c6']",6,8,210.9133758544922,0,0,0,none,0.0,0.0,0.0
72,73,103,104,3.6492538452148438,0.07707595825195312,242,0.555045871559633,0.8541666666666666,0.9458333333333333,0.25920355319976807,0.37948717948717947,0.014709411655980387,True,1.0,True,[],adjacent,True,436,436,435,423,242,0.9701834862385321,0.5721040189125296,0.555045871559633,0.012425189837813377,1.2253610807081594,3.118018605809286,13.621014659456257,242,148,1,16.695999999996275,1.0,0.0,full_calibrated_frame,gray,21,3,False,48,41,"['r0c0', 'r0c1', 'r0c2', 'r0c3', 'r0c4', 'r0c5', 'r0c6', 'r0c7', 'r1c0', 'r1c1', 'r1c2', 'r1c3', 'r1c6', 'r1c7', 'r2c0', 'r2c1', 'r2c2', 'r2c3', 'r2c4', 'r2c5', 'r2c6', 'r2c7', 'r3c0', 'r3c1', 'r3c2', 'r3c4', 'r3c5', 'r3c6', 'r3c7', 'r4c0', 'r4c1', 'r4c2', 'r4c3', 'r4c4', 'r4c5', 'r4c6', 'r4c7', 'r5c1', 'r5c2', 'r5c4', 'r5c6']",6,8,210.9133758544922,0,0,0,none,0.0,0.0,0.0
73,74,104,105,3.8128814697265625,0.12323760986328125,255,0.5930232558139535,0.8958333333333334,0.9416666666666667,0.2704804241657257,0.32717678100263853,0.014393374709573581,True,1.0,True,[],adjacent,True,430,430,429,414,255,0.9627906976744186,0.6159420289855072,0.5930232558139535,0.013147803023457527,1.1857124842385023,2.9073855969668347,11.070732138350825,255,124,1,16.695999999996275,1.0,0.0,full_calibrated_frame,gray,21,3,False,48,43,"['r0c0', 'r0c1', 'r0c2', 'r0c3', 'r0c4', 'r0c5', 'r0c6', 'r0c7', 'r1c0', 'r1c1', 'r1c2', 'r1c3', 'r1c4', 'r1c6', 'r1c7', 'r2c0', 'r2c1', 'r2c2', 'r2c3', 'r2c4', 'r2c5', 'r2c6', 'r2c7', 'r3c0', 'r3c1', 'r3c2', 'r3c3', 'r3c4', 'r3c5', 'r3c7', 'r4c0', 'r4c1', 'r4c2', 'r4c3', 'r4c4', 'r4c5', 'r4c6', 'r4c7', 'r5c0', 'r5c4', 'r5c5', 'r5c6', 'r5c7']",6,8,210.9133758544922,0,0,0,none,0.0,0.0,0.0
74,75,105,106,3.8400726318359375,0.09937000274658203,265,0.6105990783410138,0.9166666666666666,0.9416666666666667,0.24558645486831665,0.3152454780361757,0.013756267272715395,True,1.0,True,[],adjacent,True,434,434,434,422,265,0.9723502304147466,0.6279620853080569,0.6105990783410138,0.011486038565635681,1.15522837276919,2.691891245579602,5.225721467018743,265,122,1,16.695999999996275,1.0,0.0,full_calibrated_frame,gray,21,3,False,48,44,"['r0c0', 'r0c1', 'r0c2', 'r0c3', 'r0c4', 'r0c5', 'r0c6', 'r0c7', 'r1c0', 'r1c1', 'r1c2', 'r1c3', 'r1c4', 'r1c6', 'r1c7', 'r2c0', 'r2c1', 'r2c2', 'r2c3', 'r2c4', 'r2c5', 'r2c6', 'r2c7', 'r3c0', 'r3c1', 'r3c2', 'r3c3', 'r3c4', 'r3c5', 'r3c7', 'r4c0', 'r4c1', 'r4c2', 'r4c3', 'r4c4', 'r4c5', 'r4c6', 'r4c7', 'r5c0', 'r5c1', 'r5c4', 'r5c5', 'r5c6', 'r5c7']",6,8,210.9133758544922,0,0,0,none,0.0,0.0,0.0
75,76,106,107,5.937675476074219,-0.0021457672119140625,136,0.30839002267573695,0.5625,0.7291666666666666,0.3224298357963562,0.4789272030651341,0.026986358466802196,True,0.8168168168168168,False,"['insufficient_model_inlier_ratio_retained', 'excessive_parallax_clusters']",adjacent,True,441,438,417,370,136,0.8390022675736961,0.3675675675675676,0.30839002267573695,0.02328849583864212,2.913864006551444,6.663501970268346,11.493318449046694,136,125,1,33.39300000001094,1.0,0.0,full_calibrated_frame,gray,21,3,False,48,27,"['r0c0', 'r0c1', 'r0c2', 'r0c3', 'r0c4', 'r0c5', 'r0c6', 'r0c7', 'r1c0', 'r1c1', 'r1c3', 'r2c0', 'r2c1', 'r2c3', 'r2c4', 'r2c5', 'r2c6', 'r2c7', 'r3c0', 'r3c1', 'r3c3', 'r3c4', 'r3c6', 'r3c7', 'r4c0', 'r4c5', 'r4c7']",6,8,210.9133758544922,0,0,0,none,0.0,0.0,0.0
76,77,107,108,3.5026168823242188,-0.0591278076171875,271,0.6244239631336406,0.8333333333333334,0.875,0.230640709400177,0.3015463917525773,0.012852185810653949,True,1.0,True,[],adjacent,True,434,434,433,417,271,0.9608294930875576,0.6498800959232613,0.6244239631336406,0.010198215022683144,1.0249281759255795,2.7737925362212965,5.920527713734235,271,117,1,16.695999999996275,1.0,0.0,full_calibrated_frame,gray,21,3,False,48,40,"['r0c0', 'r0c1', 'r0c3', 'r0c4', 'r0c5', 'r0c6', 'r0c7', 'r1c0', 'r1c1', 'r1c3', 'r1c4', 'r1c6', 'r1c7', 'r2c0', 'r2c1', 'r2c3', 'r2c4', 'r2c5', 'r2c6', 'r2c7', 'r3c0', 'r3c1', 'r3c3', 'r3c4', 'r3c5', 'r3c6', 'r3c7', 'r4c0', 'r4c1', 'r4c2', 'r4c3', 'r4c4', 'r4c5', 'r4c6', 'r4c7', 'r5c0', 'r5c1', 'r5c5', 'r5c6', 'r5c7']",6,8,210.9133758544922,0,0,0,none,0.0,0.0,0.0
77,78,108,109,5.592206954956055,-0.1425466537475586,150,0.3393665158371041,0.5833333333333334,0.7083333333333334,0.344125360250473,0.49324324324324326,0.026114432594007808,True,0.835421888053467,False,"['insufficient_model_inlier_ratio_retained', 'excessive_parallax_clusters']",adjacent,True,442,434,431,399,150,0.9027149321266968,0.37593984962406013,0.3393665158371041,0.020453637465834618,2.4053525686554713,6.324799111586955,11.689981413723796,150,146,1,33.39199999999255,1.0,0.0,full_calibrated_frame,gray,21,3,False,48,28,"['r0c0', 'r0c1', 'r0c3', 'r0c4', 'r0c5', 'r0c6', 'r0c7', 'r1c0', 'r1c1', 'r1c3', 'r2c0', 'r2c1', 'r2c3', 'r2c4', 'r2c5', 'r2c6', 'r2c7', 'r3c0', 'r3c1', 'r3c3', 'r3c4', 'r3c6', 'r3c7', 'r4c0', 'r4c4', 'r4c5', 'r4c6', 'r4c7']",6,8,210.9133758544922,0,0,0,none,0.0,0.0,0.0
78,79,109,110,3.265289306640625,-0.018260955810546875,301,0.6840909090909091,0.8958333333333334,0.875,0.27058812975883484,0.25679012345679014,0.012576407179257787,True,1.0,True,[],adjacent,True,440,440,440,434,301,0.9863636363636363,0.6935483870967742,0.6840909090909091,0.00974554754793644,0.9448543592781217,2.5006925673164897,5.363913235598548,301,104,1,16.695999999996275,1.0,0.0,full_calibrated_frame,gray,21,3,False,48,43,"['r0c0', 'r0c1', 'r0c3', 'r0c4', 'r0c5', 'r0c6', 'r0c7', 'r1c0', 'r1c1', 'r1c3', 'r1c4', 'r1c5', 'r1c6', 'r1c7', 'r2c0', 'r2c1', 'r2c3', 'r2c4', 'r2c5', 'r2c6', 'r2c7', 'r3c0', 'r3c1', 'r3c3', 'r3c4', 'r3c5', 'r3c6', 'r3c7', 'r4c0', 'r4c1', 'r4c2', 'r4c3', 'r4c4', 'r4c5', 'r4c6', 'r4c7', 'r5c0', 'r5c1', 'r5c3', 'r5c4', 'r5c5', 'r5c6', 'r5c7']",6,8,210.9133758544922,0,0,0,none,0.0,0.0,0.0
79,80,110,111,3.3960189819335938,0.045680999755859375,298,0.6742081447963801,0.9166666666666666,0.9416666666666667,0.22998711466789246,0.23785166240409208,0.011987642767198325,True,1.0,True,[],adjacent,True,442,442,442,428,298,0.9683257918552036,0.6962616822429907,0.6742081447963801,0.00871959701180458,1.0214198365371492,2.670282926006347,5.034018491843609,298,93,1,16.695999999996275,1.0,0.0,full_calibrated_frame,gray,21,3,False,48,44,"['r0c0', 'r0c1', 'r0c2', 'r0c3', 'r0c4', 'r0c5', 'r0c6', 'r0c7', 'r1c0', 'r1c1', 'r1c3', 'r1c4', 'r1c5', 'r1c6', 'r1c7', 'r2c0', 'r2c1', 'r2c3', 'r2c4', 'r2c5', 'r2c6', 'r2c7', 'r3c0', 'r3c1', 'r3c3', 'r3c4', 'r3c5', 'r3c6', 'r3c7', 'r4c0', 'r4c1', 'r4c2', 'r4c3', 'r4c4', 'r4c5', 'r4c6', 'r4c7', 'r5c0', 'r5c1', 'r5c3', 'r5c4', 'r5c5', 'r5c6', 'r5c7']",6,8,210.9133758544922,0,0,0,none,0.0,0.0,0.0
80,81,111,112,5.364593505859375,0.10338973999023438,156,0.35214446952595935,0.5833333333333334,0.75,0.34550929069519043,0.5214723926380368,0.023017047422674075,True,0.843471208434712,False,"['insufficient_model_inlier_ratio_retained', 'excessive_parallax_clusters']",adjacent,True,443,442,442,411,156,0.927765237020316,0.3795620437956204,0.35214446952595935,0.01730896346271038,2.428070672441321,5.747272964829981,7.755554214132928,156,170,1,33.39199999999255,1.0,0.0,full_calibrated_frame,gray,21,3,False,48,28,"['r0c0', 'r0c1', 'r0c2', 'r0c3', 'r0c4', 'r0c5', 'r0c6', 'r1c0', 'r1c1', 'r1c3', 'r2c0', 'r2c1', 'r2c3', 'r2c4', 'r2c5', 'r2c6', 'r2c7', 'r3c0', 'r3c1', 'r3c3', 'r3c4', 'r3c5', 'r3c7', 'r4c0', 'r4c3', 'r4c4', 'r4c5', 'r4c6']",6,8,210.9133758544922,0,0,0,none,0.0,0.0,0.0
81,82,112,113,4.017181396484375,-0.03322601318359375,305,0.6853932584269663,0.9791666666666666,0.9791666666666666,0.1678612381219864,0.2720763723150358,0.011918111298293121,True,1.0,True,[],adjacent,True,445,443,441,430,305,0.9662921348314607,0.7093023255813954,0.6853932584269663,0.008382236585021019,1.2520038621110832,2.23761733401337,4.979918170626169,305,114,1,16.69600000002538,1.0,0.0,full_calibrated_frame,gray,21,3,False,48,47,"['r0c0', 'r0c1', 'r0c2', 'r0c3', 'r0c4', 'r0c5', 'r0c6', 'r0c7', 'r1c0', 'r1c1', 'r1c2', 'r1c3', 'r1c4', 'r1c5', 'r1c6', 'r1c7', 'r2c0', 'r2c1', 'r2c2', 'r2c3', 'r2c4', 'r2c5', 'r2c6', 'r2c7', 'r3c0', 'r3c1', 'r3c2', 'r3c3', 'r3c4', 'r3c6', 'r3c7', 'r4c0', 'r4c1', 'r4c2', 'r4c3', 'r4c4', 'r4c5', 'r4c6', 'r4c7', 'r5c0', 'r5c1', 'r5c2', 'r5c3', 'r5c4', 'r5c5', 'r5c6', 'r5c7']",6,8,210.9133758544922,0,0,0,none,0.0,0.0,0.0
82,83,113,114,3.85723876953125,-0.1266326904296875,340,0.748898678414097,0.9791666666666666,0.9833333333333333,0.19148465991020203,0.2237442922374429,0.011253788932328757,True,1.0,True,[],adjacent,True,454,453,452,448,340,0.986784140969163,0.7589285714285714,0.748898678414097,0.00914919376373291,1.2289507790527803,2.5802927543639904,4.927975355568285,340,98,1,16.695999999996275,1.0,0.0,full_calibrated_frame,gray,21,3,False,48,47,"['r0c0', 'r0c1', 'r0c2', 'r0c3', 'r0c4', 'r0c5', 'r0c6', 'r0c7', 'r1c0', 'r1c1', 'r1c2', 'r1c3', 'r1c4', 'r1c5', 'r1c6', 'r1c7', 'r2c0', 'r2c1', 'r2c2', 'r2c3', 'r2c4', 'r2c5', 'r2c6', 'r2c7', 'r3c0', 'r3c1', 'r3c2', 'r3c3', 'r3c4', 'r3c6', 'r3c7', 'r4c0', 'r4c1', 'r4c2', 'r4c3', 'r4c4', 'r4c5', 'r4c6', 'r4c7', 'r5c0', 'r5c1', 'r5c2', 'r5c3', 'r5c4', 'r5c5', 'r5c6', 'r5c7']",6,8,210.9133758544922,0,0,0,none,0.0,0.0,0.0
83,84,114,115,8.742351531982422,-0.19380950927734375,174,0.38926174496644295,0.6666666666666666,0.95,0.2920133173465729,0.5271739130434783,0.020330682878120898,True,0.8596837944664031,False,"['insufficient_model_inlier_ratio_retained', 'excessive_parallax_clusters']",adjacent,True,447,443,441,417,174,0.9328859060402684,0.4172661870503597,0.38926174496644295,0.017969490960240364,2.6072235670276522,5.730848449818776,10.419882899907957,174,194,1,33.39199999999255,1.0,0.0,full_calibrated_frame,gray,21,3,False,48,32,"['r0c1', 'r0c2', 'r0c3', 'r0c6', 'r0c7', 'r1c1', 'r1c2', 'r1c3', 'r1c4', 'r1c6', 'r1c7', 'r2c1', 'r2c2', 'r3c1', 'r3c2', 'r3c7', 'r4c0', 'r4c1', 'r4c2', 'r4c3', 'r4c4', 'r4c5', 'r4c6', 'r4c7', 'r5c0', 'r5c1', 'r5c2', 'r5c3', 'r5c4', 'r5c5', 'r5c6', 'r5c7']",6,8,210.9133758544922,0,0,0,none,0.0,0.0,0.0
84,85,115,116,3.282787322998047,0.07711029052734375,381,0.8600451467268623,1.0,0.9875,0.20948335528373718,0.10772833723653395,0.00945697674969681,True,1.0,True,[],adjacent,True,443,443,441,437,381,0.9864559819413092,0.8718535469107551,0.8600451467268623,0.007461610250174999,1.0982892404743938,2.3877125600998252,4.117105627166698,381,46,1,16.695999999996275,1.0,0.0,full_calibrated_frame,gray,21,3,False,48,48,"['r0c0', 'r0c1', 'r0c2', 'r0c3', 'r0c4', 'r0c5', 'r0c6', 'r0c7', 'r1c0', 'r1c1', 'r1c2', 'r1c3', 'r1c4', 'r1c5', 'r1c6', 'r1c7', 'r2c0', 'r2c1', 'r2c2', 'r2c3', 'r2c4', 'r2c5', 'r2c6', 'r2c7', 'r3c0', 'r3c1', 'r3c2', 'r3c3', 'r3c4', 'r3c5', 'r3c6', 'r3c7', 'r4c0', 'r4c1', 'r4c2', 'r4c3', 'r4c4', 'r4c5', 'r4c6', 'r4c7', 'r5c0', 'r5c1', 'r5c2', 'r5c3', 'r5c4', 'r5c5', 'r5c6', 'r5c7']",6,8,210.9133758544922,0,0,0,none,0.0,0.0,0.0
85,86,116,117,4.237850904464722,0.23217391967773438,194,0.43595505617977526,0.6875,0.9458333333333333,0.2004089206457138,0.5063613231552163,0.01808084869385662,True,0.8975248669905157,False,['excessive_parallax_clusters'],adjacent,True,445,445,442,418,194,0.9393258426966292,0.46411483253588515,0.43595505617977526,0.017310120165348053,2.043567620164891,4.378310725299463,5.626190343894842,194,199,1,33.39199999999255,1.0,0.0,full_calibrated_frame,gray,21,3,False,48,33,"['r0c0', 'r0c2', 'r0c3', 'r0c4', 'r0c5', 'r0c6', 'r0c7', 'r1c0', 'r1c2', 'r1c3', 'r1c4', 'r1c5', 'r2c0', 'r2c2', 'r2c3', 'r2c4', 'r2c5', 'r2c6', 'r2c7', 'r3c0', 'r3c2', 'r3c3', 'r3c4', 'r3c5', 'r3c6', 'r3c7', 'r4c0', 'r4c2', 'r4c3', 'r4c4', 'r4c5', 'r4c6', 'r5c3']",6,8,210.9133758544922,0,0,0,none,0.0,0.0,0.0
86,87,117,118,2.8248023986816406,-0.044994354248046875,406,0.9227272727272727,1.0,0.9875,0.14862200617790222,0.06235565819861432,0.007914121071135538,True,1.0,True,[],adjacent,True,440,440,437,433,406,0.9840909090909091,0.9376443418013857,0.9227272727272727,0.005543667357414961,0.8769618421857538,1.8038763248888274,3.6521947681998097,406,27,1,16.695999999996275,1.0,0.0,full_calibrated_frame,gray,21,3,False,48,48,"['r0c0', 'r0c1', 'r0c2', 'r0c3', 'r0c4', 'r0c5', 'r0c6', 'r0c7', 'r1c0', 'r1c1', 'r1c2', 'r1c3', 'r1c4', 'r1c5', 'r1c6', 'r1c7', 'r2c0', 'r2c1', 'r2c2', 'r2c3', 'r2c4', 'r2c5', 'r2c6', 'r2c7', 'r3c0', 'r3c1', 'r3c2', 'r3c3', 'r3c4', 'r3c5', 'r3c6', 'r3c7', 'r4c0', 'r4c1', 'r4c2', 'r4c3', 'r4c4', 'r4c5', 'r4c6', 'r4c7', 'r5c0', 'r5c1', 'r5c2', 'r5c3', 'r5c4', 'r5c5', 'r5c6', 'r5c7']",6,8,210.9133758544922,0,0,0,none,0.0,0.0,0.0
87,88,118,119,2.6131134033203125,-0.07161712646484375,401,0.9303944315545244,1.0,0.9791666666666666,0.11288270354270935,0.04523809523809524,0.00824341065749179,True,1.0,True,[],adjacent,True,431,430,428,421,401,0.9767981438515081,0.9524940617577197,0.9303944315545244,0.006520333234220743,0.8085761104320561,1.4483071922613737,4.956545681751461,401,19,1,16.69600000002538,1.0,0.0,full_calibrated_frame,gray,21,3,False,48,48,"['r0c0', 'r0c1', 'r0c2', 'r0c3', 'r0c4', 'r0c5', 'r0c6', 'r0c7', 'r1c0', 'r1c1', 'r1c2', 'r1c3', 'r1c4', 'r1c5', 'r1c6', 'r1c7', 'r2c0', 'r2c1', 'r2c2', 'r2c3', 'r2c4', 'r2c5', 'r2c6', 'r2c7', 'r3c0', 'r3c1', 'r3c2', 'r3c3', 'r3c4', 'r3c5', 'r3c6', 'r3c7', 'r4c0', 'r4c1', 'r4c2', 'r4c3', 'r4c4', 'r4c5', 'r4c6', 'r4c7', 'r5c0', 'r5c1', 'r5c2', 'r5c3', 'r5c4', 'r5c5', 'r5c6', 'r5c7']",6,8,210.9133758544922,0,0,0,none,0.0,0.0,0.0
88,89,119,120,5.4004974365234375,0.06655311584472656,245,0.5658198614318707,0.8125,0.9708333333333333,0.14850091934204102,0.39950980392156865,0.01365243186418752,True,1.0,True,[],adjacent,True,433,431,429,419,245,0.9676674364896074,0.5847255369928401,0.5658198614318707,0.010864295065402985,1.2074634258650563,2.9146555007483768,5.137349542305219,245,163,1,33.39199999999255,1.0,0.0,full_calibrated_frame,gray,21,3,False,48,39,"['r0c0', 'r0c1', 'r0c5', 'r0c6', 'r0c7', 'r1c0', 'r1c1', 'r1c2', 'r1c3', 'r1c4', 'r1c5', 'r1c6', 'r1c7', 'r2c0', 'r2c1', 'r2c7', 'r3c0', 'r3c1', 'r3c2', 'r3c3', 'r3c4', 'r3c6', 'r3c7', 'r4c0', 'r4c1', 'r4c2', 'r4c3', 'r4c4', 'r4c5', 'r4c6', 'r4c7', 'r5c0', 'r5c1', 'r5c2', 'r5c3', 'r5c4', 'r5c5', 'r5c6', 'r5c7']",6,8,210.9133758544922,0,0,0,none,0.0,0.0,0.0
89,90,120,121,2.2559356689453125,0.06203746795654297,401,0.9457547169811321,1.0,0.9833333333333333,0.07439951598644257,0.024330900243309004,0.007207998218820677,True,1.0,True,[],adjacent,True,424,424,424,416,401,0.9811320754716981,0.9639423076923077,0.9457547169811321,0.004791387356817722,0.6524382026411191,1.1998535997425426,6.911352308114634,401,10,1,16.695999999996275,1.0,0.0,full_calibrated_frame,gray,21,3,False,48,48,"['r0c0', 'r0c1', 'r0c2', 'r0c3', 'r0c4', 'r0c5', 'r0c6', 'r0c7', 'r1c0', 'r1c1', 'r1c2', 'r1c3', 'r1c4', 'r1c5', 'r1c6', 'r1c7', 'r2c0', 'r2c1', 'r2c2', 'r2c3', 'r2c4', 'r2c5', 'r2c6', 'r2c7', 'r3c0', 'r3c1', 'r3c2', 'r3c3', 'r3c4', 'r3c5', 'r3c6', 'r3c7', 'r4c0', 'r4c1', 'r4c2', 'r4c3', 'r4c4', 'r4c5', 'r4c6', 'r4c7', 'r5c0', 'r5c1', 'r5c2', 'r5c3', 'r5c4', 'r5c5', 'r5c6', 'r5c7']",6,8,210.9133758544922,0,0,0,none,0.0,0.0,0.0
90,91,121,122,4.556230068206787,-0.2308177947998047,280,0.6496519721577726,0.8333333333333334,0.9833333333333333,0.1664676070213318,0.31203931203931207,0.012037661684517031,True,1.0,True,[],adjacent,True,431,431,426,419,280,0.9721577726218097,0.6682577565632458,0.6496519721577726,0.012996227480471134,1.0796368680637072,2.2174923613037376,6.3124418635773445,280,127,1,33.39199999999255,1.0,0.0,full_calibrated_frame,gray,21,3,False,48,40,"['r0c0', 'r0c1', 'r0c4', 'r0c5', 'r0c6', 'r1c0', 'r1c1', 'r1c2', 'r1c3', 'r1c4', 'r1c5', 'r1c6', 'r1c7', 'r2c0', 'r2c1', 'r2c3', 'r2c4', 'r2c7', 'r3c0', 'r3c1', 'r3c3', 'r3c4', 'r3c6', 'r3c7', 'r4c0', 'r4c1', 'r4c2', 'r4c3', 'r4c4', 'r4c5', 'r4c6', 'r4c7', 'r5c0', 'r5c1', 'r5c2', 'r5c3', 'r5c4', 'r5c5', 'r5c6', 'r5c7']",6,8,210.9133758544922,0,0,0,none,0.0,0.0,0.0
91,92,122,123,1.9327735900878906,-0.15990829467773438,424,0.9814814814814815,1.0,0.9875,0.10313748568296432,0.00702576112412178,0.004656116462594229,True,1.0,True,[],adjacent,True,432,432,429,427,424,0.9884259259259259,0.9929742388758782,0.9814814814814815,0.00705947820097208,0.5905110860532872,0.9530462465632782,3.1463670379471718,424,3,1,16.695999999996275,1.0,0.0,full_calibrated_frame,gray,21,3,False,48,48,"['r0c0', 'r0c1', 'r0c2', 'r0c3', 'r0c4', 'r0c5', 'r0c6', 'r0c7', 'r1c0', 'r1c1', 'r1c2', 'r1c3', 'r1c4', 'r1c5', 'r1c6', 'r1c7', 'r2c0', 'r2c1', 'r2c2', 'r2c3', 'r2c4', 'r2c5', 'r2c6', 'r2c7', 'r3c0', 'r3c1', 'r3c2', 'r3c3', 'r3c4', 'r3c5', 'r3c6', 'r3c7', 'r4c0', 'r4c1', 'r4c2', 'r4c3', 'r4c4', 'r4c5', 'r4c6', 'r4c7', 'r5c0', 'r5c1', 'r5c2', 'r5c3', 'r5c4', 'r5c5', 'r5c6', 'r5c7']",6,8,210.9133758544922,0,0,0,none,0.0,0.0,0.0
92,93,123,124,1.7218551635742188,-0.0001373291015625,425,0.9792626728110599,1.0,0.9833333333333333,0.1088750958442688,0.011627906976744186,0.004745056527946989,True,1.0,True,[],adjacent,True,434,434,431,431,425,0.9930875576036866,0.9860788863109049,0.9792626728110599,0.0037384519819170237,0.4961318984391932,0.8608235407369516,4.4744471098598675,425,5,1,16.695999999996275,1.0,0.0,full_calibrated_frame,gray,21,3,False,48,48,"['r0c0', 'r0c1', 'r0c2', 'r0c3', 'r0c4', 'r0c5', 'r0c6', 'r0c7', 'r1c0', 'r1c1', 'r1c2', 'r1c3', 'r1c4', 'r1c5', 'r1c6', 'r1c7', 'r2c0', 'r2c1', 'r2c2', 'r2c3', 'r2c4', 'r2c5', 'r2c6', 'r2c7', 'r3c0', 'r3c1', 'r3c2', 'r3c3', 'r3c4', 'r3c5', 'r3c6', 'r3c7', 'r4c0', 'r4c1', 'r4c2', 'r4c3', 'r4c4', 'r4c5', 'r4c6', 'r4c7', 'r5c0', 'r5c1', 'r5c2', 'r5c3', 'r5c4', 'r5c5', 'r5c6', 'r5c7']",6,8,210.9133758544922,0,0,0,none,0.0,0.0,0.0
93,94,124,125,1.5510177612304688,0.15344619750976562,423,0.976905311778291,1.0,0.9833333333333333,0.08830434828996658,0.00936768149882904,0.004515605241834919,True,1.0,True,[],adjacent,True,433,433,431,429,423,0.9907621247113164,0.986013986013986,0.976905311778291,0.00452052429318428,0.4368900723980213,0.8496125432806685,4.07535788465027,423,4,1,16.69600000002538,1.0,0.0,full_calibrated_frame,gray,21,3,False,48,48,"['r0c0', 'r0c1', 'r0c2', 'r0c3', 'r0c4', 'r0c5', 'r0c6', 'r0c7', 'r1c0', 'r1c1', 'r1c2', 'r1c3', 'r1c4', 'r1c5', 'r1c6', 'r1c7', 'r2c0', 'r2c1', 'r2c2', 'r2c3', 'r2c4', 'r2c5', 'r2c6', 'r2c7', 'r3c0', 'r3c1', 'r3c2', 'r3c3', 'r3c4', 'r3c5', 'r3c6', 'r3c7', 'r4c0', 'r4c1', 'r4c2', 'r4c3', 'r4c4', 'r4c5', 'r4c6', 'r4c7', 'r5c0', 'r5c1', 'r5c2', 'r5c3', 'r5c4', 'r5c5', 'r5c6', 'r5c7']",6,8,210.9133758544922,0,0,0,none,0.0,0.0,0.0
94,95,125,126,1.387420654296875,0.16219329833984375,432,0.988558352402746,1.0,0.9833333333333333,0.11874480545520782,0.004608294930875576,0.0044301427064805665,True,1.0,True,[],adjacent,True,437,437,435,434,432,0.9931350114416476,0.9953917050691244,0.988558352402746,0.0054692719131708145,0.376827476855891,0.8007018915466362,2.104066135248579,432,2,1,16.695999999996275,1.0,0.0,full_calibrated_frame,gray,21,3,False,48,48,"['r0c0', 'r0c1', 'r0c2', 'r0c3', 'r0c4', 'r0c5', 'r0c6', 'r0c7', 'r1c0', 'r1c1', 'r1c2', 'r1c3', 'r1c4', 'r1c5', 'r1c6', 'r1c7', 'r2c0', 'r2c1', 'r2c2', 'r2c3', 'r2c4', 'r2c5', 'r2c6', 'r2c7', 'r3c0', 'r3c1', 'r3c2', 'r3c3', 'r3c4', 'r3c5', 'r3c6', 'r3c7', 'r4c0', 'r4c1', 'r4c2', 'r4c3', 'r4c4', 'r4c5', 'r4c6', 'r4c7', 'r5c0', 'r5c1', 'r5c2', 'r5c3', 'r5c4', 'r5c5', 'r5c6', 'r5c7']",6,8,210.9133758544922,0,0,0,none,0.0,0.0,0.0
95,96,126,127,2.465728759765625,0.04064798355102539,417,0.9477272727272728,1.0,0.9833333333333333,0.13047870993614197,0.02570093457943925,0.006717818935808806,True,1.0,True,[],adjacent,True,440,440,437,429,417,0.975,0.972027972027972,0.9477272727272728,0.005799469072371721,0.6836597140013644,1.2944685419739321,3.5730097705256045,417,11,1,33.39199999999255,1.0,0.0,full_calibrated_frame,gray,21,3,False,48,48,"['r0c0', 'r0c1', 'r0c2', 'r0c3', 'r0c4', 'r0c5', 'r0c6', 'r0c7', 'r1c0', 'r1c1', 'r1c2', 'r1c3', 'r1c4', 'r1c5', 'r1c6', 'r1c7', 'r2c0', 'r2c1', 'r2c2', 'r2c3', 'r2c4', 'r2c5', 'r2c6', 'r2c7', 'r3c0', 'r3c1', 'r3c2', 'r3c3', 'r3c4', 'r3c5', 'r3c6', 'r3c7', 'r4c0', 'r4c1', 'r4c2', 'r4c3', 'r4c4', 'r4c5', 'r4c6', 'r4c7', 'r5c0', 'r5c1', 'r5c2', 'r5c3', 'r5c4', 'r5c5', 'r5c6', 'r5c7']",6,8,210.9133758544922,0,0,0,none,0.0,0.0,0.0
96,97,127,128,1.2445907592773438,-0.02820587158203125,429,0.988479262672811,1.0,0.9875,0.07245147228240967,0.004640371229698376,0.003105726014451582,True,1.0,True,[],adjacent,True,434,434,433,431,429,0.9930875576036866,0.9953596287703016,0.988479262672811,0.003895984496921301,0.3438594042720681,0.5726512331789997,2.419761736627669,429,2,1,16.695999999996275,1.0,0.0,full_calibrated_frame,gray,21,3,False,48,48,"['r0c0', 'r0c1', 'r0c2', 'r0c3', 'r0c4', 'r0c5', 'r0c6', 'r0c7', 'r1c0', 'r1c1', 'r1c2', 'r1c3', 'r1c4', 'r1c5', 'r1c6', 'r1c7', 'r2c0', 'r2c1', 'r2c2', 'r2c3', 'r2c4', 'r2c5', 'r2c6', 'r2c7', 'r3c0', 'r3c1', 'r3c2', 'r3c3', 'r3c4', 'r3c5', 'r3c6', 'r3c7', 'r4c0', 'r4c1', 'r4c2', 'r4c3', 'r4c4', 'r4c5', 'r4c6', 'r4c7', 'r5c0', 'r5c1', 'r5c2', 'r5c3', 'r5c4', 'r5c5', 'r5c6', 'r5c7']",6,8,210.9133758544922,0,0,0,none,0.0,0.0,0.0
0,2,31,33,1.911376953125,-0.5984039306640625,398,0.908675799086758,1.0,0.9833333333333333,0.2374410331249237,0.04784688995215311,0.005178211926110565,True,1.0,True,[],skip,True,438,438,438,425,398,0.9703196347031964,0.9364705882352942,0.908675799086758,0.010034402832388878,0.6438054081548362,1.6253721615869774,3.1162655220348974,398,20,2,50.087999999988824,1.0,0.0,full_calibrated_frame,gray,21,3,False,48,48,"['r0c0', 'r0c1', 'r0c2', 'r0c3', 'r0c4', 'r0c5', 'r0c6', 'r0c7', 'r1c0', 'r1c1', 'r1c2', 'r1c3', 'r1c4', 'r1c5', 'r1c6', 'r1c7', 'r2c0', 'r2c1', 'r2c2', 'r2c3', 'r2c4', 'r2c5', 'r2c6', 'r2c7', 'r3c0', 'r3c1', 'r3c2', 'r3c3', 'r3c4', 'r3c5', 'r3c6', 'r3c7', 'r4c0', 'r4c1', 'r4c2', 'r4c3', 'r4c4', 'r4c5', 'r4c6', 'r4c7', 'r5c0', 'r5c1', 'r5c2', 'r5c3', 'r5c4', 'r5c5', 'r5c6', 'r5c7']",6,8,210.9133758544922,0,0,0,none,0.0,0.0,0.0
1,3,32,34,1.8802490234375,0.0897216796875,407,0.9105145413870246,1.0,0.9875,0.21468570828437805,0.04460093896713615,0.0046997817997624924,True,1.0,True,[],skip,True,447,447,445,436,407,0.9753914988814317,0.9334862385321101,0.9105145413870246,0.005930669140070677,0.5439032856435339,1.6587114021884426,4.698097315093212,407,19,2,33.39199999999255,1.0,0.0,full_calibrated_frame,gray,21,3,False,48,48,"['r0c0', 'r0c1', 'r0c2', 'r0c3', 'r0c4', 'r0c5', 'r0c6', 'r0c7', 'r1c0', 'r1c1', 'r1c2', 'r1c3', 'r1c4', 'r1c5', 'r1c6', 'r1c7', 'r2c0', 'r2c1', 'r2c2', 'r2c3', 'r2c4', 'r2c5', 'r2c6', 'r2c7', 'r3c0', 'r3c1', 'r3c2', 'r3c3', 'r3c4', 'r3c5', 'r3c6', 'r3c7', 'r4c0', 'r4c1', 'r4c2', 'r4c3', 'r4c4', 'r4c5', 'r4c6', 'r4c7', 'r5c0', 'r5c1', 'r5c2', 'r5c3', 'r5c4', 'r5c5', 'r5c6', 'r5c7']",6,8,210.9133758544922,0,0,0,none,0.0,0.0,0.0
2,4,33,35,3.3551788330078125,0.3032398223876953,284,0.6543778801843319,0.8333333333333334,0.925,0.2318582981824875,0.22404371584699453,0.010350412030340927,True,1.0,True,[],skip,True,434,431,431,409,284,0.9423963133640553,0.6943765281173594,0.6543778801843319,0.012659793719649315,1.1103096481908894,2.9147987986193824,5.302867861495166,284,82,2,50.08800000001793,1.0,0.0,full_calibrated_frame,gray,21,3,False,48,40,"['r0c0', 'r0c1', 'r0c2', 'r0c3', 'r0c4', 'r0c5', 'r0c6', 'r0c7', 'r1c1', 'r1c2', 'r1c3', 'r1c4', 'r1c5', 'r1c6', 'r1c7', 'r2c1', 'r2c2', 'r2c3', 'r2c4', 'r2c5', 'r2c6', 'r2c7', 'r3c1', 'r3c2', 'r3c3', 'r3c5', 'r3c6', 'r3c7', 'r4c2', 'r4c3', 'r4c4', 'r4c5', 'r4c6', 'r4c7', 'r5c2', 'r5c3', 'r5c4', 'r5c5', 'r5c6', 'r5c7']",6,8,210.9133758544922,0,0,0,none,0.0,0.0,0.0
3,5,34,36,5.0281829833984375,-0.00858306884765625,255,0.5985915492957746,0.75,0.95,0.2780894637107849,0.34782608695652173,0.012278827641677093,True,1.0,True,[],skip,True,426,420,419,408,255,0.9577464788732394,0.625,0.5985915492957746,0.007632546126842499,1.0586136886664184,3.68644051385732,5.898272616749282,255,136,2,50.08800000001793,1.0,0.0,full_calibrated_frame,gray,21,3,False,48,36,"['r0c0', 'r0c1', 'r0c2', 'r0c3', 'r0c4', 'r0c5', 'r1c0', 'r1c1', 'r1c2', 'r1c3', 'r1c4', 'r1c5', 'r1c7', 'r2c0', 'r2c1', 'r3c0', 'r3c1', 'r3c3', 'r3c6', 'r3c7', 'r4c0', 'r4c1', 'r4c2', 'r4c3', 'r4c4', 'r4c5', 'r4c6', 'r4c7', 'r5c0', 'r5c1', 'r5c2', 'r5c3', 'r5c4', 'r5c5', 'r5c6', 'r5c7']",6,8,210.9133758544922,0,0,0,none,0.0,0.0,0.0
4,6,35,37,6.5107879638671875,-0.5795555114746094,204,0.4845605700712589,0.6666666666666666,0.95,0.33354175090789795,0.44565217391304346,0.015648101594769148,True,1.0,True,[],skip,True,421,416,416,392,204,0.9311163895486936,0.5204081632653061,0.4845605700712589,0.018171917647123337,1.2750386961873352,4.47381579586038,7.3512695312693594,204,164,2,50.087999999988824,1.0,0.0,full_calibrated_frame,gray,21,3,False,48,32,"['r0c0', 'r0c1', 'r0c2', 'r0c3', 'r0c4', 'r0c5', 'r1c0', 'r1c1', 'r1c2', 'r1c3', 'r1c4', 'r1c5', 'r1c7', 'r2c0', 'r2c1', 'r3c0', 'r3c1', 'r4c0', 'r4c1', 'r4c2', 'r4c4', 'r4c5', 'r4c6', 'r4c7', 'r5c0', 'r5c1', 'r5c2', 'r5c3', 'r5c4', 'r5c5', 'r5c6', 'r5c7']",6,8,210.9133758544922,0,0,0,none,0.0,0.0,0.0
5,7,36,38,7.245697021484375,-0.418975830078125,196,0.4474885844748858,0.6458333333333334,0.9541666666666667,0.3364333212375641,0.4716981132075472,0.017522212036820584,True,0.9605488850771868,False,['excessive_parallax_clusters'],skip,True,438,434,430,400,196,0.91324200913242,0.49,0.4474885844748858,0.02169134095311165,1.5470515831460832,5.188324093333439,13.752334043405758,196,175,2,50.087999999988824,1.0,0.0,full_calibrated_frame,gray,21,3,False,48,31,"['r0c0', 'r0c1', 'r0c2', 'r0c3', 'r0c4', 'r0c5', 'r1c0', 'r1c1', 'r1c2', 'r1c3', 'r1c4', 'r1c5', 'r1c7', 'r2c0', 'r2c1', 'r3c0', 'r3c1', 'r4c0', 'r4c1', 'r4c4', 'r4c5', 'r4c6', 'r4c7', 'r5c0', 'r5c1', 'r5c2', 'r5c3', 'r5c4', 'r5c5', 'r5c6', 'r5c7']",6,8,210.9133758544922,0,0,0,none,0.0,0.0,0.0
6,8,37,39,9.122161865234375,0.5122528076171875,171,0.39953271028037385,0.6458333333333334,0.9583333333333334,0.35907280445098877,0.4754601226993865,0.022116694972951323,True,0.9537088678192973,False,"['insufficient_model_inlier_ratio_retained', 'excessive_parallax_clusters']",skip,True,428,426,421,386,171,0.9018691588785047,0.4430051813471503,0.39953271028037385,0.01728370413184166,2.01701654399207,7.660325981609447,12.055803615485916,171,155,2,50.087999999988824,1.0,0.0,full_calibrated_frame,gray,21,3,False,48,31,"['r0c0', 'r0c1', 'r0c2', 'r0c3', 'r0c4', 'r0c5', 'r0c7', 'r1c0', 'r1c1', 'r1c2', 'r1c4', 'r1c5', 'r1c7', 'r2c0', 'r2c1', 'r3c0', 'r3c1', 'r4c0', 'r4c1', 'r4c4', 'r4c5', 'r4c6', 'r4c7', 'r5c0', 'r5c1', 'r5c2', 'r5c3', 'r5c4', 'r5c5', 'r5c6', 'r5c7']",6,8,210.9133758544922,0,0,0,none,0.0,0.0,0.0
7,9,38,40,10.091583251953125,0.622100830078125,174,0.4009216589861751,0.5416666666666666,0.9583333333333334,0.35341277718544006,0.45625,0.023883170808997933,True,0.9838846480067854,False,"['insufficient_model_inlier_ratio_retained', 'excessive_parallax_clusters']",skip,True,434,431,426,393,174,0.9055299539170507,0.44274809160305345,0.4009216589861751,0.02146635577082634,2.2276206997169212,7.267128636752103,10.900570707930294,174,146,2,50.08800000001793,1.0,0.0,full_calibrated_frame,gray,21,3,False,48,26,"['r0c0', 'r0c1', 'r0c2', 'r0c3', 'r0c4', 'r0c5', 'r1c0', 'r1c1', 'r1c3', 'r1c4', 'r1c7', 'r2c0', 'r2c1', 'r3c0', 'r3c1', 'r4c0', 'r4c1', 'r4c7', 'r5c0', 'r5c1', 'r5c2', 'r5c3', 'r5c4', 'r5c5', 'r5c6', 'r5c7']",6,8,210.9133758544922,0,0,0,none,0.0,0.0,0.0
8,10,39,41,7.326015472412109,0.14173126220703125,201,0.451685393258427,0.6458333333333334,0.95,0.18860116600990295,0.4582210242587601,0.018373740384626247,True,0.9850526831658907,False,['excessive_parallax_clusters'],skip,True,445,441,439,413,201,0.9280898876404494,0.48668280871670705,0.451685393258427,0.014842896722257137,1.6194875101202035,6.546417079331268,14.862102943889647,201,170,2,33.39200000002165,1.0,0.0,full_calibrated_frame,gray,21,3,False,48,31,"['r0c0', 'r0c1', 'r0c2', 'r0c3', 'r0c4', 'r0c5', 'r1c0', 'r1c1', 'r1c2', 'r1c3', 'r1c4', 'r1c5', 'r1c7', 'r2c0', 'r2c1', 'r3c0', 'r3c1', 'r4c0', 'r4c1', 'r4c4', 'r4c5', 'r4c6', 'r4c7', 'r5c0', 'r5c1', 'r5c2', 'r5c3', 'r5c4', 'r5c5', 'r5c6', 'r5c7']",6,8,210.9133758544922,0,0,0,none,0.0,0.0,0.0
9,11,40,42,12.747528076171875,-0.28456878662109375,143,0.32873563218390806,0.5208333333333334,0.9291666666666667,0.35732269287109375,0.45627376425855515,0.03132723852289243,True,0.8106575963718821,False,"['insufficient_model_inlier_ratio_retained', 'excessive_parallax_clusters']",skip,True,435,432,431,392,143,0.9011494252873563,0.3647959183673469,0.32873563218390806,0.025602834299206734,2.7804149699059635,8.901277615082037,16.29564387314295,143,120,2,50.087999999988824,1.0,0.0,full_calibrated_frame,gray,21,3,False,48,25,"['r0c1', 'r0c2', 'r0c3', 'r0c4', 'r0c7', 'r1c0', 'r1c1', 'r1c2', 'r1c4', 'r1c7', 'r2c0', 'r2c1', 'r3c0', 'r3c1', 'r4c0', 'r4c6', 'r4c7', 'r5c0', 'r5c1', 'r5c2', 'r5c3', 'r5c4', 'r5c5', 'r5c6', 'r5c7']",6,8,210.9133758544922,0,0,0,none,0.0,0.0,0.0
10,12,41,43,13.90444564819336,-0.4336700439453125,127,0.2873303167420814,0.4791666666666667,0.9416666666666667,0.3751443922519684,0.43555555555555553,0.03311431230889339,True,0.7566279416145367,False,['insufficient_model_inlier_ratio_retained'],skip,True,442,438,436,373,127,0.8438914027149321,0.34048257372654156,0.2873303167420814,0.03291692957282066,3.031193969774298,9.861303821849718,15.997032358083988,127,98,2,50.087999999988824,1.0,0.0,full_calibrated_frame,gray,21,3,False,48,23,"['r0c0', 'r0c1', 'r0c2', 'r0c3', 'r0c4', 'r1c0', 'r1c1', 'r1c2', 'r1c3', 'r1c4', 'r1c7', 'r2c0', 'r2c1', 'r3c0', 'r3c1', 'r4c0', 'r5c0', 'r5c1', 'r5c2', 'r5c3', 'r5c4', 'r5c5', 'r5c7']",6,8,210.9133758544922,0,0,0,none,0.0,0.0,0.0
11,13,42,44,5.666450500488281,-0.1580657958984375,125,0.2927400468384075,0.5,0.7166666666666667,0.35726773738861084,0.5404411764705882,0.023968695713739163,True,0.7589556769884638,False,"['insufficient_model_inlier_ratio_retained', 'excessive_parallax_clusters']",skip,True,427,407,406,366,125,0.8571428571428571,0.34153005464480873,0.2927400468384075,0.020663971081376076,2.5195634455481493,5.5529346677411,9.337697849178037,125,147,2,33.39199999999255,1.0,0.0,full_calibrated_frame,gray,21,3,False,48,24,"['r0c2', 'r0c4', 'r0c5', 'r0c6', 'r0c7', 'r1c2', 'r1c3', 'r1c5', 'r1c6', 'r2c1', 'r2c2', 'r2c3', 'r2c4', 'r2c5', 'r2c6', 'r2c7', 'r3c1', 'r3c2', 'r3c4', 'r3c5', 'r3c6', 'r4c1', 'r4c4', 'r4c5']",6,8,210.9133758544922,0,0,0,none,0.0,0.0,0.0
12,14,43,45,8.349842071533203,0.27608203887939453,88,0.20705882352941177,0.3541666666666667,0.6375,0.45367464423179626,0.5243243243243243,0.039882168322620704,True,0.5701328150307742,False,"['insufficient_model_inlier_ratio_retained', 'insufficient_effective_inlier_ratio_detected', 'excessive_parallax_clusters']",skip,True,425,405,399,343,88,0.8070588235294117,0.2565597667638484,0.20705882352941177,0.03730076923966408,4.743443864197073,9.966123007466823,10.874791904069422,88,97,2,50.087999999988824,1.0,0.0,full_calibrated_frame,gray,21,3,False,48,17,"['r0c2', 'r0c5', 'r0c6', 'r0c7', 'r1c5', 'r2c1', 'r2c2', 'r2c3', 'r2c4', 'r2c5', 'r2c6', 'r2c7', 'r3c1', 'r3c2', 'r3c4', 'r3c5', 'r3c6']",6,8,210.9133758544922,0,0,0,none,0.0,0.0,0.0
13,15,44,46,8.670501708984375,0.3890228271484375,96,0.22588235294117648,0.3333333333333333,0.6458333333333334,0.42211854457855225,0.5025906735751295,0.04152674317928118,True,0.6043437204910294,False,"['insufficient_model_inlier_ratio_retained', 'insufficient_effective_inlier_ratio_detected', 'excessive_parallax_clusters']",skip,True,425,422,414,353,96,0.8305882352941176,0.2719546742209632,0.22588235294117648,0.04614195227622986,4.626213784061424,10.451513783393079,11.441393608743919,96,97,2,50.08800000001793,1.0,0.0,full_calibrated_frame,gray,21,3,False,48,16,"['r0c2', 'r0c5', 'r0c6', 'r0c7', 'r1c5', 'r2c1', 'r2c2', 'r2c3', 'r2c4', 'r2c5', 'r2c6', 'r2c7', 'r3c1', 'r3c2', 'r3c5', 'r3c6']",6,8,210.9133758544922,0,0,0,none,0.0,0.0,0.0
14,16,45,47,9.281219482421875,-0.275177001953125,93,0.21478060046189376,0.3541666666666667,0.9083333333333333,0.49809330701828003,0.5230769230769231,0.0440328679201617,True,0.5887939221272555,False,"['insufficient_model_inlier_ratio_retained', 'insufficient_effective_inlier_ratio_detected', 'excessive_parallax_clusters']",skip,True,433,416,411,351,93,0.8106235565819861,0.26495726495726496,0.21478060046189376,0.04971601441502571,5.314528843607714,10.339091626384313,12.61910138094069,93,102,2,50.08800000001793,1.0,0.0,full_calibrated_frame,gray,21,3,False,48,17,"['r0c2', 'r0c5', 'r0c6', 'r0c7', 'r1c5', 'r2c1', 'r2c2', 'r2c3', 'r2c4', 'r2c5', 'r2c6', 'r2c7', 'r3c1', 'r3c2', 'r3c4', 'r3c5', 'r5c6']",6,8,210.9133758544922,0,0,0,none,0.0,0.0,0.0
15,17,46,48,9.625629425048828,-0.65924072265625,100,0.2358490566037736,0.3333333333333333,0.6166666666666667,0.447790265083313,0.453551912568306,0.046524878751642906,True,0.6295247088448221,False,"['insufficient_model_inlier_ratio_retained', 'insufficient_effective_inlier_ratio_detected', 'excessive_parallax_clusters']",skip,True,424,404,399,353,100,0.8325471698113207,0.28328611898017,0.2358490566037736,0.05041395500302315,5.336050207452659,10.73874867362686,13.407132330074242,100,83,2,50.087999999988824,1.0,0.0,full_calibrated_frame,gray,21,3,False,48,16,"['r0c2', 'r0c5', 'r0c6', 'r0c7', 'r1c5', 'r2c1', 'r2c2', 'r2c3', 'r2c4', 'r2c5', 'r2c6', 'r2c7', 'r3c1', 'r3c2', 'r3c4', 'r3c5']",6,8,210.9133758544922,0,0,0,none,0.0,0.0,0.0
16,18,47,49,7.2168426513671875,-0.4859323501586914,124,0.28054298642533937,0.3958333333333333,0.6416666666666667,0.3360680937767029,0.5020080321285141,0.032813229620095585,True,0.7549467275494672,False,"['insufficient_model_inlier_ratio_retained', 'excessive_parallax_clusters']",skip,True,442,419,414,365,124,0.8257918552036199,0.33972602739726027,0.28054298642533937,0.032739780843257904,3.382206870911182,7.208764631365478,12.020910119631791,124,125,2,33.39199999999255,1.0,0.0,full_calibrated_frame,gray,21,3,False,48,19,"['r0c4', 'r0c5', 'r0c6', 'r0c7', 'r1c2', 'r1c5', 'r1c7', 'r2c1', 'r2c2', 'r2c3', 'r2c4', 'r2c5', 'r2c6', 'r2c7', 'r3c0', 'r3c1', 'r3c2', 'r3c4', 'r3c5']",6,8,210.9133758544922,0,0,0,none,0.0,0.0,0.0
17,19,48,50,11.4912109375,-0.15378189086914062,85,0.18930957683741648,0.3958333333333333,0.6208333333333333,0.47482189536094666,0.4785276073619632,0.051076584598977015,True,0.5555555555555556,False,"['insufficient_model_inlier_ratio_retained', 'insufficient_effective_inlier_ratio_detected', 'excessive_parallax_clusters']",skip,True,449,408,401,340,85,0.7572383073496659,0.25,0.18930957683741648,0.06186242774128914,4.780550254243071,11.09735801146948,14.7699116844009,85,78,2,50.087999999988824,1.0,0.0,full_calibrated_frame,gray,21,3,False,48,19,"['r0c4', 'r0c5', 'r0c6', 'r1c2', 'r1c4', 'r1c5', 'r1c7', 'r2c1', 'r2c2', 'r2c3', 'r2c4', 'r2c5', 'r2c6', 'r3c0', 'r3c1', 'r3c2', 'r3c3', 'r3c4', 'r3c5']",6,8,210.9133758544922,0,0,0,none,0.0,0.0,0.0
18,20,49,51,11.017623901367188,0.06160736083984375,79,0.18372093023255814,0.375,0.6541666666666667,0.4429957866668701,0.4768211920529801,0.0525363137899838,True,0.5303793219201074,False,"['insufficient_model_inlier_ratio_retained', 'insufficient_effective_inlier_ratio_detected', 'excessive_parallax_clusters']",skip,True,430,405,399,331,79,0.7697674418604651,0.23867069486404835,0.18372093023255814,0.049191318452358246,5.521954184597911,11.650376345182092,13.225614728842492,79,72,2,50.087999999988824,1.0,0.0,full_calibrated_frame,gray,21,3,False,48,18,"['r0c4', 'r0c5', 'r0c6', 'r0c7', 'r1c4', 'r1c6', 'r1c7', 'r2c1', 'r2c2', 'r2c3', 'r2c4', 'r2c5', 'r2c6', 'r2c7', 'r3c0', 'r3c1', 'r3c4', 'r3c5']",6,8,210.9133758544922,0,0,0,none,0.0,0.0,0.0
19,21,50,52,8.031814575195312,-0.01652240753173828,139,0.31880733944954126,0.5416666666666666,0.65,0.36920320987701416,0.44841269841269843,0.03612961834013073,True,0.7940588403313338,False,['insufficient_model_inlier_ratio_retained'],skip,True,436,429,424,389,139,0.8922018348623854,0.35732647814910024,0.31880733944954126,0.0314730703830719,3.0985743285782656,7.504473378483603,8.69955590003086,139,113,2,33.39200000002165,1.0,0.0,full_calibrated_frame,gray,21,3,False,48,26,"['r0c3', 'r0c4', 'r0c5', 'r0c6', 'r0c7', 'r1c2', 'r1c4', 'r1c5', 'r1c6', 'r1c7', 'r2c0', 'r2c1', 'r2c2', 'r2c3', 'r2c4', 'r2c5', 'r2c6', 'r2c7', 'r3c0', 'r3c1', 'r3c2', 'r3c3', 'r3c4', 'r3c5', 'r3c6', 'r3c7']",6,8,210.9133758544922,0,0,0,none,0.0,0.0,0.0
20,22,51,53,11.531906127929688,-0.12218475341796875,79,0.17913832199546487,0.375,0.625,0.4628816843032837,0.4968152866242038,0.05592162591676231,True,0.49313358302122345,False,"['insufficient_model_inlier_ratio_retained', 'insufficient_effective_inlier_ratio_detected', 'excessive_parallax_clusters']",skip,True,441,423,420,356,79,0.8072562358276644,0.22191011235955055,0.17913832199546487,0.064693883061409,5.70010261297666,12.529628748902738,14.362379307435754,79,78,2,50.08800000001793,1.0,0.0,full_calibrated_frame,gray,21,3,False,48,18,"['r0c3', 'r0c4', 'r0c5', 'r0c6', 'r1c6', 'r1c7', 'r2c0', 'r2c1', 'r2c2', 'r2c3', 'r2c4', 'r2c5', 'r2c6', 'r2c7', 'r3c0', 'r3c1', 'r3c4', 'r3c5']",6,8,210.9133758544922,0,0,0,none,0.0,0.0,0.0
21,23,52,54,11.52899169921875,0.010013580322265625,91,0.2013274336283186,0.3958333333333333,0.6166666666666667,0.4366915822029114,0.45180722891566266,0.0568018676103888,True,0.5664488017429193,False,"['insufficient_model_inlier_ratio_retained', 'insufficient_effective_inlier_ratio_detected', 'excessive_parallax_clusters']",skip,True,452,440,423,357,91,0.7898230088495575,0.2549019607843137,0.2013274336283186,0.06020237132906914,5.893909107592965,12.754842883535654,15.020208118608455,91,75,2,50.087999999988824,1.0,0.0,full_calibrated_frame,gray,21,3,False,48,19,"['r0c3', 'r0c4', 'r0c5', 'r0c6', 'r1c1', 'r1c6', 'r1c7', 'r2c0', 'r2c1', 'r2c2', 'r2c3', 'r2c4', 'r2c5', 'r2c6', 'r2c7', 'r3c0', 'r3c1', 'r3c4', 'r3c5']",6,8,210.9133758544922,0,0,0,none,0.0,0.0,0.0
22,24,53,55,8.3057861328125,0.19708251953125,126,0.28832951945080093,0.5,0.6291666666666667,0.4391196370124817,0.4349775784753363,0.03937171430757158,True,0.7506702412868632,False,['insufficient_model_inlier_ratio_retained'],skip,True,437,426,425,373,126,0.8535469107551488,0.3378016085790885,0.28832951945080093,0.03328675404191017,3.4816284662518244,8.280332679282814,10.13713654505152,126,97,2,33.39199999999255,1.0,0.0,full_calibrated_frame,gray,21,3,False,48,24,"['r0c2', 'r0c3', 'r0c4', 'r0c5', 'r0c6', 'r1c2', 'r1c4', 'r1c6', 'r1c7', 'r2c0', 'r2c1', 'r2c2', 'r2c3', 'r2c4', 'r2c5', 'r2c6', 'r2c7', 'r3c0', 'r3c1', 'r3c2', 'r3c3', 'r3c4', 'r3c5', 'r3c6']",6,8,210.9133758544922,0,0,0,none,0.0,0.0,0.0
23,25,54,56,11.953964233398438,0.2795143127441406,82,0.1842696629213483,0.4166666666666667,0.6166666666666667,0.4097570478916168,0.4675324675324675,0.06167038474769876,True,0.5538669368456602,False,"['insufficient_model_inlier_ratio_retained', 'insufficient_effective_inlier_ratio_detected', 'excessive_parallax_clusters']",skip,True,445,421,416,329,82,0.7393258426966293,0.24924012158054712,0.1842696629213483,0.06291513890028,6.373092618041891,13.310067118436407,15.794777708344247,82,72,2,50.087999999988824,1.0,0.0,full_calibrated_frame,gray,21,3,False,48,20,"['r0c2', 'r0c3', 'r0c4', 'r0c5', 'r0c6', 'r1c3', 'r1c6', 'r2c0', 'r2c1', 'r2c2', 'r2c3', 'r2c4', 'r2c5', 'r2c6', 'r2c7', 'r3c0', 'r3c1', 'r3c2', 'r3c3', 'r3c6']",6,8,210.9133758544922,0,0,0,none,0.0,0.0,0.0
24,26,55,57,12.218620300292969,0.21081924438476562,76,0.17312072892938496,0.375,0.6333333333333333,0.516257643699646,0.47586206896551725,0.06249889300634953,True,0.5071738405071738,False,"['insufficient_model_inlier_ratio_retained', 'insufficient_effective_inlier_ratio_detected', 'excessive_parallax_clusters']",skip,True,439,408,404,333,76,0.7585421412300684,0.22822822822822822,0.17312072892938496,0.049641650170087814,6.475875816256724,13.639970490651157,16.30244830552677,76,69,2,50.087999999988824,1.0,0.0,full_calibrated_frame,gray,21,3,False,48,18,"['r0c2', 'r0c3', 'r0c4', 'r0c5', 'r0c6', 'r1c3', 'r1c6', 'r2c0', 'r2c1', 'r2c2', 'r2c3', 'r2c4', 'r2c5', 'r2c6', 'r2c7', 'r3c0', 'r3c1', 'r3c2']",6,8,210.9133758544922,0,0,0,none,0.0,0.0,0.0
25,27,56,58,25.21063232421875,-0.12484169006347656,76,0.17471264367816092,0.3541666666666667,0.9083333333333333,0.47853177785873413,0.4794520547945205,0.06358553475600476,True,0.49238743116294137,False,"['insufficient_model_inlier_ratio_retained', 'insufficient_effective_inlier_ratio_detected', 'excessive_parallax_clusters']",skip,True,435,425,419,343,76,0.7885057471264367,0.22157434402332363,0.17471264367816092,0.06550045311450958,5.847509263997333,22.155105124789166,30.557144488125225,76,70,2,50.08900000000722,1.0,0.0,full_calibrated_frame,gray,21,3,False,48,17,"['r0c0', 'r0c1', 'r0c2', 'r0c6', 'r0c7', 'r1c1', 'r1c2', 'r1c4', 'r1c5', 'r1c6', 'r1c7', 'r4c5', 'r5c1', 'r5c2', 'r5c3', 'r5c5', 'r5c6']",6,8,210.9133758544922,0,0,0,none,0.0,0.0,0.0
26,28,57,59,13.16895866394043,-0.22803115844726562,79,0.17136659436008678,0.3958333333333333,0.6166666666666667,0.43479886651039124,0.5123456790123457,0.06481152086233133,True,0.4757603131586871,False,"['insufficient_model_inlier_ratio_retained', 'insufficient_effective_inlier_ratio_detected', 'excessive_parallax_clusters']",skip,True,461,452,448,369,79,0.8004338394793926,0.2140921409214092,0.17136659436008678,0.06123783066868782,7.000641638127726,14.079204702564173,17.101562875700054,79,83,2,50.08900000000722,1.0,0.0,full_calibrated_frame,gray,21,3,False,48,19,"['r0c2', 'r0c3', 'r0c4', 'r0c5', 'r1c1', 'r1c3', 'r2c0', 'r2c1', 'r2c2', 'r2c3', 'r2c4', 'r2c5', 'r2c6', 'r2c7', 'r3c0', 'r3c1', 'r3c2', 'r3c3', 'r3c4']",6,8,210.9133758544922,0,0,0,none,0.0,0.0,0.0
27,29,58,60,9.1405029296875,-0.2535085678100586,108,0.23275862068965517,0.4791666666666667,0.65,0.3396177291870117,0.509090909090909,0.04373678734951586,True,0.6153846153846154,False,"['insufficient_model_inlier_ratio_retained', 'insufficient_effective_inlier_ratio_detected', 'excessive_parallax_clusters']",skip,True,464,458,453,390,108,0.8405172413793104,0.27692307692307694,0.23275862068965517,0.042457275092601776,4.436177923383736,9.467260539898621,13.407829658046374,108,112,2,33.39199999999255,1.0,0.0,full_calibrated_frame,gray,21,3,False,48,23,"['r0c1', 'r0c2', 'r0c3', 'r0c4', 'r0c5', 'r0c7', 'r1c2', 'r1c3', 'r1c7', 'r2c0', 'r2c1', 'r2c2', 'r2c3', 'r2c4', 'r2c5', 'r2c6', 'r2c7', 'r3c0', 'r3c1', 'r3c2', 'r3c3', 'r3c4', 'r3c5']",6,8,210.9133758544922,0,0,0,none,0.0,0.0,0.0
28,30,59,61,13.817138671875,-0.17165374755859375,88,0.1934065934065934,0.4791666666666667,0.6208333333333333,0.5176594853401184,0.44654088050314467,0.06625462320240252,True,0.5802835476425982,False,"['insufficient_model_inlier_ratio_retained', 'insufficient_effective_inlier_ratio_detected']",skip,True,455,437,415,337,88,0.7406593406593407,0.26112759643916916,0.1934065934065934,0.06054515391588211,6.526586289394895,14.11383345783764,17.613369993836905,88,71,2,50.08800000001793,1.0,0.0,full_calibrated_frame,gray,21,3,False,48,23,"['r0c1', 'r0c2', 'r0c3', 'r0c4', 'r0c5', 'r0c7', 'r1c2', 'r1c4', 'r1c7', 'r2c0', 'r2c1', 'r2c2', 'r2c3', 'r2c4', 'r2c5', 'r2c6', 'r2c7', 'r3c0', 'r3c1', 'r3c2', 'r3c3', 'r3c4', 'r3c5']",6,8,210.9133758544922,0,0,0,none,0.0,0.0,0.0
29,31,60,62,14.14477825164795,-0.059084415435791016,76,0.17194570135746606,0.3958333333333333,0.6083333333333333,0.5016798377037048,0.45714285714285713,0.06780283943715384,True,0.5310971348707197,False,"['insufficient_model_inlier_ratio_retained', 'insufficient_effective_inlier_ratio_detected', 'excessive_parallax_clusters']",skip,True,442,427,411,318,76,0.7194570135746606,0.2389937106918239,0.17194570135746606,0.07121239602565765,6.118752316506687,14.036512010386737,17.554897290074415,76,64,2,50.08800000001793,1.0,0.0,full_calibrated_frame,gray,21,3,False,48,19,"['r0c1', 'r0c2', 'r0c3', 'r0c4', 'r0c7', 'r1c3', 'r1c6', 'r1c7', 'r2c0', 'r2c1', 'r2c2', 'r2c3', 'r2c4', 'r2c5', 'r2c6', 'r2c7', 'r3c0', 'r3c1', 'r3c4']",6,8,210.9133758544922,0,0,0,none,0.0,0.0,0.0
30,32,61,63,9.733352661132812,-0.10944747924804688,112,0.2505592841163311,0.4583333333333333,0.9041666666666667,0.3261762261390686,0.48623853211009177,0.04552613020319332,True,0.6481481481481481,False,"['insufficient_model_inlier_ratio_retained', 'excessive_parallax_clusters']",skip,True,447,440,440,384,112,0.8590604026845637,0.2916666666666667,0.2505592841163311,0.041130416095256805,4.078208629319378,9.841246996615189,12.51570757568493,112,106,2,33.39199999999255,1.0,0.0,full_calibrated_frame,gray,21,3,False,48,22,"['r0c1', 'r0c2', 'r0c3', 'r0c4', 'r0c5', 'r0c7', 'r1c2', 'r1c6', 'r1c7', 'r2c0', 'r2c1', 'r2c2', 'r2c3', 'r2c5', 'r2c6', 'r2c7', 'r3c0', 'r3c1', 'r3c4', 'r3c7', 'r4c7', 'r5c6']",6,8,210.9133758544922,0,0,0,none,0.0,0.0,0.0
31,33,62,64,14.4384765625,-0.39669036865234375,91,0.20495495495495494,0.4375,0.65,0.484178364276886,0.38513513513513514,0.06848472671155117,True,0.6379249912372941,False,"['insufficient_model_inlier_ratio_retained', 'insufficient_effective_inlier_ratio_detected']",skip,True,444,425,424,317,91,0.713963963963964,0.2870662460567823,0.20495495495495494,0.0799092948436737,6.087097008930591,15.030431117645563,23.074615497284913,91,57,2,50.087999999988824,1.0,0.0,full_calibrated_frame,gray,21,3,False,48,21,"['r0c1', 'r0c2', 'r0c3', 'r0c4', 'r0c7', 'r1c3', 'r1c6', 'r2c0', 'r2c1', 'r2c2', 'r2c3', 'r2c4', 'r2c5', 'r2c6', 'r2c7', 'r3c0', 'r3c1', 'r3c3', 'r3c4', 'r3c7', 'r4c6']",6,8,210.9133758544922,0,0,0,none,0.0,0.0,0.0
32,34,63,65,14.368043899536133,-0.4302825927734375,89,0.20554272517321015,0.4791666666666667,0.6916666666666667,0.46223846077919006,0.38620689655172413,0.06929559822424955,True,0.6636838180462342,False,"['insufficient_model_inlier_ratio_retained', 'insufficient_effective_inlier_ratio_detected']",skip,True,433,419,414,298,89,0.6882217090069284,0.2986577181208054,0.20554272517321015,0.07824409753084183,6.395687555847937,14.894585511339665,22.26826104729783,89,56,2,50.087999999988824,1.0,0.0,full_calibrated_frame,gray,21,3,False,48,23,"['r0c1', 'r0c2', 'r0c3', 'r0c4', 'r0c6', 'r0c7', 'r1c0', 'r1c3', 'r1c6', 'r2c0', 'r2c1', 'r2c2', 'r2c3', 'r2c4', 'r2c5', 'r2c6', 'r2c7', 'r3c0', 'r3c1', 'r3c3', 'r3c4', 'r3c7', 'r4c6']",6,8,210.9133758544922,0,0,0,none,0.0,0.0,0.0
33,35,64,66,14.237857818603516,-0.03268241882324219,94,0.21315192743764172,0.4375,0.6541666666666667,0.5104888677597046,0.36486486486486486,0.07065912310369905,True,0.7178312332951509,False,"['insufficient_model_inlier_ratio_retained', 'insufficient_effective_inlier_ratio_detected']",skip,True,441,412,409,291,94,0.6598639455782312,0.3230240549828179,0.21315192743764172,0.07995279878377914,5.538478874731636,15.412226868600769,22.49235454396688,94,54,2,50.087999999988824,1.0,0.0,full_calibrated_frame,gray,21,3,False,48,21,"['r0c0', 'r0c1', 'r0c2', 'r0c3', 'r0c6', 'r0c7', 'r1c2', 'r1c6', 'r2c0', 'r2c1', 'r2c2', 'r2c4', 'r2c5', 'r2c6', 'r2c7', 'r3c0', 'r3c1', 'r3c3', 'r3c6', 'r3c7', 'r4c6']",6,8,210.9133758544922,0,0,0,none,0.0,0.0,0.0
34,36,65,67,14.05108642578125,0.18787765502929688,95,0.21788990825688073,0.4583333333333333,0.6541666666666667,0.5717592239379883,0.375,0.07029648604284952,True,0.720515737580584,False,"['insufficient_model_inlier_ratio_retained', 'insufficient_effective_inlier_ratio_detected']",skip,True,436,421,416,293,95,0.6720183486238532,0.3242320819112628,0.21788990825688073,0.07408810406923294,6.265026864856448,16.26149856976129,73.97199301446386,95,57,2,50.08800000001793,1.0,0.0,full_calibrated_frame,gray,21,3,False,48,22,"['r0c0', 'r0c1', 'r0c2', 'r0c6', 'r0c7', 'r1c2', 'r1c6', 'r1c7', 'r2c0', 'r2c1', 'r2c2', 'r2c4', 'r2c5', 'r2c6', 'r2c7', 'r3c1', 'r3c3', 'r3c6', 'r3c7', 'r4c0', 'r4c6', 'r4c7']",6,8,210.9133758544922,0,0,0,none,0.0,0.0,0.0
35,37,66,68,13.762527465820312,0.15352249145507812,87,0.20470588235294118,0.4791666666666667,0.6583333333333333,0.5410065650939941,0.3695652173913043,0.07008002927288623,True,0.6979542719614922,False,"['insufficient_model_inlier_ratio_retained', 'insufficient_effective_inlier_ratio_detected']",skip,True,425,401,396,277,87,0.6517647058823529,0.3140794223826715,0.20470588235294118,0.07493031769990921,6.78689880883641,16.13731541799791,31.80832185163766,87,51,2,50.08800000001793,1.0,0.0,full_calibrated_frame,gray,21,3,False,48,23,"['r0c0', 'r0c1', 'r0c2', 'r0c5', 'r0c6', 'r0c7', 'r1c5', 'r1c6', 'r1c7', 'r2c0', 'r2c1', 'r2c2', 'r2c4', 'r2c5', 'r2c6', 'r2c7', 'r3c0', 'r3c1', 'r3c3', 'r3c6', 'r3c7', 'r4c6', 'r4c7']",6,8,210.9133758544922,0,0,0,none,0.0,0.0,0.0
36,38,67,69,13.937774658203125,0.010936737060546875,87,0.2091346153846154,0.4375,0.6708333333333333,0.5534906387329102,0.4,0.07063480487677583,True,0.6954436450839329,False,"['insufficient_model_inlier_ratio_retained', 'insufficient_effective_inlier_ratio_detected']",skip,True,416,384,380,278,87,0.6682692307692307,0.3129496402877698,0.2091346153846154,0.0735718160867691,6.725997186981642,15.364055110472812,20.641612104694154,87,58,2,50.087999999988824,1.0,0.0,full_calibrated_frame,gray,21,3,False,48,21,"['r0c0', 'r0c1', 'r0c2', 'r0c5', 'r0c6', 'r0c7', 'r1c5', 'r1c6', 'r1c7', 'r2c1', 'r2c2', 'r2c4', 'r2c5', 'r2c6', 'r2c7', 'r3c0', 'r3c3', 'r3c6', 'r3c7', 'r4c6', 'r4c7']",6,8,210.9133758544922,0,0,0,none,0.0,0.0,0.0
37,39,68,70,13.731330871582031,0.11417579650878906,90,0.2054794520547945,0.4375,0.6333333333333333,0.4985717535018921,0.4,0.07071357061140873,True,0.6779661016949153,False,"['insufficient_model_inlier_ratio_retained', 'insufficient_effective_inlier_ratio_detected']",skip,True,438,403,398,295,90,0.6735159817351598,0.3050847457627119,0.2054794520547945,0.06934695690870285,6.837211305068482,15.451466736643185,37.047576544257026,90,60,2,50.087999999988824,1.0,0.0,full_calibrated_frame,gray,21,3,False,48,21,"['r0c0', 'r0c1', 'r0c2', 'r0c5', 'r0c6', 'r0c7', 'r1c6', 'r1c7', 'r2c0', 'r2c1', 'r2c2', 'r2c4', 'r2c5', 'r2c6', 'r2c7', 'r3c0', 'r3c3', 'r3c6', 'r3c7', 'r4c5', 'r4c7']",6,8,210.9133758544922,0,0,0,none,0.0,0.0,0.0
38,40,69,71,13.681381225585938,0.21636962890625,104,0.23370786516853934,0.4791666666666667,0.6333333333333333,0.5253271460533142,0.34177215189873417,0.07050338807250883,True,0.7729468599033816,False,"['insufficient_model_inlier_ratio_retained', 'insufficient_effective_inlier_ratio_detected']",skip,True,445,412,410,299,104,0.6719101123595506,0.34782608695652173,0.23370786516853934,0.07480104267597198,5.635378265318421,14.980850064612518,37.12154306265831,104,54,2,50.087999999988824,1.0,0.0,full_calibrated_frame,gray,21,3,False,48,23,"['r0c0', 'r0c1', 'r0c2', 'r0c5', 'r0c6', 'r0c7', 'r1c6', 'r1c7', 'r2c0', 'r2c1', 'r2c2', 'r2c3', 'r2c4', 'r2c5', 'r2c6', 'r2c7', 'r3c0', 'r3c2', 'r3c3', 'r3c6', 'r3c7', 'r4c5', 'r4c6']",6,8,210.9133758544922,0,0,0,none,0.0,0.0,0.0
39,41,70,72,13.581314086914062,0.19150733947753906,80,0.1909307875894988,0.5,0.65,0.46802401542663574,0.41605839416058393,0.07064096669535756,True,0.6046863189720333,False,"['insufficient_model_inlier_ratio_retained', 'insufficient_effective_inlier_ratio_detected']",skip,True,419,405,395,294,80,0.7016706443914081,0.272108843537415,0.1909307875894988,0.07772445678710938,6.640628927916358,15.205449370149534,19.26088055625676,80,57,2,50.08800000001793,1.0,0.0,full_calibrated_frame,gray,21,3,False,48,24,"['r0c0', 'r0c1', 'r0c2', 'r0c4', 'r0c5', 'r0c6', 'r0c7', 'r1c6', 'r2c0', 'r2c1', 'r2c2', 'r2c3', 'r2c4', 'r2c5', 'r2c6', 'r2c7', 'r3c0', 'r3c2', 'r3c5', 'r3c6', 'r3c7', 'r4c5', 'r4c6', 'r4c7']",6,8,210.9133758544922,0,0,0,none,0.0,0.0,0.0
40,42,71,73,13.649200439453125,0.20771026611328125,78,0.19696969696969696,0.4375,0.6458333333333334,0.5471162796020508,0.4306569343065693,0.07021814397445746,True,0.6235011990407673,False,"['insufficient_model_inlier_ratio_retained', 'insufficient_effective_inlier_ratio_detected']",skip,True,396,383,377,278,78,0.702020202020202,0.2805755395683453,0.19696969696969696,0.07394266128540039,6.115032104733747,15.155841848845759,19.45416974304637,78,59,2,50.08800000001793,1.0,0.0,full_calibrated_frame,gray,21,3,False,48,21,"['r0c0', 'r0c1', 'r0c4', 'r0c6', 'r0c7', 'r1c6', 'r1c7', 'r2c0', 'r2c1', 'r2c2', 'r2c3', 'r2c4', 'r2c5', 'r2c6', 'r2c7', 'r3c2', 'r3c5', 'r3c6', 'r3c7', 'r4c5', 'r4c6']",6,8,210.9133758544922,0,0,0,none,0.0,0.0,0.0
41,43,72,74,9.520660400390625,0.030753135681152344,99,0.24029126213592233,0.5208333333333334,0.6625,0.39391079545021057,0.45901639344262296,0.046496584813932595,True,0.641399416909621,False,"['insufficient_model_inlier_ratio_retained', 'insufficient_effective_inlier_ratio_detected', 'excessive_parallax_clusters']",skip,True,412,392,388,343,99,0.8325242718446602,0.2886297376093295,0.24029126213592233,0.041985560208559036,4.4621779845378375,10.242408191852801,20.171829237323525,99,84,2,33.39199999999255,1.0,0.0,full_calibrated_frame,gray,21,3,False,48,25,"['r0c0', 'r0c1', 'r0c2', 'r0c4', 'r0c5', 'r0c6', 'r0c7', 'r1c0', 'r1c4', 'r1c6', 'r1c7', 'r2c0', 'r2c1', 'r2c2', 'r2c3', 'r2c4', 'r2c5', 'r2c6', 'r2c7', 'r3c0', 'r3c3', 'r3c5', 'r3c6', 'r3c7', 'r4c5']",6,8,210.9133758544922,0,0,0,none,0.0,0.0,0.0
42,44,73,75,9.599334716796875,-0.22891998291015625,104,0.2447058823529412,0.4583333333333333,0.6791666666666667,0.4339522421360016,0.4666666666666667,0.04630316946679933,True,0.6528562460765851,False,"['insufficient_model_inlier_ratio_retained', 'insufficient_effective_inlier_ratio_detected', 'excessive_parallax_clusters']",skip,True,425,399,397,354,104,0.8329411764705882,0.2937853107344633,0.2447058823529412,0.049139201641082764,4.114873897662181,10.331882848882328,14.271622615704487,104,91,2,33.39199999999255,1.0,0.0,full_calibrated_frame,gray,21,3,False,48,22,"['r0c0', 'r0c1', 'r0c2', 'r0c4', 'r0c5', 'r0c6', 'r0c7', 'r1c0', 'r1c4', 'r1c6', 'r2c0', 'r2c1', 'r2c2', 'r2c3', 'r2c4', 'r2c5', 'r2c6', 'r2c7', 'r3c2', 'r3c3', 'r3c6', 'r4c5']",6,8,210.9133758544922,0,0,0,none,0.0,0.0,0.0
43,45,74,76,9.434276580810547,-0.5028476715087891,98,0.24438902743142144,0.4375,0.6541666666666667,0.490263432264328,0.49222797927461137,0.04641415909643873,True,0.6500829187396352,False,"['insufficient_model_inlier_ratio_retained', 'insufficient_effective_inlier_ratio_detected', 'excessive_parallax_clusters']",skip,True,401,387,385,335,98,0.8354114713216958,0.29253731343283584,0.24438902743142144,0.051475781947374344,4.303921582373952,10.588261458247105,13.186510222154883,98,95,2,33.39199999999255,1.0,0.0,full_calibrated_frame,gray,21,3,False,48,21,"['r0c0', 'r0c1', 'r0c4', 'r0c6', 'r0c7', 'r1c4', 'r1c5', 'r1c6', 'r2c0', 'r2c1', 'r2c2', 'r2c3', 'r2c4', 'r2c5', 'r2c6', 'r2c7', 'r3c2', 'r3c3', 'r3c6', 'r3c7', 'r4c5']",6,8,210.9133758544922,0,0,0,none,0.0,0.0,0.0
44,46,75,77,13.956573486328125,-0.8142385482788086,77,0.18872549019607843,0.375,0.6458333333333334,0.5211641192436218,0.4689655172413793,0.06927547042130414,True,0.592079969242599,False,"['insufficient_model_inlier_ratio_retained', 'insufficient_effective_inlier_ratio_detected', 'excessive_parallax_clusters']",skip,True,408,392,381,289,77,0.7083333333333334,0.2664359861591695,0.18872549019607843,0.0819530338048935,6.666850682522133,14.877659165043982,37.60866127687632,77,68,2,50.087999999988824,1.0,0.0,full_calibrated_frame,gray,21,3,False,48,18,"['r0c0', 'r0c1', 'r0c3', 'r0c6', 'r0c7', 'r1c6', 'r2c0', 'r2c1', 'r2c2', 'r2c3', 'r2c4', 'r2c5', 'r2c6', 'r2c7', 'r3c2', 'r3c6', 'r3c7', 'r4c5']",6,8,210.9133758544922,0,0,0,none,0.0,0.0,0.0
45,47,76,78,14.11214828491211,-0.4877052307128906,79,0.19602977667493796,0.4375,0.6541666666666667,0.5001078844070435,0.4513888888888889,0.06964886452340932,True,0.6225374310480694,False,"['insufficient_model_inlier_ratio_retained', 'insufficient_effective_inlier_ratio_detected', 'excessive_parallax_clusters']",skip,True,403,394,385,282,79,0.6997518610421837,0.2801418439716312,0.19602977667493796,0.09281525015830994,6.282423548985658,15.507024290512499,37.988671734165216,79,65,2,50.08800000001793,1.0,0.0,full_calibrated_frame,gray,21,3,False,48,21,"['r0c0', 'r0c1', 'r0c3', 'r0c6', 'r0c7', 'r1c6', 'r2c0', 'r2c1', 'r2c2', 'r2c3', 'r2c4', 'r2c5', 'r2c6', 'r2c7', 'r3c2', 'r3c5', 'r3c6', 'r3c7', 'r4c5', 'r4c6', 'r4c7']",6,8,210.9133758544922,0,0,0,none,0.0,0.0,0.0
46,48,77,79,9.602317810058594,0.013851165771484375,115,0.2777777777777778,0.5208333333333334,0.8916666666666667,0.41708558797836304,0.425,0.04696953346119437,True,0.7138423339540658,False,['insufficient_model_inlier_ratio_retained'],skip,True,414,404,392,358,115,0.8647342995169082,0.32122905027932963,0.2777777777777778,0.03762584552168846,3.959686587778619,10.287404120146096,15.960778132739257,115,85,2,33.39200000002165,1.0,0.0,full_calibrated_frame,gray,21,3,False,48,25,"['r0c0', 'r0c1', 'r0c3', 'r0c5', 'r0c6', 'r0c7', 'r1c3', 'r1c5', 'r1c6', 'r2c0', 'r2c1', 'r2c2', 'r2c3', 'r2c4', 'r2c5', 'r2c6', 'r2c7', 'r3c1', 'r3c2', 'r3c4', 'r3c5', 'r3c6', 'r4c4', 'r4c6', 'r5c2']",6,8,210.9133758544922,0,0,0,none,0.0,0.0,0.0
47,49,78,80,9.77734375,0.14028167724609375,100,0.2386634844868735,0.5208333333333334,0.6625,0.36467695236206055,0.45652173913043476,0.045295151592153915,True,0.665335994677312,False,"['insufficient_model_inlier_ratio_retained', 'insufficient_effective_inlier_ratio_detected', 'excessive_parallax_clusters']",skip,True,419,404,371,334,100,0.7971360381861575,0.2994011976047904,0.2386634844868735,0.03190670907497406,4.357014052111877,9.983411699289778,16.272393874602802,100,84,2,33.39199999999255,1.0,0.0,full_calibrated_frame,gray,21,3,False,48,25,"['r0c0', 'r0c3', 'r0c5', 'r0c6', 'r0c7', 'r1c3', 'r1c5', 'r1c6', 'r1c7', 'r2c0', 'r2c1', 'r2c2', 'r2c3', 'r2c4', 'r2c5', 'r2c6', 'r2c7', 'r3c1', 'r3c2', 'r3c4', 'r3c5', 'r3c6', 'r4c4', 'r4c6', 'r4c7']",6,8,210.9133758544922,0,0,0,none,0.0,0.0,0.0
48,50,79,81,9.425750732421875,0.0909423828125,98,0.24378109452736318,0.4791666666666667,0.6666666666666666,0.40545618534088135,0.449438202247191,0.044595494260175006,True,0.6805555555555556,False,"['insufficient_model_inlier_ratio_retained', 'insufficient_effective_inlier_ratio_detected']",skip,True,402,399,367,320,98,0.7960199004975125,0.30625,0.24378109452736318,0.03569796681404114,4.0661337787989495,10.24297615367149,16.53992606386557,98,80,2,33.39199999999255,1.0,0.0,full_calibrated_frame,gray,21,3,False,48,23,"['r0c0', 'r0c2', 'r0c3', 'r0c5', 'r0c6', 'r0c7', 'r1c3', 'r1c5', 'r1c6', 'r2c0', 'r2c1', 'r2c2', 'r2c3', 'r2c4', 'r2c5', 'r2c6', 'r3c1', 'r3c2', 'r3c4', 'r3c5', 'r3c6', 'r4c4', 'r4c6']",6,8,210.9133758544922,0,0,0,none,0.0,0.0,0.0
49,51,80,82,13.796684265136719,0.21474075317382812,75,0.1913265306122449,0.3958333333333333,0.6666666666666666,0.4957311451435089,0.4485294117647059,0.0681516461632426,True,0.5889281507656066,False,"['insufficient_model_inlier_ratio_retained', 'insufficient_effective_inlier_ratio_detected']",skip,True,392,380,371,283,75,0.7219387755102041,0.26501766784452296,0.1913265306122449,0.06927845627069473,6.727829180954167,15.536808354803126,17.235149874415136,75,61,2,50.087999999988824,1.0,0.0,full_calibrated_frame,gray,21,3,False,48,19,"['r0c0', 'r0c3', 'r0c5', 'r0c6', 'r1c5', 'r2c0', 'r2c1', 'r2c2', 'r2c3', 'r2c4', 'r2c5', 'r2c6', 'r3c1', 'r3c2', 'r3c4', 'r3c5', 'r3c6', 'r4c4', 'r4c6']",6,8,210.9133758544922,0,0,0,none,0.0,0.0,0.0
50,52,81,83,13.741973876953125,0.2801856994628906,69,0.16666666666666666,0.3333333333333333,0.6666666666666666,0.4798227548599243,0.4609375,0.06759648668881973,True,0.5269186712485682,False,"['insufficient_model_inlier_ratio_retained', 'insufficient_effective_inlier_ratio_detected', 'excessive_parallax_clusters']",skip,True,414,404,398,291,69,0.7028985507246377,0.23711340206185566,0.16666666666666666,0.059969257563352585,6.855747615867519,15.553657007164086,17.51811605141818,69,59,2,50.087999999988824,1.0,0.0,full_calibrated_frame,gray,21,3,False,48,16,"['r0c2', 'r0c5', 'r0c6', 'r1c5', 'r2c0', 'r2c1', 'r2c2', 'r2c3', 'r2c4', 'r2c5', 'r2c6', 'r3c1', 'r3c4', 'r3c5', 'r3c6', 'r4c4']",6,8,210.9133758544922,0,0,0,none,0.0,0.0,0.0
51,53,82,84,9.150283813476562,0.14927291870117188,98,0.23671497584541062,0.4375,0.9458333333333333,0.3799082636833191,0.5124378109452736,0.04371974841179921,True,0.6257982120051085,False,"['insufficient_model_inlier_ratio_retained', 'insufficient_effective_inlier_ratio_detected', 'excessive_parallax_clusters']",skip,True,414,411,405,348,98,0.8405797101449275,0.28160919540229884,0.23671497584541062,0.033327389508485794,5.001176819778808,11.346077291516579,12.786412526008506,98,103,2,33.39199999999255,1.0,0.0,full_calibrated_frame,gray,21,3,False,48,21,"['r0c2', 'r0c4', 'r0c5', 'r0c6', 'r1c4', 'r1c5', 'r1c6', 'r2c0', 'r2c1', 'r2c2', 'r2c3', 'r2c4', 'r2c5', 'r2c6', 'r3c1', 'r3c3', 'r3c4', 'r3c5', 'r4c4', 'r4c5', 'r5c3']",6,8,210.9133758544922,0,0,0,none,0.0,0.0,0.0
52,54,83,85,9.403339385986328,0.1629953384399414,101,0.2518703241895262,0.4791666666666667,0.6791666666666667,0.3518143594264984,0.4975124378109453,0.04419233657131122,True,0.6601307189542484,False,"['insufficient_model_inlier_ratio_retained', 'excessive_parallax_clusters']",skip,True,401,399,384,340,101,0.8478802992518704,0.29705882352941176,0.2518703241895262,0.03179303556680679,4.757644161712252,10.944152242742001,16.25426320645109,101,100,2,33.39200000002165,1.0,0.0,full_calibrated_frame,gray,21,3,False,48,23,"['r0c2', 'r0c3', 'r0c4', 'r0c5', 'r0c6', 'r1c1', 'r1c4', 'r1c5', 'r1c6', 'r2c0', 'r2c1', 'r2c2', 'r2c3', 'r2c4', 'r2c5', 'r2c6', 'r3c0', 'r3c1', 'r3c3', 'r3c4', 'r3c5', 'r3c6', 'r4c1']",6,8,210.9133758544922,0,0,0,none,0.0,0.0,0.0
53,55,84,86,18.866775512695312,0.27576446533203125,113,0.2803970223325062,0.4166666666666667,0.9875,0.3039166033267975,0.5,0.044844991424894565,True,0.6879756468797564,False,"['insufficient_model_inlier_ratio_retained', 'excessive_parallax_clusters']",skip,True,403,402,401,365,113,0.9057071960297767,0.3095890410958904,0.2803970223325062,0.03264526650309563,4.567948633471939,10.31706962916627,21.203859342154892,113,113,2,33.39200000002165,1.0,0.0,full_calibrated_frame,gray,21,3,False,48,20,"['r0c0', 'r0c1', 'r0c3', 'r0c6', 'r0c7', 'r1c0', 'r1c2', 'r1c3', 'r1c6', 'r1c7', 'r2c6', 'r2c7', 'r3c6', 'r3c7', 'r4c7', 'r5c1', 'r5c2', 'r5c4', 'r5c6', 'r5c7']",6,8,210.9133758544922,0,0,0,none,0.0,0.0,0.0
54,56,85,87,19.713729858398438,0.2728004455566406,80,0.2,0.2916666666666667,0.9625,0.3205656409263611,0.5767195767195767,0.0446294866678274,True,0.5244182235332677,False,"['insufficient_model_inlier_ratio_retained', 'insufficient_effective_inlier_ratio_detected', 'excessive_parallax_clusters']",skip,True,400,393,384,339,80,0.8475,0.2359882005899705,0.2,0.03257588669657707,5.923529121278313,11.506185631643154,22.786716716961855,80,109,2,33.39199999999255,1.0,0.0,full_calibrated_frame,gray,21,3,False,48,14,"['r0c3', 'r0c7', 'r1c6', 'r1c7', 'r2c6', 'r2c7', 'r3c7', 'r4c6', 'r4c7', 'r5c1', 'r5c3', 'r5c4', 'r5c6', 'r5c7']",6,8,210.9133758544922,0,0,0,none,0.0,0.0,0.0
55,57,86,88,12.7984619140625,0.14204788208007812,76,0.1974025974025974,0.375,0.7,0.5258039832115173,0.525,0.06472245576396857,True,0.5725047080979284,False,"['insufficient_model_inlier_ratio_retained', 'insufficient_effective_inlier_ratio_detected', 'excessive_parallax_clusters']",skip,True,385,369,360,295,76,0.7662337662337663,0.2576271186440678,0.1974025974025974,0.04777170717716217,7.271373515544354,16.814262746865836,17.559320185898336,76,84,2,50.087999999988824,1.0,0.0,full_calibrated_frame,gray,21,3,False,48,18,"['r0c1', 'r0c2', 'r0c3', 'r0c4', 'r0c5', 'r1c1', 'r1c4', 'r1c5', 'r2c0', 'r2c1', 'r2c2', 'r2c3', 'r2c4', 'r2c5', 'r3c1', 'r3c3', 'r3c5', 'r4c5']",6,8,210.9133758544922,0,0,0,none,0.0,0.0,0.0
56,58,87,89,12.68731689453125,-0.19962215423583984,75,0.1893939393939394,0.3541666666666667,0.6541666666666667,0.5060402154922485,0.512987012987013,0.06485561935116568,True,0.572737686139748,False,"['insufficient_model_inlier_ratio_retained', 'insufficient_effective_inlier_ratio_detected', 'excessive_parallax_clusters']",skip,True,396,362,358,291,75,0.7348484848484849,0.25773195876288657,0.1893939393939394,0.05170757696032524,7.300351519076558,16.556706690380558,17.128578116698428,75,79,2,50.087999999988824,1.0,0.0,full_calibrated_frame,gray,21,3,False,48,17,"['r0c1', 'r0c2', 'r0c4', 'r0c5', 'r1c4', 'r1c5', 'r2c0', 'r2c1', 'r2c2', 'r2c3', 'r2c4', 'r2c5', 'r3c1', 'r3c3', 'r3c5', 'r4c3', 'r4c5']",6,8,210.9133758544922,0,0,0,none,0.0,0.0,0.0
57,59,88,90,8.405532836914062,-0.5790863037109375,107,0.2622549019607843,0.5208333333333334,0.9083333333333333,0.48843875527381897,0.4623115577889447,0.04348865511559663,True,0.71836186639812,False,"['insufficient_model_inlier_ratio_retained', 'excessive_parallax_clusters']",skip,True,408,407,395,331,107,0.8112745098039216,0.32326283987915405,0.2622549019607843,0.04153202474117279,4.437963242139638,10.899310944449011,12.756929624223039,107,92,2,33.39199999999255,1.0,0.0,full_calibrated_frame,gray,21,3,False,48,25,"['r0c0', 'r0c1', 'r0c2', 'r0c3', 'r0c4', 'r0c5', 'r0c7', 'r1c0', 'r1c3', 'r1c4', 'r1c5', 'r2c0', 'r2c1', 'r2c2', 'r2c3', 'r2c4', 'r2c5', 'r2c7', 'r3c0', 'r3c1', 'r3c2', 'r3c4', 'r3c5', 'r4c5', 'r5c2']",6,8,210.9133758544922,0,0,0,none,0.0,0.0,0.0
58,60,89,91,8.562667846679688,-0.78399658203125,114,0.2688679245283019,0.5416666666666666,0.6666666666666666,0.4278426170349121,0.47706422018348627,0.04195206129924012,True,0.725883476599809,False,"['insufficient_model_inlier_ratio_retained', 'excessive_parallax_clusters']",skip,True,424,414,402,349,114,0.8231132075471698,0.32664756446991405,0.2688679245283019,0.034886330366134644,4.227058259412733,10.753890812969967,17.16952684049654,114,104,2,33.39199999999255,1.0,0.0,full_calibrated_frame,gray,21,3,False,48,26,"['r0c0', 'r0c1', 'r0c2', 'r0c3', 'r0c4', 'r0c5', 'r0c7', 'r1c0', 'r1c3', 'r1c4', 'r1c5', 'r2c0', 'r2c1', 'r2c2', 'r2c3', 'r2c4', 'r2c5', 'r2c7', 'r3c0', 'r3c1', 'r3c2', 'r3c3', 'r3c4', 'r3c5', 'r4c0', 'r4c5']",6,8,210.9133758544922,0,0,0,none,0.0,0.0,0.0
59,61,90,92,12.274154663085938,-0.30938053131103516,96,0.23357664233576642,0.4375,0.65,0.4220081865787506,0.48663101604278075,0.06108984271218976,True,0.6794055201698513,False,"['insufficient_model_inlier_ratio_retained', 'insufficient_effective_inlier_ratio_detected', 'excessive_parallax_clusters']",skip,True,411,395,381,314,96,0.7639902676399026,0.3057324840764331,0.23357664233576642,0.06598465889692307,6.791075820557799,15.88144693923122,19.49702873928439,96,91,2,50.08800000001793,1.0,0.0,full_calibrated_frame,gray,21,3,False,48,21,"['r0c0', 'r0c1', 'r0c2', 'r0c3', 'r0c4', 'r0c5', 'r0c7', 'r1c3', 'r1c4', 'r1c5', 'r2c0', 'r2c1', 'r2c2', 'r2c3', 'r2c4', 'r2c5', 'r2c7', 'r3c0', 'r3c3', 'r3c4', 'r4c5']",6,8,210.9133758544922,0,0,0,none,0.0,0.0,0.0
60,62,91,93,12.036796569824219,0.47173500061035156,96,0.22695035460992907,0.4375,0.6291666666666667,0.5424507856369019,0.46368715083798884,0.060374724656145684,True,0.6523955147808359,False,"['insufficient_model_inlier_ratio_retained', 'insufficient_effective_inlier_ratio_detected', 'excessive_parallax_clusters']",skip,True,423,418,412,327,96,0.7730496453900709,0.29357798165137616,0.22695035460992907,0.07728274911642075,6.888940121163617,15.853841363550503,17.725283089696813,96,83,2,50.08800000001793,1.0,0.0,full_calibrated_frame,gray,21,3,False,48,21,"['r0c0', 'r0c1', 'r0c2', 'r0c3', 'r0c4', 'r0c5', 'r0c7', 'r1c0', 'r1c3', 'r1c4', 'r2c0', 'r2c1', 'r2c2', 'r2c3', 'r2c4', 'r2c6', 'r2c7', 'r3c0', 'r3c2', 'r3c3', 'r3c4']",6,8,210.9133758544922,0,0,0,none,0.0,0.0,0.0
61,63,92,94,7.948009490966797,0.6418609619140625,125,0.28868360277136257,0.4791666666666667,0.6541666666666667,0.472441166639328,0.4469026548672566,0.03894253765005151,True,0.7673419275629221,False,['insufficient_model_inlier_ratio_retained'],skip,True,433,428,426,362,125,0.836027713625866,0.3453038674033149,0.28868360277136257,0.04635302722454071,4.387249197958521,10.318186550650012,14.198006671251562,125,101,2,33.39199999999255,1.0,0.0,full_calibrated_frame,gray,21,3,False,48,23,"['r0c0', 'r0c1', 'r0c2', 'r0c3', 'r0c4', 'r0c6', 'r0c7', 'r1c2', 'r1c3', 'r1c4', 'r2c0', 'r2c1', 'r2c2', 'r2c3', 'r2c4', 'r2c6', 'r2c7', 'r3c0', 'r3c2', 'r3c3', 'r3c4', 'r3c6', 'r4c4']",6,8,210.9133758544922,0,0,0,none,0.0,0.0,0.0
62,64,93,95,8.051164627075195,0.237335205078125,119,0.2806603773584906,0.4583333333333333,0.6583333333333333,0.3644339442253113,0.41379310344827586,0.038039522460123765,True,0.7709750566893424,False,['insufficient_model_inlier_ratio_retained'],skip,True,424,417,413,343,119,0.8089622641509434,0.3469387755102041,0.2806603773584906,0.04021342471241951,3.7397408860137915,9.902024366591627,13.835121725939002,119,84,2,33.39199999999255,1.0,0.0,full_calibrated_frame,gray,21,3,False,48,22,"['r0c0', 'r0c1', 'r0c2', 'r0c3', 'r0c4', 'r0c6', 'r0c7', 'r1c2', 'r1c3', 'r1c4', 'r2c0', 'r2c1', 'r2c2', 'r2c3', 'r2c4', 'r2c6', 'r2c7', 'r3c0', 'r3c2', 'r3c3', 'r3c4', 'r4c4']",6,8,210.9133758544922,0,0,0,none,0.0,0.0,0.0
63,65,94,96,11.765151977539062,-0.712890625,87,0.20279720279720279,0.4583333333333333,0.6791666666666667,0.5171410441398621,0.4041095890410959,0.056043579448405434,True,0.6575963718820862,False,"['insufficient_model_inlier_ratio_retained', 'insufficient_effective_inlier_ratio_detected']",skip,True,429,418,413,294,87,0.6853146853146853,0.29591836734693877,0.20279720279720279,0.07681054621934891,5.997937830894445,14.606126901003716,32.75460759018405,87,59,2,50.087999999988824,1.0,0.0,full_calibrated_frame,gray,21,3,False,48,22,"['r0c0', 'r0c1', 'r0c2', 'r0c3', 'r0c4', 'r0c6', 'r0c7', 'r1c2', 'r1c3', 'r1c4', 'r2c0', 'r2c1', 'r2c2', 'r2c3', 'r2c4', 'r2c6', 'r2c7', 'r3c0', 'r3c2', 'r3c3', 'r3c4', 'r4c4']",6,8,210.9133758544922,0,0,0,none,0.0,0.0,0.0
64,66,95,97,11.822906494140625,-0.8207359313964844,85,0.20238095238095238,0.4375,0.6583333333333333,0.4230611324310303,0.4720496894409938,0.05526829483665663,True,0.6233956729006234,False,"['insufficient_model_inlier_ratio_retained', 'insufficient_effective_inlier_ratio_detected', 'excessive_parallax_clusters']",skip,True,420,407,403,303,85,0.7214285714285714,0.28052805280528054,0.20238095238095238,0.0662202537059784,5.840144961810956,13.962982557405274,18.901550037726377,85,76,2,50.087999999988824,1.0,0.0,full_calibrated_frame,gray,21,3,False,48,21,"['r0c0', 'r0c1', 'r0c2', 'r0c3', 'r0c4', 'r0c5', 'r0c6', 'r0c7', 'r1c2', 'r1c3', 'r1c4', 'r2c0', 'r2c1', 'r2c2', 'r2c3', 'r2c6', 'r2c7', 'r3c1', 'r3c2', 'r3c3', 'r4c4']",6,8,210.9133758544922,0,0,0,none,0.0,0.0,0.0
65,67,96,98,16.518394470214844,0.06360626220703125,97,0.2293144208037825,0.375,0.9375,0.3917708396911621,0.5336538461538461,0.03570619887029791,True,0.6141183918961696,False,"['insufficient_model_inlier_ratio_retained', 'insufficient_effective_inlier_ratio_detected', 'excessive_parallax_clusters']",skip,True,423,414,407,351,97,0.8297872340425532,0.27635327635327633,0.2293144208037825,0.03764640539884567,5.421839205193824,14.866673382269102,29.338987529126225,97,111,2,33.39200000002165,1.0,0.0,full_calibrated_frame,gray,21,3,False,48,18,"['r0c0', 'r0c1', 'r0c4', 'r0c5', 'r1c0', 'r1c1', 'r1c4', 'r1c5', 'r1c7', 'r2c4', 'r2c5', 'r3c4', 'r3c5', 'r4c4', 'r4c5', 'r5c1', 'r5c4', 'r5c5']",6,8,210.9133758544922,0,0,0,none,0.0,0.0,0.0
66,68,97,99,10.843860626220703,0.5571174621582031,78,0.18527315914489312,0.375,0.6333333333333333,0.5004619359970093,0.47651006711409394,0.05183437086802578,True,0.5284552845528455,False,"['insufficient_model_inlier_ratio_retained', 'insufficient_effective_inlier_ratio_detected', 'excessive_parallax_clusters']",skip,True,421,415,414,328,78,0.7790973871733967,0.23780487804878048,0.18527315914489312,0.07650543749332428,5.91049488411411,13.496485104321723,25.549361468475073,78,71,2,50.08800000001793,1.0,0.0,full_calibrated_frame,gray,21,3,False,48,18,"['r0c0', 'r0c1', 'r0c2', 'r0c3', 'r0c5', 'r0c6', 'r0c7', 'r1c2', 'r1c3', 'r2c0', 'r2c1', 'r2c2', 'r2c3', 'r2c5', 'r2c6', 'r2c7', 'r3c1', 'r3c3']",6,8,210.9133758544922,0,0,0,none,0.0,0.0,0.0
67,69,98,100,10.56805419921875,0.4417915344238281,87,0.20714285714285716,0.3958333333333333,0.675,0.4684792459011078,0.43870967741935485,0.05101614581063629,True,0.5930470347648262,False,"['insufficient_model_inlier_ratio_retained', 'insufficient_effective_inlier_ratio_detected']",skip,True,420,410,405,326,87,0.7761904761904762,0.2668711656441718,0.20714285714285716,0.06994275003671646,6.114595280393619,13.15719895709266,22.70594253262069,87,68,2,50.087999999988824,1.0,0.0,full_calibrated_frame,gray,21,3,False,48,19,"['r0c0', 'r0c1', 'r0c2', 'r0c3', 'r0c5', 'r0c6', 'r0c7', 'r1c2', 'r1c3', 'r2c0', 'r2c1', 'r2c2', 'r2c3', 'r2c5', 'r2c6', 'r2c7', 'r3c1', 'r3c2', 'r4c3']",6,8,210.9133758544922,0,0,0,none,0.0,0.0,0.0
68,70,99,101,14.983856201171875,-0.17784881591796875,86,0.21026894865525672,0.3333333333333333,0.9583333333333334,0.4616039991378784,0.5656565656565656,0.032406626790011606,True,0.5323429278861034,False,"['insufficient_model_inlier_ratio_retained', 'insufficient_effective_inlier_ratio_detected', 'excessive_parallax_clusters']",skip,True,409,402,402,359,86,0.8777506112469438,0.2395543175487465,0.21026894865525672,0.03152681142091751,4.8503056168991945,12.367607743196881,16.882034499199648,86,112,2,33.39199999999255,1.0,0.0,full_calibrated_frame,gray,21,3,False,48,16,"['r0c3', 'r0c4', 'r1c0', 'r1c3', 'r1c4', 'r1c6', 'r1c7', 'r2c3', 'r2c4', 'r3c3', 'r3c4', 'r4c4', 'r4c5', 'r5c1', 'r5c3', 'r5c4']",6,8,210.9133758544922,0,0,0,none,0.0,0.0,0.0
69,71,100,102,14.440757751464844,-0.4322547912597656,109,0.26014319809069214,0.3958333333333333,0.9666666666666667,0.3690831661224365,0.5321888412017167,0.03176975945796834,True,0.6357538641003208,False,"['insufficient_model_inlier_ratio_retained', 'excessive_parallax_clusters']",skip,True,419,415,413,381,109,0.9093078758949881,0.28608923884514437,0.26014319809069214,0.03157643601298332,4.445457136064389,13.486748566376196,17.114564060106666,109,124,2,33.39199999999255,1.0,0.0,full_calibrated_frame,gray,21,3,False,48,19,"['r0c0', 'r0c3', 'r0c4', 'r1c0', 'r1c1', 'r1c3', 'r1c4', 'r1c5', 'r1c6', 'r2c3', 'r2c4', 'r3c3', 'r3c4', 'r4c4', 'r4c5', 'r5c0', 'r5c1', 'r5c3', 'r5c4']",6,8,210.9133758544922,0,0,0,none,0.0,0.0,0.0
70,72,101,103,9.912277221679688,-0.3400421142578125,105,0.25485436893203883,0.4375,0.6958333333333333,0.45790672302246094,0.4,0.04585574937844783,True,0.6965174129353234,False,['insufficient_model_inlier_ratio_retained'],skip,True,412,406,402,335,105,0.8131067961165048,0.31343283582089554,0.25485436893203883,0.04855814203619957,4.792463750228297,11.502872535250747,11.761955471740396,105,70,2,50.08800000001793,1.0,0.0,full_calibrated_frame,gray,21,3,False,48,21,"['r0c0', 'r0c1', 'r0c2', 'r0c4', 'r0c5', 'r0c6', 'r0c7', 'r1c1', 'r1c2', 'r2c0', 'r2c1', 'r2c2', 'r2c4', 'r2c5', 'r2c6', 'r2c7', 'r3c1', 'r3c2', 'r3c7', 'r4c3', 'r4c7']",6,8,210.9133758544922,0,0,0,none,0.0,0.0,0.0
71,73,102,104,9.623931884765625,-0.065032958984375,97,0.23261390887290168,0.4375,0.7083333333333334,0.5201417207717896,0.4260355029585799,0.04454186192260856,True,0.6415343915343915,False,"['insufficient_model_inlier_ratio_retained', 'insufficient_effective_inlier_ratio_detected']",skip,True,417,412,408,336,97,0.8057553956834532,0.28869047619047616,0.23261390887290168,0.0469692200422287,4.838034834452101,11.174007799477353,13.757912255990814,97,72,2,50.08800000001793,1.0,0.0,full_calibrated_frame,gray,21,3,False,48,21,"['r0c0', 'r0c1', 'r0c2', 'r0c4', 'r0c5', 'r0c6', 'r0c7', 'r1c1', 'r1c2', 'r2c0', 'r2c1', 'r2c2', 'r2c4', 'r2c5', 'r2c6', 'r2c7', 'r3c0', 'r3c1', 'r3c7', 'r4c2', 'r4c7']",6,8,210.9133758544922,0,0,0,none,0.0,0.0,0.0
72,74,103,105,6.070304870605469,0.20926666259765625,133,0.30504587155963303,0.5208333333333334,0.7333333333333333,0.4799794852733612,0.48249027237354086,0.029102786365553968,True,0.7597829191659525,False,"['insufficient_model_inlier_ratio_retained', 'excessive_parallax_clusters']",skip,True,436,435,432,389,133,0.8922018348623854,0.34190231362467866,0.30504587155963303,0.03064679354429245,2.946750051017258,7.24196020966057,8.313064469346836,133,124,2,33.39199999999255,1.0,0.0,full_calibrated_frame,gray,21,3,False,48,25,"['r0c0', 'r0c1', 'r0c2', 'r0c3', 'r0c4', 'r0c5', 'r0c6', 'r0c7', 'r1c1', 'r1c2', 'r1c3', 'r2c0', 'r2c1', 'r2c2', 'r2c4', 'r2c5', 'r2c6', 'r2c7', 'r3c0', 'r3c1', 'r3c2', 'r3c7', 'r4c0', 'r4c5', 'r4c7']",6,8,210.9133758544922,0,0,0,none,0.0,0.0,0.0
73,75,104,106,6.054862976074219,0.20886993408203125,133,0.30930232558139537,0.5833333333333334,0.7375,0.3359363079071045,0.5163636363636364,0.028149641982288975,True,0.75589656152316,False,"['insufficient_model_inlier_ratio_retained', 'excessive_parallax_clusters']",skip,True,430,429,427,391,133,0.9093023255813953,0.340153452685422,0.30930232558139537,0.0291766244918108,2.9063740858194946,6.958545973887334,9.307266438050016,133,142,2,33.39199999999255,1.0,0.0,full_calibrated_frame,gray,21,3,False,48,28,"['r0c0', 'r0c1', 'r0c2', 'r0c3', 'r0c4', 'r0c5', 'r0c6', 'r0c7', 'r1c0', 'r1c1', 'r1c2', 'r1c3', 'r2c0', 'r2c1', 'r2c2', 'r2c4', 'r2c5', 'r2c6', 'r2c7', 'r3c0', 'r3c1', 'r3c2', 'r3c4', 'r3c5', 'r3c7', 'r4c0', 'r4c5', 'r4c7']",6,8,210.9133758544922,0,0,0,none,0.0,0.0,0.0
74,76,105,107,8.555068969726562,0.0898127555847168,107,0.2465437788018433,0.5416666666666666,0.6708333333333333,0.41095563769340515,0.42473118279569894,0.04074262573951759,True,0.6872190109184328,False,"['insufficient_model_inlier_ratio_retained', 'insufficient_effective_inlier_ratio_detected']",skip,True,434,421,408,346,107,0.7972350230414746,0.3092485549132948,0.2465437788018433,0.04166314750909805,4.493133643648672,10.460225589273564,19.35412651988435,107,79,2,50.08900000000722,1.0,0.0,full_calibrated_frame,gray,21,3,False,48,26,"['r0c0', 'r0c1', 'r0c2', 'r0c3', 'r0c4', 'r0c5', 'r0c6', 'r0c7', 'r1c0', 'r1c1', 'r1c2', 'r1c3', 'r2c0', 'r2c1', 'r2c2', 'r2c3', 'r2c4', 'r2c5', 'r2c6', 'r2c7', 'r3c0', 'r3c1', 'r3c3', 'r3c5', 'r3c7', 'r4c7']",6,8,210.9133758544922,0,0,0,none,0.0,0.0,0.0
75,77,106,108,8.3670654296875,-0.10013580322265625,103,0.23356009070294784,0.4583333333333333,0.6541666666666667,0.40084806084632874,0.44021739130434784,0.039838544277456145,True,0.6873540206873541,False,"['insufficient_model_inlier_ratio_retained', 'insufficient_effective_inlier_ratio_detected']",skip,True,441,429,412,333,103,0.7551020408163265,0.30930930930930933,0.23356009070294784,0.03744880110025406,4.729779957097706,10.410030977890543,15.570732180683514,103,81,2,50.08900000000722,1.0,0.0,full_calibrated_frame,gray,21,3,False,48,22,"['r0c0', 'r0c1', 'r0c3', 'r0c4', 'r0c5', 'r0c6', 'r0c7', 'r1c0', 'r1c1', 'r1c3', 'r2c0', 'r2c1', 'r2c3', 'r2c4', 'r2c5', 'r2c6', 'r2c7', 'r3c0', 'r3c1', 'r3c3', 'r3c7', 'r4c7']",6,8,210.9133758544922,0,0,0,none,0.0,0.0,0.0
76,78,107,109,8.129837036132812,-0.21011829376220703,119,0.27419354838709675,0.5,0.6916666666666667,0.38200363516807556,0.4251207729468599,0.03896661840466176,True,0.7325330871037242,False,['insufficient_model_inlier_ratio_retained'],skip,True,434,424,420,361,119,0.8317972350230415,0.3296398891966759,0.27419354838709675,0.04257594421505928,3.8875928220123894,10.016496473057751,14.99596442053149,119,88,2,50.087999999988824,1.0,0.0,full_calibrated_frame,gray,21,3,False,48,24,"['r0c0', 'r0c1', 'r0c3', 'r0c4', 'r0c5', 'r0c6', 'r0c7', 'r1c0', 'r1c1', 'r1c3', 'r2c0', 'r2c1', 'r2c3', 'r2c4', 'r2c5', 'r2c6', 'r2c7', 'r3c0', 'r3c1', 'r3c3', 'r3c4', 'r3c6', 'r3c7', 'r4c7']",6,8,210.9133758544922,0,0,0,none,0.0,0.0,0.0
77,79,108,110,7.899753570556641,-0.17898941040039062,125,0.2828054298642534,0.4791666666666667,0.6416666666666667,0.4113791286945343,0.40476190476190477,0.038690839773265595,True,0.7527853056308341,False,['insufficient_model_inlier_ratio_retained'],skip,True,442,431,423,369,125,0.834841628959276,0.33875338753387535,0.2828054298642534,0.03804370015859604,3.6964996776022003,9.761375029376888,16.02966274754979,125,85,2,50.087999999988824,1.0,0.0,full_calibrated_frame,gray,21,3,False,48,23,"['r0c0', 'r0c1', 'r0c3', 'r0c4', 'r0c5', 'r0c6', 'r0c7', 'r1c0', 'r1c1', 'r1c3', 'r2c0', 'r2c1', 'r2c3', 'r2c4', 'r2c5', 'r2c6', 'r2c7', 'r3c0', 'r3c1', 'r3c3', 'r3c4', 'r3c6', 'r3c7']",6,8,210.9133758544922,0,0,0,none,0.0,0.0,0.0
78,80,109,111,5.43548583984375,0.02669525146484375,168,0.38181818181818183,0.625,0.7416666666666667,0.3062630891799927,0.4527687296416938,0.024564049946456112,True,0.935672514619883,False,"['insufficient_model_inlier_ratio_retained', 'excessive_parallax_clusters']",skip,True,440,439,432,399,168,0.9068181818181819,0.42105263157894735,0.38181818181818183,0.01802753657102585,2.0898279903889416,5.998213386185155,8.594605557924273,168,139,2,33.39199999999255,1.0,0.0,full_calibrated_frame,gray,21,3,False,48,30,"['r0c0', 'r0c1', 'r0c3', 'r0c4', 'r0c5', 'r0c6', 'r0c7', 'r1c0', 'r1c1', 'r1c3', 'r2c0', 'r2c1', 'r2c3', 'r2c4', 'r2c5', 'r2c6', 'r2c7', 'r3c0', 'r3c1', 'r3c3', 'r3c4', 'r3c5', 'r3c6', 'r3c7', 'r4c0', 'r4c3', 'r4c4', 'r4c5', 'r4c6', 'r4c7']",6,8,210.9133758544922,0,0,0,none,0.0,0.0,0.0
79,81,110,112,7.56839656829834,0.14605712890625,126,0.2850678733031674,0.5208333333333334,0.6458333333333334,0.41261547803878784,0.43243243243243246,0.0350046901898724,True,0.7567567567567568,False,['insufficient_model_inlier_ratio_retained'],skip,True,442,439,432,370,126,0.8371040723981901,0.34054054054054056,0.2850678733031674,0.034166499972343445,3.825193392631924,9.170349971878718,12.293780993941342,126,96,2,50.087999999988824,1.0,0.0,full_calibrated_frame,gray,21,3,False,48,25,"['r0c0', 'r0c1', 'r0c2', 'r0c3', 'r0c4', 'r0c5', 'r0c6', 'r0c7', 'r1c0', 'r1c1', 'r1c3', 'r2c0', 'r2c1', 'r2c3', 'r2c4', 'r2c5', 'r2c6', 'r2c7', 'r3c0', 'r3c1', 'r3c3', 'r3c4', 'r3c5', 'r3c6', 'r3c7']",6,8,210.9133758544922,0,0,0,none,0.0,0.0,0.0
80,82,111,113,7.641233444213867,0.07680130004882812,123,0.27765237020316025,0.5208333333333334,0.7208333333333333,0.31202927231788635,0.47435897435897434,0.0349351587209672,True,0.7192982456140351,False,"['insufficient_model_inlier_ratio_retained', 'excessive_parallax_clusters']",skip,True,443,435,435,380,123,0.8577878103837472,0.3236842105263158,0.27765237020316025,0.029248714447021484,3.899272443085744,8.90440992533527,11.996540857878587,123,111,2,50.08800000001793,1.0,0.0,full_calibrated_frame,gray,21,3,False,48,25,"['r0c0', 'r0c1', 'r0c2', 'r0c3', 'r0c4', 'r0c5', 'r0c6', 'r0c7', 'r1c0', 'r1c1', 'r1c3', 'r2c0', 'r2c1', 'r2c3', 'r2c4', 'r2c5', 'r2c6', 'r2c7', 'r3c0', 'r3c1', 'r3c3', 'r3c5', 'r3c7', 'r4c5', 'r4c6']",6,8,210.9133758544922,0,0,0,none,0.0,0.0,0.0
81,83,112,114,5.2398834228515625,-0.151397705078125,178,0.4,0.6875,0.7708333333333334,0.2730758786201477,0.5014005602240896,0.023171900230621878,True,0.9065444359562006,False,"['insufficient_model_inlier_ratio_retained', 'excessive_parallax_clusters']",skip,True,445,441,440,415,178,0.9325842696629213,0.42891566265060244,0.4,0.02097257785499096,2.400162837394095,5.399601091504706,7.122645496003565,178,179,2,33.39200000002165,1.0,0.0,full_calibrated_frame,gray,21,3,False,48,33,"['r0c0', 'r0c1', 'r0c2', 'r0c3', 'r0c4', 'r0c5', 'r0c6', 'r0c7', 'r1c0', 'r1c1', 'r1c2', 'r1c3', 'r1c5', 'r1c6', 'r2c0', 'r2c2', 'r2c3', 'r2c4', 'r2c5', 'r2c6', 'r2c7', 'r3c0', 'r3c2', 'r3c3', 'r3c4', 'r3c5', 'r3c6', 'r3c7', 'r4c0', 'r4c3', 'r4c4', 'r4c5', 'r4c6']",6,8,210.9133758544922,0,0,0,none,0.0,0.0,0.0
82,84,113,115,6.8361968994140625,-0.31192779541015625,128,0.28193832599118945,0.5833333333333334,0.7083333333333334,0.39732789993286133,0.5223880597014925,0.031584471810449655,True,0.6988806988806988,False,"['insufficient_model_inlier_ratio_retained', 'excessive_parallax_clusters']",skip,True,454,448,444,407,128,0.8964757709251101,0.3144963144963145,0.28193832599118945,0.03491285815834999,3.971145299836504,8.159202584806033,9.491184232404429,128,140,2,50.087999999988824,1.0,0.0,full_calibrated_frame,gray,21,3,False,48,28,"['r0c0', 'r0c1', 'r0c2', 'r0c3', 'r0c4', 'r0c5', 'r0c6', 'r0c7', 'r1c0', 'r1c1', 'r1c2', 'r1c3', 'r2c0', 'r2c2', 'r2c3', 'r2c4', 'r2c5', 'r2c6', 'r2c7', 'r3c0', 'r3c2', 'r3c3', 'r3c4', 'r3c5', 'r3c6', 'r3c7', 'r4c4', 'r4c6']",6,8,210.9133758544922,0,0,0,none,0.0,0.0,0.0
83,85,114,116,6.747528076171875,-0.14423751831054688,134,0.29977628635346754,0.5625,0.7166666666666667,0.36795881390571594,0.5265017667844523,0.02978765962781771,True,0.7352537722908093,False,"['insufficient_model_inlier_ratio_retained', 'excessive_parallax_clusters']",skip,True,447,443,439,405,134,0.9060402684563759,0.3308641975308642,0.29977628635346754,0.028392435982823372,3.6238167244090653,7.631431926034132,9.494404351872895,134,149,2,50.087999999988824,1.0,0.0,full_calibrated_frame,gray,21,3,False,48,27,"['r0c0', 'r0c2', 'r0c3', 'r0c4', 'r0c5', 'r0c7', 'r1c0', 'r1c1', 'r1c2', 'r1c3', 'r2c0', 'r2c2', 'r2c3', 'r2c4', 'r2c5', 'r2c6', 'r2c7', 'r3c0', 'r3c2', 'r3c3', 'r3c4', 'r3c5', 'r3c6', 'r3c7', 'r4c3', 'r4c4', 'r4c6']",6,8,210.9133758544922,0,0,0,none,0.0,0.0,0.0
84,86,115,117,5.7948760986328125,0.2873191833496094,146,0.3295711060948081,0.5416666666666666,0.7208333333333333,0.3699593245983124,0.5244299674267101,0.027537825443553432,True,0.7971607971607972,False,"['insufficient_model_inlier_ratio_retained', 'excessive_parallax_clusters']",skip,True,443,442,439,407,146,0.9187358916478555,0.35872235872235875,0.3295711060948081,0.028287500143051147,3.71238383288482,7.412091166750982,8.651795442500887,146,161,2,50.087999999988824,1.0,0.0,full_calibrated_frame,gray,21,3,False,48,26,"['r0c0', 'r0c2', 'r0c3', 'r0c4', 'r0c5', 'r0c7', 'r1c0', 'r1c2', 'r1c3', 'r2c0', 'r2c2', 'r2c3', 'r2c4', 'r2c5', 'r2c6', 'r2c7', 'r3c0', 'r3c2', 'r3c3', 'r3c4', 'r3c5', 'r3c6', 'r3c7', 'r4c2', 'r4c4', 'r4c6']",6,8,210.9133758544922,0,0,0,none,0.0,0.0,0.0
85,87,116,118,5.773591995239258,0.1866607666015625,149,0.3348314606741573,0.5833333333333334,0.7333333333333333,0.3979097306728363,0.5162337662337663,0.02599496976499216,True,0.8236594803758982,False,"['insufficient_model_inlier_ratio_retained', 'excessive_parallax_clusters']",skip,True,445,443,435,402,149,0.903370786516854,0.3706467661691542,0.3348314606741573,0.024523276835680008,3.2308764439170865,6.747732101840894,8.01186935956625,149,159,2,50.087999999988824,1.0,0.0,full_calibrated_frame,gray,21,3,False,48,28,"['r0c0', 'r0c2', 'r0c3', 'r0c4', 'r0c5', 'r0c6', 'r0c7', 'r1c0', 'r1c2', 'r1c3', 'r2c0', 'r2c2', 'r2c3', 'r2c4', 'r2c5', 'r2c6', 'r2c7', 'r3c0', 'r3c2', 'r3c3', 'r3c4', 'r3c5', 'r3c6', 'r3c7', 'r4c0', 'r4c2', 'r4c4', 'r4c6']",6,8,210.9133758544922,0,0,0,none,0.0,0.0,0.0
86,88,117,119,4.197135925292969,-0.12037277221679688,203,0.46136363636363636,0.6875,0.95,0.2540469169616699,0.48081841432225064,0.016157531728627328,True,0.9439665194140896,False,['excessive_parallax_clusters'],skip,True,440,439,436,424,203,0.9636363636363636,0.47877358490566035,0.46136363636363636,0.013882555067539215,1.5511313520160144,3.5439108780830306,7.261907549115559,203,188,2,33.39200000002165,1.0,0.0,full_calibrated_frame,gray,21,3,False,48,33,"['r0c0', 'r0c2', 'r0c3', 'r0c4', 'r0c5', 'r0c6', 'r0c7', 'r1c0', 'r1c2', 'r1c3', 'r1c4', 'r1c5', 'r2c0', 'r2c2', 'r2c3', 'r2c4', 'r2c5', 'r2c6', 'r2c7', 'r3c0', 'r3c2', 'r3c3', 'r3c4', 'r3c5', 'r3c6', 'r3c7', 'r4c0', 'r4c2', 'r4c4', 'r4c5', 'r4c6', 'r5c2', 'r5c4']",6,8,210.9133758544922,0,0,0,none,0.0,0.0,0.0
87,89,118,120,9.315658569335938,0.003448486328125,169,0.39211136890951276,0.6458333333333334,0.9666666666666667,0.2380380928516388,0.5072886297376094,0.02189584252167931,True,0.8958388550225284,False,"['insufficient_model_inlier_ratio_retained', 'excessive_parallax_clusters']",skip,True,431,428,428,403,169,0.9350348027842227,0.41935483870967744,0.39211136890951276,0.01360625121742487,2.6191784061272276,6.017400843997225,11.069270174677122,169,174,2,50.08800000001793,1.0,0.0,full_calibrated_frame,gray,21,3,False,48,31,"['r0c0', 'r0c1', 'r0c6', 'r1c0', 'r1c1', 'r1c2', 'r1c3', 'r1c4', 'r1c6', 'r1c7', 'r2c0', 'r2c1', 'r2c7', 'r3c0', 'r3c1', 'r3c2', 'r3c6', 'r3c7', 'r4c1', 'r4c2', 'r4c3', 'r4c6', 'r4c7', 'r5c0', 'r5c1', 'r5c2', 'r5c3', 'r5c4', 'r5c5', 'r5c6', 'r5c7']",6,8,210.9133758544922,0,0,0,none,0.0,0.0,0.0
88,90,119,121,8.531143188476562,0.13361358642578125,185,0.42725173210161665,0.6458333333333334,0.9666666666666667,0.24759285151958466,0.5026881720430108,0.020860430083008197,True,0.9042033235581622,False,['excessive_parallax_clusters'],skip,True,433,430,428,411,185,0.9491916859122402,0.45012165450121655,0.42725173210161665,0.014342977665364742,1.9090907742785599,4.791203607462528,10.88056494346174,185,187,2,50.087999999988824,1.0,0.0,full_calibrated_frame,gray,21,3,False,48,31,"['r0c0', 'r0c1', 'r0c6', 'r0c7', 'r1c0', 'r1c1', 'r1c2', 'r1c3', 'r1c4', 'r1c6', 'r1c7', 'r2c0', 'r2c1', 'r2c7', 'r3c1', 'r3c2', 'r3c7', 'r4c0', 'r4c1', 'r4c2', 'r4c3', 'r4c6', 'r4c7', 'r5c0', 'r5c1', 'r5c2', 'r5c3', 'r5c4', 'r5c5', 'r5c6', 'r5c7']",6,8,210.9133758544922,0,0,0,none,0.0,0.0,0.0
89,91,120,122,7.828865051269531,-0.15795516967773438,191,0.45047169811320753,0.6666666666666666,0.9708333333333333,0.22807464003562927,0.49604221635883905,0.01924565990333771,True,0.9162868793475653,False,['excessive_parallax_clusters'],skip,True,424,422,419,406,191,0.9575471698113207,0.47044334975369456,0.45047169811320753,0.015421414747834206,1.660952261070408,4.4006377597499,9.633444275579002,191,188,2,50.087999999988824,1.0,0.0,full_calibrated_frame,gray,21,3,False,48,32,"['r0c0', 'r0c1', 'r0c3', 'r0c6', 'r1c0', 'r1c1', 'r1c2', 'r1c3', 'r1c4', 'r1c6', 'r1c7', 'r2c0', 'r2c1', 'r3c0', 'r3c1', 'r3c6', 'r3c7', 'r4c0', 'r4c1', 'r4c2', 'r4c3', 'r4c5', 'r4c6', 'r4c7', 'r5c0', 'r5c1', 'r5c2', 'r5c3', 'r5c4', 'r5c5', 'r5c6', 'r5c7']",6,8,210.9133758544922,0,0,0,none,0.0,0.0,0.0
90,92,121,123,7.521369934082031,-0.3534278869628906,200,0.46403712296983757,0.6666666666666666,0.9833333333333333,0.22643178701400757,0.49238578680203043,0.01669377814711126,True,0.9229349330872172,False,['excessive_parallax_clusters'],skip,True,431,429,426,412,200,0.9559164733178654,0.4854368932038835,0.46403712296983757,0.019353076815605164,1.5552272750759313,4.101938279952258,8.902781036403727,200,194,2,50.087999999988824,1.0,0.0,full_calibrated_frame,gray,21,3,False,48,32,"['r0c0', 'r0c1', 'r0c6', 'r1c0', 'r1c1', 'r1c2', 'r1c3', 'r1c4', 'r1c6', 'r1c7', 'r2c0', 'r2c1', 'r2c7', 'r3c0', 'r3c1', 'r3c6', 'r3c7', 'r4c0', 'r4c1', 'r4c2', 'r4c3', 'r4c5', 'r4c6', 'r4c7', 'r5c0', 'r5c1', 'r5c2', 'r5c3', 'r5c4', 'r5c5', 'r5c6', 'r5c7']",6,8,210.9133758544922,0,0,0,none,0.0,0.0,0.0
91,93,122,124,3.714752197265625,-0.15605926513671875,357,0.8263888888888888,1.0,0.9833333333333333,0.15144851803779602,0.13768115942028986,0.009401172990541218,True,1.0,True,[],skip,True,432,432,430,427,357,0.9884259259259259,0.8360655737704918,0.8263888888888888,0.007109285797923803,1.1280961468678479,1.7665601014361474,6.315912339009303,357,57,2,33.39199999999255,1.0,0.0,full_calibrated_frame,gray,21,3,False,48,48,"['r0c0', 'r0c1', 'r0c2', 'r0c3', 'r0c4', 'r0c5', 'r0c6', 'r0c7', 'r1c0', 'r1c1', 'r1c2', 'r1c3', 'r1c4', 'r1c5', 'r1c6', 'r1c7', 'r2c0', 'r2c1', 'r2c2', 'r2c3', 'r2c4', 'r2c5', 'r2c6', 'r2c7', 'r3c0', 'r3c1', 'r3c2', 'r3c3', 'r3c4', 'r3c5', 'r3c6', 'r3c7', 'r4c0', 'r4c1', 'r4c2', 'r4c3', 'r4c4', 'r4c5', 'r4c6', 'r4c7', 'r5c0', 'r5c1', 'r5c2', 'r5c3', 'r5c4', 'r5c5', 'r5c6', 'r5c7']",6,8,210.9133758544922,0,0,0,none,0.0,0.0,0.0
92,94,123,125,3.30560302734375,0.149322509765625,381,0.8778801843317973,1.0,0.9833333333333333,0.16748997569084167,0.07073170731707316,0.009260661769781908,True,1.0,True,[],skip,True,434,434,430,422,381,0.9723502304147466,0.9028436018957346,0.8778801843317973,0.007807070389389992,0.9929962341810639,1.6166487137422865,5.585727147684144,381,29,2,33.39200000002165,1.0,0.0,full_calibrated_frame,gray,21,3,False,48,48,"['r0c0', 'r0c1', 'r0c2', 'r0c3', 'r0c4', 'r0c5', 'r0c6', 'r0c7', 'r1c0', 'r1c1', 'r1c2', 'r1c3', 'r1c4', 'r1c5', 'r1c6', 'r1c7', 'r2c0', 'r2c1', 'r2c2', 'r2c3', 'r2c4', 'r2c5', 'r2c6', 'r2c7', 'r3c0', 'r3c1', 'r3c2', 'r3c3', 'r3c4', 'r3c5', 'r3c6', 'r3c7', 'r4c0', 'r4c1', 'r4c2', 'r4c3', 'r4c4', 'r4c5', 'r4c6', 'r4c7', 'r5c0', 'r5c1', 'r5c2', 'r5c3', 'r5c4', 'r5c5', 'r5c6', 'r5c7']",6,8,210.9133758544922,0,0,0,none,0.0,0.0,0.0
93,95,124,126,3.0026321411132812,0.2961769104003906,396,0.9145496535796767,1.0,0.9833333333333333,0.15086357295513153,0.05714285714285714,0.008945747948315486,True,1.0,True,[],skip,True,433,433,432,420,396,0.9699769053117783,0.9428571428571428,0.9145496535796767,0.010287623852491379,0.7769990128256773,1.5370244737403016,3.068955974056147,396,24,2,33.39200000002165,1.0,0.0,full_calibrated_frame,gray,21,3,False,48,48,"['r0c0', 'r0c1', 'r0c2', 'r0c3', 'r0c4', 'r0c5', 'r0c6', 'r0c7', 'r1c0', 'r1c1', 'r1c2', 'r1c3', 'r1c4', 'r1c5', 'r1c6', 'r1c7', 'r2c0', 'r2c1', 'r2c2', 'r2c3', 'r2c4', 'r2c5', 'r2c6', 'r2c7', 'r3c0', 'r3c1', 'r3c2', 'r3c3', 'r3c4', 'r3c5', 'r3c6', 'r3c7', 'r4c0', 'r4c1', 'r4c2', 'r4c3', 'r4c4', 'r4c5', 'r4c6', 'r4c7', 'r5c0', 'r5c1', 'r5c2', 'r5c3', 'r5c4', 'r5c5', 'r5c6', 'r5c7']",6,8,210.9133758544922,0,0,0,none,0.0,0.0,0.0
94,96,125,127,3.827545166015625,0.200836181640625,319,0.7299771167048055,0.9583333333333334,0.975,0.1804027259349823,0.20843672456575682,0.011147961642289372,True,1.0,True,[],skip,True,437,437,435,423,319,0.9679633867276888,0.7541371158392435,0.7299771167048055,0.009735574945807457,1.150782559666662,2.168506465747354,4.279948803205577,319,84,2,50.087999999988824,1.0,0.0,full_calibrated_frame,gray,21,3,False,48,46,"['r0c0', 'r0c1', 'r0c2', 'r0c3', 'r0c4', 'r0c5', 'r0c6', 'r0c7', 'r1c0', 'r1c1', 'r1c2', 'r1c3', 'r1c4', 'r1c5', 'r1c6', 'r1c7', 'r2c0', 'r2c1', 'r2c3', 'r2c4', 'r2c5', 'r2c6', 'r2c7', 'r3c0', 'r3c1', 'r3c3', 'r3c4', 'r3c5', 'r3c6', 'r3c7', 'r4c0', 'r4c1', 'r4c2', 'r4c3', 'r4c4', 'r4c5', 'r4c6', 'r4c7', 'r5c0', 'r5c1', 'r5c2', 'r5c3', 'r5c4', 'r5c5', 'r5c6', 'r5c7']",6,8,210.9133758544922,0,0,0,none,0.0,0.0,0.0
95,97,126,128,3.597747802734375,0.022686004638671875,388,0.8818181818181818,1.0,0.9875,0.1676114797592163,0.06506024096385542,0.009823544950260388,True,1.0,True,[],skip,True,440,440,438,431,388,0.9795454545454545,0.9002320185614849,0.8818181818181818,0.006475899834185839,1.0087311883937913,1.8697933699421252,3.811615308410225,388,27,2,50.087999999988824,1.0,0.0,full_calibrated_frame,gray,21,3,False,48,48,"['r0c0', 'r0c1', 'r0c2', 'r0c3', 'r0c4', 'r0c5', 'r0c6', 'r0c7', 'r1c0', 'r1c1', 'r1c2', 'r1c3', 'r1c4', 'r1c5', 'r1c6', 'r1c7', 'r2c0', 'r2c1', 'r2c2', 'r2c3', 'r2c4', 'r2c5', 'r2c6', 'r2c7', 'r3c0', 'r3c1', 'r3c2', 'r3c3', 'r3c4', 'r3c5', 'r3c6', 'r3c7', 'r4c0', 'r4c1', 'r4c2', 'r4c3', 'r4c4', 'r4c5', 'r4c6', 'r4c7', 'r5c0', 'r5c1', 'r5c2', 'r5c3', 'r5c4', 'r5c5', 'r5c6', 'r5c7']",6,8,210.9133758544922,0,0,0,none,0.0,0.0,0.0
0,4,31,35,4.457359313964844,-0.31964874267578125,191,0.4360730593607306,0.625,0.9333333333333333,0.3137892484664917,0.4664804469273743,0.015528623956451493,True,0.9700355510411377,False,['excessive_parallax_clusters'],skip,True,438,436,436,405,191,0.9246575342465754,0.47160493827160493,0.4360730593607306,0.01454594824463129,1.623389410507738,4.146599027207718,8.265758074147575,191,167,4,100.17600000000675,1.0,0.0,full_calibrated_frame,gray,21,3,False,48,30,"['r0c0', 'r0c2', 'r0c5', 'r0c6', 'r0c7', 'r1c2', 'r1c6', 'r1c7', 'r2c0', 'r2c2', 'r2c3', 'r2c4', 'r2c5', 'r2c6', 'r2c7', 'r3c2', 'r3c3', 'r3c4', 'r3c5', 'r3c6', 'r3c7', 'r4c2', 'r4c3', 'r4c4', 'r4c5', 'r4c6', 'r4c7', 'r5c5', 'r5c6', 'r5c7']",6,8,210.9133758544922,0,0,0,none,0.0,0.0,0.0
1,5,32,36,7.6814422607421875,0.04653167724609375,188,0.42058165548098436,0.6041666666666666,0.9583333333333334,0.2682245671749115,0.4891304347826087,0.016978609441439585,True,0.9288537549407114,False,['excessive_parallax_clusters'],skip,True,447,436,436,406,188,0.9082774049217002,0.4630541871921182,0.42058165548098436,0.012739975936710835,1.8078279602751546,6.894882495052743,10.097684688254374,188,180,4,83.48000000001048,1.0,0.0,full_calibrated_frame,gray,21,3,False,48,29,"['r0c0', 'r0c1', 'r0c2', 'r0c3', 'r0c4', 'r0c5', 'r1c0', 'r1c1', 'r1c2', 'r1c3', 'r1c4', 'r1c5', 'r1c7', 'r2c0', 'r2c1', 'r3c0', 'r3c1', 'r4c0', 'r4c1', 'r4c6', 'r4c7', 'r5c0', 'r5c1', 'r5c2', 'r5c3', 'r5c4', 'r5c5', 'r5c6', 'r5c7']",6,8,210.9133758544922,0,0,0,none,0.0,0.0,0.0
2,6,33,37,11.743988037109375,-0.41845703125,135,0.31105990783410137,0.5,0.9583333333333334,0.3320130407810211,0.47470817120622566,0.025998513625110076,True,0.8064516129032258,False,"['insufficient_model_inlier_ratio_retained', 'excessive_parallax_clusters']",skip,True,434,421,420,372,135,0.8571428571428571,0.3629032258064516,0.31105990783410137,0.022982150316238403,3.245958901406618,10.121555225675468,12.577756693546382,135,122,4,100.17600000000675,1.0,0.0,full_calibrated_frame,gray,21,3,False,48,24,"['r0c0', 'r0c1', 'r0c2', 'r0c3', 'r0c4', 'r0c5', 'r1c0', 'r1c1', 'r1c2', 'r1c4', 'r1c5', 'r1c7', 'r2c0', 'r2c1', 'r3c0', 'r3c1', 'r4c0', 'r4c1', 'r5c0', 'r5c1', 'r5c2', 'r5c3', 'r5c4', 'r5c5']",6,8,210.9133758544922,0,0,0,none,0.0,0.0,0.0
3,7,34,38,13.360771179199219,-0.5017299652099609,137,0.3215962441314554,0.5208333333333334,0.95,0.3892495632171631,0.44308943089430897,0.029801039678497676,True,0.80754494547598,False,['insufficient_model_inlier_ratio_retained'],skip,True,426,418,414,377,137,0.8849765258215962,0.363395225464191,0.3215962441314554,0.02811444364488125,3.2357412825785596,8.382737607961223,15.276322428925361,137,109,4,100.17600000000675,1.0,0.0,full_calibrated_frame,gray,21,3,False,48,25,"['r0c0', 'r0c1', 'r0c2', 'r0c3', 'r0c4', 'r0c5', 'r1c0', 'r1c1', 'r1c2', 'r1c3', 'r1c4', 'r1c5', 'r1c7', 'r2c0', 'r2c1', 'r3c0', 'r3c1', 'r4c0', 'r4c1', 'r5c0', 'r5c1', 'r5c2', 'r5c3', 'r5c4', 'r5c5']",6,8,210.9133758544922,0,0,0,none,0.0,0.0,0.0
4,8,35,39,17.16555404663086,-0.159027099609375,101,0.23990498812351543,0.3958333333333333,0.95,0.39826762676239014,0.4846938775510204,0.03776479656772047,True,0.6166056166056166,False,"['insufficient_model_inlier_ratio_retained', 'insufficient_effective_inlier_ratio_detected', 'excessive_parallax_clusters']",skip,True,421,413,411,364,101,0.8646080760095012,0.2774725274725275,0.23990498812351543,0.03099297732114792,4.525143027808967,15.52914209786251,20.44404882929213,101,95,4,100.17599999997765,1.0,0.0,full_calibrated_frame,gray,21,3,False,48,19,"['r0c0', 'r0c1', 'r0c2', 'r0c3', 'r0c4', 'r1c0', 'r1c1', 'r1c3', 'r1c4', 'r2c0', 'r2c1', 'r3c0', 'r3c1', 'r4c1', 'r5c0', 'r5c1', 'r5c2', 'r5c3', 'r5c4']",6,8,210.9133758544922,0,0,0,none,0.0,0.0,0.0
5,9,36,40,18.508209228515625,0.2050037384033203,100,0.228310502283105,0.4166666666666667,0.9541666666666667,0.3501377999782562,0.45652173913043476,0.04140538284581852,True,0.60882800608828,False,"['insufficient_model_inlier_ratio_retained', 'insufficient_effective_inlier_ratio_detected', 'excessive_parallax_clusters']",skip,True,438,431,428,365,100,0.8333333333333334,0.273972602739726,0.228310502283105,0.035752613097429276,5.142681959397275,16.793952428659846,20.467754577748824,100,84,4,100.17600000000675,1.0,0.0,full_calibrated_frame,gray,21,3,False,48,20,"['r0c0', 'r0c1', 'r0c2', 'r0c3', 'r0c4', 'r1c0', 'r1c1', 'r1c2', 'r1c3', 'r2c0', 'r2c1', 'r3c0', 'r3c1', 'r4c0', 'r4c1', 'r5c0', 'r5c1', 'r5c2', 'r5c3', 'r5c4']",6,8,210.9133758544922,0,0,0,none,0.0,0.0,0.0
6,10,37,41,18.014198303222656,0.6591758728027344,89,0.20794392523364486,0.3958333333333333,0.9583333333333334,0.34018662571907043,0.48554913294797686,0.04049043535757757,True,0.5666985036612543,False,"['insufficient_model_inlier_ratio_retained', 'insufficient_effective_inlier_ratio_detected', 'excessive_parallax_clusters']",skip,True,428,424,419,349,89,0.8154205607476636,0.25501432664756446,0.20794392523364486,0.032124463468790054,4.774945924726901,13.138837832322904,20.69076500702648,89,84,4,83.48000000001048,1.0,0.0,full_calibrated_frame,gray,21,3,False,48,19,"['r0c0', 'r0c1', 'r0c2', 'r0c3', 'r0c4', 'r1c0', 'r1c1', 'r1c2', 'r2c0', 'r2c1', 'r3c0', 'r3c1', 'r4c0', 'r4c1', 'r5c0', 'r5c1', 'r5c2', 'r5c3', 'r5c4']",6,8,210.9133758544922,0,0,0,none,0.0,0.0,0.0
7,11,38,42,24.664577960968018,0.31533050537109375,73,0.16820276497695852,0.3125,0.9541666666666667,0.3799113631248474,0.5133333333333333,0.055210409331890364,True,0.4569640062597809,False,"['insufficient_model_inlier_ratio_retained', 'insufficient_effective_inlier_ratio_detected', 'excessive_parallax_clusters']",skip,True,434,430,418,355,73,0.8179723502304147,0.2056338028169014,0.16820276497695852,0.04975832626223564,6.2000828299209685,20.613661460796873,27.107884533722157,73,77,4,100.17600000000675,1.0,0.0,full_calibrated_frame,gray,21,3,False,48,15,"['r0c0', 'r0c1', 'r1c0', 'r1c1', 'r1c4', 'r2c0', 'r2c1', 'r3c0', 'r3c1', 'r4c0', 'r4c1', 'r5c0', 'r5c1', 'r5c3', 'r5c4']",6,8,210.9133758544922,0,0,0,none,0.0,0.0,0.0
8,12,39,43,22.66391944885254,-0.30255126953125,81,0.18202247191011237,0.3958333333333333,0.9333333333333333,0.4485583007335663,0.4489795918367347,0.05148805269351964,True,0.5247813411078717,False,"['insufficient_model_inlier_ratio_retained', 'insufficient_effective_inlier_ratio_detected']",skip,True,445,434,431,343,81,0.7707865168539326,0.23615160349854228,0.18202247191011237,0.04879087582230568,5.438663551265791,18.113444177780828,26.162605337380796,81,66,4,83.48000000001048,1.0,0.0,full_calibrated_frame,gray,21,3,False,48,19,"['r0c0', 'r0c1', 'r0c2', 'r0c3', 'r0c4', 'r0c5', 'r1c0', 'r1c1', 'r2c0', 'r2c1', 'r3c0', 'r3c1', 'r4c0', 'r4c1', 'r5c0', 'r5c1', 'r5c2', 'r5c3', 'r5c4']",6,8,210.9133758544922,0,0,0,none,0.0,0.0,0.0
9,13,40,44,10.94771957397461,-0.5183076858520508,74,0.17011494252873563,0.3333333333333333,0.6,0.478001207113266,0.4965986394557823,0.055295934236631594,True,0.48366013071895425,False,"['insufficient_model_inlier_ratio_retained', 'insufficient_effective_inlier_ratio_detected', 'excessive_parallax_clusters']",skip,True,435,414,409,340,74,0.7816091954022989,0.21764705882352942,0.17011494252873563,0.06480231881141663,7.3321051915904505,14.408609704117584,15.935665724040142,74,73,4,83.47999999998137,1.0,0.0,full_calibrated_frame,gray,21,3,False,48,16,"['r0c5', 'r0c6', 'r0c7', 'r1c3', 'r1c6', 'r1c7', 'r2c2', 'r2c3', 'r2c4', 'r2c5', 'r2c6', 'r2c7', 'r3c2', 'r3c4', 'r3c5', 'r3c6']",6,8,210.9133758544922,0,0,0,none,0.0,0.0,0.0
10,14,41,45,14.491256713867188,-0.17711257934570312,58,0.13122171945701358,0.3125,0.6041666666666666,0.4856340289115906,0.46296296296296297,0.0729964806315141,True,0.4325130499627144,False,"['insufficient_model_inlier_ratio_retained', 'insufficient_effective_inlier_ratio_detected', 'excessive_parallax_clusters']",skip,True,442,409,405,298,58,0.6742081447963801,0.19463087248322147,0.13122171945701358,0.06926542520523071,10.235171075613877,18.89639770814689,20.23376528045457,58,50,4,100.17599999997765,1.0,0.0,full_calibrated_frame,gray,21,3,False,48,15,"['r0c5', 'r0c6', 'r0c7', 'r1c1', 'r1c5', 'r1c7', 'r2c2', 'r2c3', 'r2c4', 'r2c5', 'r2c6', 'r2c7', 'r3c2', 'r3c5', 'r3c6']",6,8,210.9133758544922,0,0,0,none,0.0,0.0,0.0
11,15,42,46,26.667251586914062,0.1900615692138672,58,0.1358313817330211,0.2916666666666667,0.8708333333333333,0.5325261354446411,0.5,0.06549543889302034,True,0.4212055192447349,False,"['insufficient_model_inlier_ratio_retained', 'insufficient_effective_inlier_ratio_detected', 'excessive_parallax_clusters']",skip,True,427,404,396,306,58,0.7166276346604216,0.1895424836601307,0.1358313817330211,0.08747465908527374,6.154243632038906,26.2665971473806,30.67476073751856,58,58,4,83.48000000001048,1.0,0.0,full_calibrated_frame,gray,21,3,False,48,14,"['r0c1', 'r0c2', 'r0c3', 'r0c4', 'r1c1', 'r1c3', 'r2c1', 'r3c1', 'r4c7', 'r5c1', 'r5c2', 'r5c4', 'r5c5', 'r5c7']",6,8,210.9133758544922,0,0,0,none,0.0,0.0,0.0
12,16,43,47,32.103271484375,-0.01751708984375,42,0.0988235294117647,0.1875,0.8166666666666667,0.47170716524124146,0.5,0.0839150362427824,True,0.3825136612021858,False,"['insufficient_model_inlier_ratio_retained', 'insufficient_effective_inlier_ratio_detected', 'insufficient_grid_coverage', 'excessive_parallax_clusters']",skip,True,425,394,368,244,42,0.5741176470588235,0.1721311475409836,0.0988235294117647,0.10165144503116608,6.1262959813413325,29.855528826847213,36.862239476761964,42,42,4,100.17600000000675,1.0,0.0,full_calibrated_frame,gray,21,3,False,48,9,"['r0c4', 'r3c1', 'r4c5', 'r4c6', 'r4c7', 'r5c4', 'r5c5', 'r5c6', 'r5c7']",6,8,210.9133758544922,0,0,0,none,0.0,0.0,0.0
13,17,44,48,17.812408447265625,-0.17845916748046875,49,0.11529411764705882,0.2708333333333333,0.6208333333333333,0.593928337097168,0.4842105263157895,0.08805162193092408,True,0.4286964129483814,False,"['insufficient_model_inlier_ratio_retained', 'insufficient_effective_inlier_ratio_detected', 'excessive_parallax_clusters']",skip,True,425,392,381,254,49,0.5976470588235294,0.19291338582677164,0.11529411764705882,0.11555825173854828,10.026977740344588,20.50585701936588,30.944502022128646,49,46,4,100.17600000000675,1.0,0.0,full_calibrated_frame,gray,21,3,False,48,13,"['r0c5', 'r0c6', 'r0c7', 'r2c2', 'r2c3', 'r2c4', 'r2c5', 'r2c6', 'r2c7', 'r3c1', 'r3c2', 'r3c5', 'r3c6']",6,8,210.9133758544922,0,0,0,none,0.0,0.0,0.0
14,18,45,49,15.91213607788086,-0.7250289916992188,64,0.14780600461893764,0.3125,0.6125,0.5898666977882385,0.4576271186440678,0.07684609754025729,True,0.49211841599384853,False,"['insufficient_model_inlier_ratio_retained', 'insufficient_effective_inlier_ratio_detected', 'excessive_parallax_clusters']",skip,True,433,397,394,289,64,0.6674364896073903,0.22145328719723184,0.14780600461893764,0.09062067419290543,8.691358620639184,17.324206018826622,18.88865112746791,64,54,4,83.48000000001048,1.0,0.0,full_calibrated_frame,gray,21,3,False,48,15,"['r0c5', 'r0c6', 'r0c7', 'r1c5', 'r1c6', 'r1c7', 'r2c1', 'r2c2', 'r2c3', 'r2c4', 'r2c5', 'r2c6', 'r2c7', 'r3c2', 'r3c5']",6,8,210.9133758544922,0,0,0,none,0.0,0.0,0.0
15,19,46,50,20.216529846191406,-0.66680908203125,53,0.125,0.22916666666666666,0.6125,0.5932832360267639,0.4111111111111111,0.09760146335061992,True,0.48072562358276644,False,"['insufficient_model_inlier_ratio_retained', 'insufficient_effective_inlier_ratio_detected', 'insufficient_grid_coverage']",skip,True,424,376,373,245,53,0.5778301886792453,0.2163265306122449,0.125,0.12104354798793793,10.981854906689538,21.33172065893387,36.67305185808907,53,37,4,100.17599999997765,1.0,0.0,full_calibrated_frame,gray,21,3,False,48,11,"['r0c5', 'r0c6', 'r0c7', 'r2c1', 'r2c2', 'r2c3', 'r2c4', 'r2c5', 'r3c1', 'r3c2', 'r3c5']",6,8,210.9133758544922,0,0,0,none,0.0,0.0,0.0
16,20,47,51,17.51551055908203,-0.3363380432128906,55,0.1244343891402715,0.3333333333333333,0.6166666666666667,0.599693775177002,0.4444444444444444,0.08534954341007939,True,0.45435770342833537,False,"['insufficient_model_inlier_ratio_retained', 'insufficient_effective_inlier_ratio_detected']",skip,True,442,399,390,269,55,0.6085972850678733,0.20446096654275092,0.1244343891402715,0.09752786159515381,9.393216021811515,18.816889811472425,23.42443013354209,55,44,4,83.47999999998137,1.0,0.0,full_calibrated_frame,gray,21,3,False,48,16,"['r0c4', 'r0c5', 'r0c6', 'r0c7', 'r1c6', 'r1c7', 'r2c1', 'r2c2', 'r2c3', 'r2c4', 'r2c5', 'r2c7', 'r3c1', 'r3c2', 'r3c4', 'r3c5']",6,8,210.9133758544922,0,0,0,none,0.0,0.0,0.0
17,21,48,52,17.843963623046875,-0.10040283203125,45,0.10022271714922049,0.3333333333333333,0.5875,0.5596613883972168,0.5108695652173914,0.08720620293910775,True,0.3831417624521073,False,"['insufficient_model_inlier_ratio_retained', 'insufficient_effective_inlier_ratio_detected', 'excessive_parallax_clusters']",skip,True,449,405,397,261,45,0.5812917594654788,0.1724137931034483,0.10022271714922049,0.10068449378013611,9.73164021009252,19.69835118836775,30.81937077829235,45,47,4,83.48000000001048,1.0,0.0,full_calibrated_frame,gray,21,3,False,48,16,"['r0c4', 'r0c5', 'r0c6', 'r1c2', 'r1c6', 'r1c7', 'r2c1', 'r2c2', 'r2c4', 'r2c5', 'r2c6', 'r2c7', 'r3c1', 'r3c2', 'r3c4', 'r3c5']",6,8,210.9133758544922,0,0,0,none,0.0,0.0,0.0
18,22,49,53,33.60201644897461,0.1189422607421875,36,0.08372093023255814,0.1875,0.16666666666666666,0.6334668397903442,0.4782608695652174,0.10845793970674611,True,0.33488372093023255,False,"['insufficient_model_inlier_ratio_retained', 'insufficient_effective_inlier_ratio_detected', 'insufficient_grid_coverage', 'insufficient_vertical_span', 'excessive_parallax_clusters']",skip,True,430,383,371,237,36,0.5511627906976744,0.1518987341772152,0.08372093023255814,0.14085783064365387,8.16050466305105,43.93529662707501,48.91211110312306,36,33,4,100.17600000000675,1.0,0.0,full_calibrated_frame,gray,21,3,False,48,9,"['r3c2', 'r3c3', 'r3c6', 'r4c1', 'r4c2', 'r4c3', 'r4c5', 'r4c6', 'r4c7']",6,8,210.9133758544922,0,0,0,none,0.0,0.0,0.0
19,23,50,54,18.72284698486328,0.04484987258911133,48,0.11009174311926606,0.2708333333333333,0.6291666666666667,0.5913312435150146,0.4725274725274725,0.09293148595051953,True,0.40100250626566414,False,"['insufficient_model_inlier_ratio_retained', 'insufficient_effective_inlier_ratio_detected', 'excessive_parallax_clusters']",skip,True,436,408,402,266,48,0.6100917431192661,0.18045112781954886,0.11009174311926606,0.12044793367385864,9.845079470647457,20.305644960979187,32.30070697826351,48,43,4,83.48000000001048,1.0,0.0,full_calibrated_frame,gray,21,3,False,48,13,"['r0c3', 'r0c4', 'r0c5', 'r0c6', 'r1c7', 'r2c0', 'r2c1', 'r2c2', 'r2c4', 'r2c5', 'r2c6', 'r3c1', 'r3c4']",6,8,210.9133758544922,0,0,0,none,0.0,0.0,0.0
20,24,51,55,19.335464477539062,0.03457450866699219,52,0.11791383219954649,0.2916666666666667,0.625,0.5895049571990967,0.4639175257731959,0.09529334022433389,True,0.4112297350731514,False,"['insufficient_model_inlier_ratio_retained', 'insufficient_effective_inlier_ratio_detected', 'excessive_parallax_clusters']",skip,True,441,408,402,281,52,0.63718820861678,0.18505338078291814,0.11791383219954649,0.10982101410627365,10.039305991121372,19.501251675126635,33.77807737620249,52,45,4,83.48000000001048,1.0,0.0,full_calibrated_frame,gray,21,3,False,48,14,"['r0c3', 'r0c4', 'r0c5', 'r0c6', 'r1c7', 'r2c0', 'r2c1', 'r2c2', 'r2c4', 'r2c5', 'r2c6', 'r3c0', 'r3c1', 'r3c4']",6,8,210.9133758544922,0,0,0,none,0.0,0.0,0.0
21,25,52,56,23.072866439819336,0.3311195373535156,36,0.07964601769911504,0.20833333333333334,0.525,0.5599804520606995,0.5263157894736842,0.11847225235808756,True,0.3185840707964602,False,"['insufficient_model_inlier_ratio_retained', 'insufficient_effective_inlier_ratio_detected', 'insufficient_grid_coverage', 'excessive_parallax_clusters']",skip,True,452,413,412,237,36,0.5243362831858407,0.1518987341772152,0.07964601769911504,0.1369653344154358,14.765644740662399,34.62445684893281,36.93040365134274,36,40,4,100.17599999997765,1.0,0.0,full_calibrated_frame,gray,21,3,False,48,10,"['r0c3', 'r0c4', 'r0c5', 'r0c6', 'r1c6', 'r2c0', 'r2c1', 'r2c2', 'r2c4', 'r3c1']",6,8,210.9133758544922,0,0,0,none,0.0,0.0,0.0
22,26,53,57,20.43768310546875,0.3740043640136719,53,0.12128146453089245,0.2708333333333333,0.6125,0.5616916418075562,0.3977272727272727,0.10187060731392111,True,0.4636920384951881,False,"['insufficient_model_inlier_ratio_retained', 'insufficient_effective_inlier_ratio_detected']",skip,True,437,400,392,254,53,0.5812356979405034,0.20866141732283464,0.12128146453089245,0.10192525386810303,10.352259832389098,20.535543458978058,54.295384453561475,53,35,4,83.47999999998137,1.0,0.0,full_calibrated_frame,gray,21,3,False,48,13,"['r0c3', 'r0c4', 'r0c5', 'r0c6', 'r1c6', 'r2c0', 'r2c1', 'r2c2', 'r2c3', 'r2c5', 'r2c6', 'r3c1', 'r3c3']",6,8,210.9133758544922,0,0,0,none,0.0,0.0,0.0
23,27,54,58,44.681488037109375,0.325469970703125,29,0.0651685393258427,0.25,0.6541666666666667,0.5693225860595703,0.5,0.12525591950370352,True,0.2606741573033708,False,"['insufficient_model_inlier_ratio_retained', 'insufficient_effective_inlier_ratio_detected', 'excessive_parallax_clusters']",skip,True,445,402,391,208,29,0.46741573033707867,0.13942307692307693,0.0651685393258427,0.12890662252902985,8.835235109401266,56.599396563894686,76.91077993615835,29,29,4,100.17699999999604,1.0,0.0,full_calibrated_frame,gray,21,3,False,48,12,"['r1c2', 'r4c2', 'r4c3', 'r4c4', 'r4c5', 'r4c6', 'r4c7', 'r5c3', 'r5c4', 'r5c5', 'r5c6', 'r5c7']",6,8,210.9133758544922,0,0,0,none,0.0,0.0,0.0
24,28,55,59,25.072664260864258,0.09150123596191406,32,0.07289293849658314,0.20833333333333334,0.4875,0.6516641974449158,0.4838709677419355,0.12731041386868086,True,0.29157175398633256,False,"['insufficient_model_inlier_ratio_retained', 'insufficient_effective_inlier_ratio_detected', 'insufficient_grid_coverage', 'excessive_parallax_clusters']",skip,True,439,399,388,221,32,0.5034168564920274,0.14479638009049775,0.07289293849658314,0.15002959966659546,19.032829693101792,36.42146151024891,57.83839225908254,32,30,4,100.17699999999604,1.0,0.0,full_calibrated_frame,gray,21,3,False,48,10,"['r0c2', 'r0c3', 'r0c4', 'r0c5', 'r1c3', 'r2c1', 'r2c2', 'r2c4', 'r2c6', 'r3c1']",6,8,210.9133758544922,0,0,0,none,0.0,0.0,0.0
25,29,56,60,38.84864807128906,-0.2363739013671875,39,0.0896551724137931,0.20833333333333334,0.6708333333333333,0.5461389422416687,0.5,0.10732232210552062,True,0.3586206896551724,False,"['insufficient_model_inlier_ratio_retained', 'insufficient_effective_inlier_ratio_detected', 'insufficient_grid_coverage', 'excessive_parallax_clusters']",skip,True,435,409,379,235,39,0.5402298850574713,0.16595744680851063,0.0896551724137931,0.14689123630523682,7.336207041756268,52.401827831263724,76.07663329679819,39,39,4,83.48099999999977,1.0,0.0,full_calibrated_frame,gray,21,3,False,48,10,"['r1c2', 'r4c1', 'r4c3', 'r4c4', 'r4c5', 'r4c6', 'r5c3', 'r5c4', 'r5c6', 'r5c7']",6,8,210.9133758544922,0,0,0,none,0.0,0.0,0.0
26,30,57,61,48.0029296875,-0.2198638916015625,33,0.07158351409978309,0.20833333333333334,0.14166666666666666,0.6130169034004211,0.46774193548387094,0.13106614406473385,True,0.28633405639913234,False,"['insufficient_fb_retention_ratio', 'insufficient_model_inlier_ratio_retained', 'insufficient_effective_inlier_ratio_detected', 'insufficient_grid_coverage', 'insufficient_vertical_span', 'excessive_parallax_clusters']",skip,True,461,437,406,207,33,0.4490238611713666,0.15942028985507245,0.07158351409978309,0.1327049881219864,8.735879224597626,58.10695015784841,67.7762641217758,33,29,4,100.17700000002515,1.0,0.0,full_calibrated_frame,gray,21,3,False,48,10,"['r4c1', 'r4c3', 'r4c4', 'r4c5', 'r4c6', 'r5c2', 'r5c3', 'r5c4', 'r5c5', 'r5c6']",6,8,210.9133758544922,0,0,0,none,0.0,0.0,0.0
27,31,58,62,40.75770568847656,-0.1139678955078125,39,0.08405172413793104,0.2708333333333333,0.7,0.5740377306938171,0.5125,0.1115396267866697,True,0.33620689655172414,False,"['insufficient_model_inlier_ratio_retained', 'insufficient_effective_inlier_ratio_detected', 'excessive_parallax_clusters']",skip,True,464,442,419,244,39,0.5258620689655172,0.1598360655737705,0.08405172413793104,0.13903066515922546,7.6842704595886655,51.78807141104533,57.6807267425131,39,41,4,83.48000000001048,1.0,0.0,full_calibrated_frame,gray,21,3,False,48,13,"['r1c1', 'r4c1', 'r4c2', 'r4c3', 'r4c4', 'r4c5', 'r4c6', 'r5c2', 'r5c3', 'r5c4', 'r5c5', 'r5c6', 'r5c7']",6,8,210.9133758544922,0,0,0,none,0.0,0.0,0.0
28,32,59,63,41.66770935058594,-0.0578460693359375,38,0.08351648351648351,0.22916666666666666,0.14583333333333334,0.5493006110191345,0.5064935064935064,0.11178075340559585,True,0.33406593406593404,False,"['insufficient_model_inlier_ratio_retained', 'insufficient_effective_inlier_ratio_detected', 'insufficient_grid_coverage', 'insufficient_vertical_span', 'excessive_parallax_clusters']",skip,True,455,430,401,237,38,0.5208791208791209,0.16033755274261605,0.08351648351648351,0.12752583622932434,8.540520350167288,52.837056886844245,58.59507199425512,38,39,4,83.48000000001048,1.0,0.0,full_calibrated_frame,gray,21,3,False,48,11,"['r4c1', 'r4c2', 'r4c3', 'r4c4', 'r4c5', 'r5c2', 'r5c3', 'r5c4', 'r5c5', 'r5c6', 'r5c7']",6,8,210.9133758544922,0,0,0,none,0.0,0.0,0.0
29,33,60,64,28.478097915649414,-0.09868240356445312,22,0.049773755656108594,0.10416666666666667,0.5,0.6367101669311523,0.5319148936170213,0.13628756614870502,True,0.19909502262443438,False,"['insufficient_fb_retention_ratio', 'insufficient_model_inlier_ratio_retained', 'insufficient_effective_inlier_ratio_detected', 'insufficient_grid_coverage', 'excessive_parallax_clusters']",skip,True,442,414,383,180,22,0.4072398190045249,0.12222222222222222,0.049773755656108594,0.1496199667453766,17.932374466503482,38.15340043863579,40.96535612246802,22,25,4,100.17600000000675,1.0,0.0,full_calibrated_frame,gray,21,3,False,48,5,"['r0c1', 'r0c2', 'r2c0', 'r2c1', 'r3c0']",6,8,210.9133758544922,0,0,0,none,0.0,0.0,0.0
30,34,61,65,42.492835998535156,-0.27664947509765625,40,0.0894854586129754,0.1875,0.17083333333333334,0.5846450328826904,0.4666666666666667,0.11482172842744287,True,0.3579418344519016,False,"['insufficient_model_inlier_ratio_retained', 'insufficient_effective_inlier_ratio_detected', 'insufficient_grid_coverage', 'insufficient_vertical_span', 'excessive_parallax_clusters']",skip,True,447,428,423,216,40,0.48322147651006714,0.18518518518518517,0.0894854586129754,0.13777345418930054,7.9354038870224,55.5707434406381,60.440771184519406,40,35,4,83.47999999998137,1.0,0.0,full_calibrated_frame,gray,21,3,False,48,9,"['r4c2', 'r4c3', 'r4c4', 'r4c5', 'r5c2', 'r5c3', 'r5c5', 'r5c6', 'r5c7']",6,8,210.9133758544922,0,0,0,none,0.0,0.0,0.0
31,35,62,66,50.644073486328125,-0.17914581298828125,22,0.04954954954954955,0.1875,0.1375,0.6569790244102478,0.5416666666666666,0.13914384981525024,True,0.1981981981981982,False,"['insufficient_fb_retention_ratio', 'insufficient_model_inlier_ratio_retained', 'insufficient_effective_inlier_ratio_detected', 'insufficient_grid_coverage', 'insufficient_vertical_span', 'excessive_parallax_clusters']",skip,True,444,400,392,182,22,0.4099099099099099,0.12087912087912088,0.04954954954954955,0.1676056981086731,12.395515393665733,60.83569479443298,64.49005660853129,22,26,4,100.17599999997765,1.0,0.0,full_calibrated_frame,gray,21,3,False,48,9,"['r4c1', 'r4c2', 'r4c3', 'r4c4', 'r4c5', 'r5c2', 'r5c4', 'r5c5', 'r5c6']",6,8,210.9133758544922,0,0,0,none,0.0,0.0,0.0
32,36,63,67,50.881107330322266,0.13263702392578125,23,0.053117782909930716,0.16666666666666666,0.14166666666666666,0.663006603717804,0.5576923076923077,0.13959208426709907,True,0.21247113163972287,False,"['insufficient_fb_retention_ratio', 'insufficient_model_inlier_ratio_retained', 'insufficient_effective_inlier_ratio_detected', 'insufficient_grid_coverage', 'insufficient_vertical_span', 'excessive_parallax_clusters']",skip,True,433,393,380,184,23,0.42494226327944573,0.125,0.053117782909930716,0.159317284822464,12.218446524115347,60.63550331548931,64.71082499151005,23,29,4,100.17600000000675,1.0,0.0,full_calibrated_frame,gray,21,3,False,48,8,"['r4c1', 'r4c2', 'r4c4', 'r5c1', 'r5c2', 'r5c4', 'r5c5', 'r5c6']",6,8,210.9133758544922,0,0,0,none,0.0,0.0,0.0
33,37,64,68,27.45290184020996,0.08240127563476562,22,0.049886621315192746,0.14583333333333334,0.5958333333333333,0.5705029368400574,0.47619047619047616,0.14073915237658527,True,0.19954648526077098,False,"['insufficient_fb_retention_ratio', 'insufficient_model_inlier_ratio_retained', 'insufficient_effective_inlier_ratio_detected', 'insufficient_grid_coverage', 'excessive_parallax_clusters']",skip,True,441,412,404,170,22,0.3854875283446712,0.12941176470588237,0.049886621315192746,0.1583736091852188,19.879478756063165,37.27020533336282,39.61413314963585,22,20,4,100.17600000000675,1.0,0.0,full_calibrated_frame,gray,21,3,False,48,7,"['r0c0', 'r0c1', 'r0c7', 'r2c0', 'r2c5', 'r2c7', 'r3c7']",6,8,210.9133758544922,0,0,0,none,0.0,0.0,0.0
34,38,65,69,27.51178550720215,0.16643142700195312,27,0.06192660550458716,0.14583333333333334,0.6166666666666667,0.6071038842201233,0.47058823529411764,0.14093129091962533,True,0.24770642201834864,False,"['insufficient_fb_retention_ratio', 'insufficient_model_inlier_ratio_retained', 'insufficient_effective_inlier_ratio_detected', 'insufficient_grid_coverage', 'excessive_parallax_clusters']",skip,True,436,401,392,164,27,0.3761467889908257,0.16463414634146342,0.06192660550458716,0.16282691061496735,19.694046054678463,37.1663192390874,71.84147263506674,27,24,4,100.17600000000675,1.0,0.0,full_calibrated_frame,gray,21,3,False,48,7,"['r0c1', 'r0c7', 'r1c7', 'r2c5', 'r2c7', 'r3c7', 'r4c7']",6,8,210.9133758544922,0,0,0,none,0.0,0.0,0.0
35,39,66,70,27.392410278320312,0.17604446411132812,30,0.07058823529411765,0.20833333333333334,0.6291666666666667,0.6081937551498413,0.3877551020408163,0.14079359988429496,True,0.2823529411764706,False,"['insufficient_fb_retention_ratio', 'insufficient_model_inlier_ratio_retained', 'insufficient_effective_inlier_ratio_detected', 'insufficient_grid_coverage']",skip,True,425,350,346,162,30,0.3811764705882353,0.18518518518518517,0.07058823529411765,0.16741499304771423,16.265881457476063,37.29360473961551,39.12270918485673,30,19,4,100.17600000000675,1.0,0.0,full_calibrated_frame,gray,21,3,False,48,10,"['r0c0', 'r0c1', 'r0c5', 'r0c6', 'r0c7', 'r2c7', 'r3c3', 'r3c7', 'r4c6', 'r4c7']",6,8,210.9133758544922,0,0,0,none,0.0,0.0,0.0
36,40,67,71,27.519134521484375,0.041667938232421875,31,0.07451923076923077,0.1875,0.6333333333333333,0.5770056247711182,0.41509433962264153,0.14113819294928465,True,0.2980769230769231,False,"['insufficient_fb_retention_ratio', 'insufficient_model_inlier_ratio_retained', 'insufficient_effective_inlier_ratio_detected', 'insufficient_grid_coverage']",skip,True,416,347,338,162,31,0.3894230769230769,0.19135802469135801,0.07451923076923077,0.17449475824832916,15.947665561315938,37.77353459976841,71.26040562939268,31,22,4,100.17599999997765,1.0,0.0,full_calibrated_frame,gray,21,3,False,48,9,"['r0c0', 'r0c5', 'r0c6', 'r0c7', 'r2c4', 'r2c6', 'r2c7', 'r3c7', 'r4c6']",6,8,210.9133758544922,0,0,0,none,0.0,0.0,0.0
37,41,68,72,27.490692138671875,0.0869293212890625,34,0.0776255707762557,0.1875,0.625,0.6106259822845459,0.41379310344827586,0.1413545373067663,True,0.3105022831050228,False,"['insufficient_fb_retention_ratio', 'insufficient_model_inlier_ratio_retained', 'insufficient_effective_inlier_ratio_detected', 'insufficient_grid_coverage']",skip,True,438,384,352,161,34,0.3675799086757991,0.2111801242236025,0.0776255707762557,0.16191288828849792,15.372422486492992,37.20007594220468,43.77666752541474,34,24,4,100.17600000000675,1.0,0.0,full_calibrated_frame,gray,21,3,False,48,9,"['r0c5', 'r0c6', 'r0c7', 'r1c7', 'r2c6', 'r2c7', 'r3c3', 'r3c7', 'r4c5']",6,8,210.9133758544922,0,0,0,none,0.0,0.0,0.0
38,42,69,73,27.116363525390625,0.23373031616210938,37,0.08314606741573034,0.20833333333333334,0.625,0.5665279626846313,0.39344262295081966,0.1407215320469663,True,0.3325842696629214,False,"['insufficient_fb_retention_ratio', 'insufficient_model_inlier_ratio_retained', 'insufficient_effective_inlier_ratio_detected', 'insufficient_grid_coverage']",skip,True,445,414,381,177,37,0.39775280898876403,0.20903954802259886,0.08314606741573034,0.14821943640708923,15.095643943632027,36.81177906805147,40.71255997879011,37,24,4,100.17600000000675,1.0,0.0,full_calibrated_frame,gray,21,3,False,48,10,"['r0c6', 'r0c7', 'r1c6', 'r1c7', 'r2c5', 'r2c6', 'r2c7', 'r3c6', 'r3c7', 'r4c5']",6,8,210.9133758544922,0,0,0,none,0.0,0.0,0.0
39,43,70,74,22.798385620117188,0.14248275756835938,34,0.081145584725537,0.1875,0.6416666666666667,0.5588829517364502,0.43333333333333335,0.11713755150929016,True,0.324582338902148,False,"['insufficient_model_inlier_ratio_retained', 'insufficient_effective_inlier_ratio_detected', 'insufficient_grid_coverage']",skip,True,419,394,386,197,34,0.4701670644391408,0.17258883248730963,0.081145584725537,0.14808306097984314,13.302933892681999,36.62407131376868,38.77556182741057,34,26,4,83.48000000001048,1.0,0.0,full_calibrated_frame,gray,21,3,False,48,9,"['r0c6', 'r0c7', 'r2c5', 'r2c6', 'r2c7', 'r3c5', 'r3c6', 'r3c7', 'r4c5']",6,8,210.9133758544922,0,0,0,none,0.0,0.0,0.0
40,44,71,75,22.916656494140625,-0.07198333740234375,41,0.10353535353535354,0.25,0.6458333333333334,0.6226511001586914,0.39705882352941174,0.11652131344125678,True,0.41414141414141414,False,"['insufficient_fb_retention_ratio', 'insufficient_model_inlier_ratio_retained', 'insufficient_effective_inlier_ratio_detected']",skip,True,396,359,349,171,41,0.4318181818181818,0.23976608187134502,0.10353535353535354,0.14384369552135468,11.12662988337724,35.78284190747061,43.69287529218277,41,27,4,83.48000000001048,1.0,0.0,full_calibrated_frame,gray,21,3,False,48,12,"['r0c6', 'r0c7', 'r1c6', 'r1c7', 'r2c4', 'r2c5', 'r2c6', 'r2c7', 'r3c5', 'r3c6', 'r3c7', 'r4c5']",6,8,210.9133758544922,0,0,0,none,0.0,0.0,0.0
41,45,72,76,30.17169189453125,-0.3135833740234375,46,0.11165048543689321,0.20833333333333334,0.3,0.5863937735557556,0.4888888888888889,0.09291074391037132,True,0.43872198378636146,False,"['insufficient_model_inlier_ratio_retained', 'insufficient_effective_inlier_ratio_detected', 'insufficient_grid_coverage', 'insufficient_vertical_span', 'excessive_parallax_clusters']",skip,True,412,380,370,233,46,0.5655339805825242,0.19742489270386265,0.11165048543689321,0.1197478398680687,6.829684841515053,35.681859838440786,49.42790190111415,46,44,4,66.7839999999851,1.0,0.0,full_calibrated_frame,gray,21,3,False,48,10,"['r3c1', 'r4c1', 'r4c2', 'r4c3', 'r4c4', 'r4c5', 'r4c6', 'r4c7', 'r5c5', 'r5c6']",6,8,210.9133758544922,0,0,0,none,0.0,0.0,0.0
42,46,73,77,23.286468505859375,-1.114990234375,39,0.09176470588235294,0.20833333333333334,0.625,0.6335991621017456,0.4,0.11557863988810346,True,0.36705882352941177,False,"['insufficient_model_inlier_ratio_retained', 'insufficient_effective_inlier_ratio_detected', 'insufficient_grid_coverage']",skip,True,425,389,382,201,39,0.47294117647058825,0.19402985074626866,0.09176470588235294,0.16179661452770233,13.102394210791005,34.489405821592634,37.962940208206604,39,26,4,83.47999999998137,1.0,0.0,full_calibrated_frame,gray,21,3,False,48,10,"['r0c5', 'r0c6', 'r0c7', 'r1c6', 'r2c3', 'r2c5', 'r2c6', 'r2c7', 'r3c6', 'r4c5']",6,8,210.9133758544922,0,0,0,none,0.0,0.0,0.0
43,47,74,78,23.197555541992188,-1.06353759765625,42,0.10473815461346633,0.22916666666666666,0.6416666666666667,0.6499247550964355,0.4084507042253521,0.11606302361984805,True,0.41895261845386533,False,"['insufficient_fb_retention_ratio', 'insufficient_model_inlier_ratio_retained', 'insufficient_effective_inlier_ratio_detected', 'insufficient_grid_coverage']",skip,True,401,371,364,176,42,0.4389027431421446,0.23863636363636365,0.10473815461346633,0.14594745635986328,11.52539499129431,33.39902210353533,37.365645274902654,42,29,4,83.48000000001048,1.0,0.0,full_calibrated_frame,gray,21,3,False,48,11,"['r0c6', 'r0c7', 'r1c6', 'r2c3', 'r2c4', 'r2c5', 'r2c6', 'r2c7', 'r3c6', 'r3c7', 'r4c5']",6,8,210.9133758544922,0,0,0,none,0.0,0.0,0.0
44,48,75,79,23.167755126953125,-0.9245147705078125,44,0.10784313725490197,0.1875,0.6208333333333333,0.571020245552063,0.3972602739726027,0.1162450038824985,True,0.43137254901960786,False,"['insufficient_fb_retention_ratio', 'insufficient_model_inlier_ratio_retained', 'insufficient_effective_inlier_ratio_detected', 'insufficient_grid_coverage']",skip,True,408,387,368,176,44,0.43137254901960786,0.25,0.10784313725490197,0.14876320958137512,11.328431441318536,29.98934592525223,37.411843388059744,44,29,4,83.48000000001048,1.0,0.0,full_calibrated_frame,gray,21,3,False,48,9,"['r0c6', 'r0c7', 'r1c6', 'r2c3', 'r2c5', 'r2c6', 'r2c7', 'r3c6', 'r4c5']",6,8,210.9133758544922,0,0,0,none,0.0,0.0,0.0
45,49,76,80,23.313705444335938,-0.4841594696044922,38,0.09429280397022333,0.16666666666666666,0.6291666666666667,0.5745293498039246,0.4411764705882353,0.11494401611556324,True,0.3771712158808933,False,"['insufficient_fb_retention_ratio', 'insufficient_model_inlier_ratio_retained', 'insufficient_effective_inlier_ratio_detected', 'insufficient_grid_coverage']",skip,True,403,380,343,174,38,0.4317617866004963,0.21839080459770116,0.09429280397022333,0.1277317851781845,10.79206538940014,29.729405281834058,38.49124038320425,38,30,4,83.48000000001048,1.0,0.0,full_calibrated_frame,gray,21,3,False,48,8,"['r0c6', 'r0c7', 'r1c6', 'r2c3', 'r2c5', 'r2c6', 'r3c6', 'r4c6']",6,8,210.9133758544922,0,0,0,none,0.0,0.0,0.0
46,50,77,81,18.57525634765625,0.10227203369140625,64,0.15458937198067632,0.4166666666666667,0.6625,0.5866972208023071,0.41284403669724773,0.09156502772136937,True,0.6052009456264775,False,"['insufficient_model_inlier_ratio_retained', 'insufficient_effective_inlier_ratio_detected']",skip,True,414,390,361,235,64,0.5676328502415459,0.2723404255319149,0.15458937198067632,0.08681996166706085,8.87585545982042,19.882152614951643,37.812826040117564,64,45,4,66.7840000000142,1.0,0.0,full_calibrated_frame,gray,21,3,False,48,20,"['r0c0', 'r0c1', 'r0c3', 'r0c5', 'r0c6', 'r0c7', 'r1c5', 'r1c6', 'r2c2', 'r2c3', 'r2c4', 'r2c5', 'r2c6', 'r3c1', 'r3c2', 'r3c4', 'r3c5', 'r3c6', 'r4c4', 'r4c6']",6,8,210.9133758544922,0,0,0,none,0.0,0.0,0.0
47,51,78,82,22.989990234375,0.3365440368652344,41,0.09785202863961814,0.20833333333333334,0.6291666666666667,0.5419448614120483,0.4225352112676056,0.11344679775539651,True,0.3914081145584726,False,"['insufficient_fb_retention_ratio', 'insufficient_model_inlier_ratio_retained', 'insufficient_effective_inlier_ratio_detected', 'insufficient_grid_coverage']",skip,True,419,400,353,180,41,0.4295942720763723,0.22777777777777777,0.09785202863961814,0.09503402560949326,12.85723473386279,25.230071201589578,37.944227523323654,41,30,4,83.47999999998137,1.0,0.0,full_calibrated_frame,gray,21,3,False,48,10,"['r0c5', 'r0c6', 'r1c5', 'r1c6', 'r2c5', 'r2c6', 'r3c5', 'r3c6', 'r4c4', 'r4c6']",6,8,210.9133758544922,0,0,0,none,0.0,0.0,0.0
48,52,79,83,22.96728515625,0.31986236572265625,45,0.11194029850746269,0.3125,0.6291666666666667,0.6321445107460022,0.3918918918918919,0.11219198094899474,True,0.44776119402985076,False,"['insufficient_fb_retention_ratio', 'insufficient_model_inlier_ratio_retained', 'insufficient_effective_inlier_ratio_detected']",skip,True,402,393,364,178,45,0.4427860696517413,0.25280898876404495,0.11194029850746269,0.11605276167392731,11.408160511401032,25.39375787439853,39.00930887033426,45,29,4,83.47999999998137,1.0,0.0,full_calibrated_frame,gray,21,3,False,48,15,"['r0c5', 'r0c6', 'r1c5', 'r1c6', 'r2c2', 'r2c3', 'r2c4', 'r2c5', 'r2c6', 'r3c1', 'r3c4', 'r3c5', 'r3c6', 'r4c4', 'r4c6']",6,8,210.9133758544922,0,0,0,none,0.0,0.0,0.0
49,53,80,84,22.730804443359375,0.3219451904296875,47,0.11989795918367346,0.2708333333333333,0.6625,0.5824956297874451,0.4125,0.1118713945750418,True,0.47959183673469385,False,"['insufficient_model_inlier_ratio_retained', 'insufficient_effective_inlier_ratio_detected']",skip,True,392,380,364,184,47,0.46938775510204084,0.2554347826086957,0.11989795918367346,0.11596676707267761,11.620128088335553,26.019980645472835,40.74873312185579,47,33,4,83.47999999998137,1.0,0.0,full_calibrated_frame,gray,21,3,False,48,13,"['r0c3', 'r0c5', 'r0c6', 'r1c5', 'r2c4', 'r2c5', 'r2c6', 'r3c1', 'r3c4', 'r3c5', 'r3c6', 'r4c4', 'r4c6']",6,8,210.9133758544922,0,0,0,none,0.0,0.0,0.0
50,54,81,85,22.552398681640625,0.3772544860839844,44,0.10628019323671498,0.25,0.6208333333333333,0.574112594127655,0.4358974358974359,0.11178882326013095,True,0.4251207729468599,False,"['insufficient_model_inlier_ratio_retained', 'insufficient_effective_inlier_ratio_detected']",skip,True,414,395,386,200,44,0.4830917874396135,0.22,0.10628019323671498,0.1079031229019165,11.833244421667354,27.712324846539545,40.87650519922962,44,34,4,83.48000000001048,1.0,0.0,full_calibrated_frame,gray,21,3,False,48,12,"['r0c2', 'r0c5', 'r0c6', 'r1c5', 'r2c3', 'r2c5', 'r2c6', 'r3c1', 'r3c4', 'r3c5', 'r3c6', 'r4c4']",6,8,210.9133758544922,0,0,0,none,0.0,0.0,0.0
51,55,82,86,17.919559478759766,0.2990074157714844,62,0.1497584541062802,0.3125,0.6666666666666666,0.47777584195137024,0.39805825242718446,0.08856473983669377,True,0.5179615705931495,False,"['insufficient_model_inlier_ratio_retained', 'insufficient_effective_inlier_ratio_detected']",skip,True,414,410,399,266,62,0.642512077294686,0.23308270676691728,0.1497584541062802,0.08394616842269897,9.902705035767163,22.86216534826837,46.03425854087025,62,41,4,66.7840000000142,1.0,0.0,full_calibrated_frame,gray,21,3,False,48,15,"['r0c2', 'r0c4', 'r0c5', 'r0c6', 'r1c5', 'r2c1', 'r2c2', 'r2c3', 'r2c4', 'r2c5', 'r2c6', 'r3c1', 'r3c3', 'r3c5', 'r4c4']",6,8,210.9133758544922,0,0,0,none,0.0,0.0,0.0
52,56,83,87,17.57958984375,0.30971527099609375,56,0.1396508728179551,0.2708333333333333,0.6208333333333333,0.48730987310409546,0.43434343434343436,0.08882182323913862,True,0.4918752744839701,False,"['insufficient_model_inlier_ratio_retained', 'insufficient_effective_inlier_ratio_detected']",skip,True,401,397,373,253,56,0.6309226932668329,0.22134387351778656,0.1396508728179551,0.0853637084364891,10.019001013281235,22.71474969591768,23.143799007358318,56,43,4,66.7840000000142,1.0,0.0,full_calibrated_frame,gray,21,3,False,48,13,"['r0c2', 'r0c4', 'r0c5', 'r0c6', 'r1c5', 'r2c1', 'r2c2', 'r2c3', 'r2c5', 'r3c1', 'r3c3', 'r3c4', 'r3c5']",6,8,210.9133758544922,0,0,0,none,0.0,0.0,0.0
53,57,84,88,21.615760803222656,0.2623310089111328,46,0.1141439205955335,0.25,0.6166666666666667,0.5537978410720825,0.43902439024390244,0.10956744718886313,True,0.456575682382134,False,"['insufficient_model_inlier_ratio_retained', 'insufficient_effective_inlier_ratio_detected']",skip,True,403,394,388,219,46,0.543424317617866,0.2100456621004566,0.1141439205955335,0.10691042244434357,13.659258831873172,28.315385569633882,38.85681025851823,46,36,4,83.48000000001048,1.0,0.0,full_calibrated_frame,gray,21,3,False,48,12,"['r0c2', 'r0c4', 'r0c5', 'r1c5', 'r2c1', 'r2c2', 'r2c3', 'r2c5', 'r3c1', 'r3c3', 'r3c5', 'r4c4']",6,8,210.9133758544922,0,0,0,none,0.0,0.0,0.0
54,58,85,89,21.3658447265625,0.01537322998046875,50,0.125,0.2916666666666667,0.6291666666666667,0.5896350145339966,0.4444444444444444,0.10948510601899308,True,0.5,False,"['insufficient_model_inlier_ratio_retained', 'insufficient_effective_inlier_ratio_detected']",skip,True,400,392,376,216,50,0.54,0.23148148148148148,0.125,0.10695555806159973,12.95655071826782,27.98533872087426,38.67346553949251,50,40,4,83.47999999998137,1.0,0.0,full_calibrated_frame,gray,21,3,False,48,14,"['r0c1', 'r0c2', 'r0c4', 'r0c5', 'r1c5', 'r2c1', 'r2c2', 'r2c3', 'r2c4', 'r2c5', 'r3c1', 'r3c3', 'r3c5', 'r4c4']",6,8,210.9133758544922,0,0,0,none,0.0,0.0,0.0
55,59,86,90,21.079345703125,-0.5752544403076172,52,0.13506493506493505,0.2708333333333333,0.6166666666666667,0.5774639844894409,0.45263157894736844,0.1082111108795652,True,0.5402597402597402,False,"['insufficient_model_inlier_ratio_retained', 'insufficient_effective_inlier_ratio_detected', 'excessive_parallax_clusters']",skip,True,385,370,355,207,52,0.5376623376623376,0.25120772946859904,0.13506493506493505,0.09981409460306168,11.844513599403918,27.707602699168703,36.811241813754506,52,43,4,83.47999999998137,1.0,0.0,full_calibrated_frame,gray,21,3,False,48,13,"['r0c1', 'r0c2', 'r0c4', 'r0c5', 'r1c5', 'r2c1', 'r2c2', 'r2c3', 'r2c4', 'r2c5', 'r3c1', 'r3c3', 'r3c5']",6,8,210.9133758544922,0,0,0,none,0.0,0.0,0.0
56,60,87,91,21.1517276763916,-1.054316520690918,46,0.11616161616161616,0.20833333333333334,0.575,0.5677196383476257,0.4588235294117647,0.1068076806504058,True,0.46464646464646464,False,"['insufficient_model_inlier_ratio_retained', 'insufficient_effective_inlier_ratio_detected', 'insufficient_grid_coverage', 'excessive_parallax_clusters']",skip,True,396,358,351,214,46,0.5404040404040404,0.21495327102803738,0.11616161616161616,0.10747041553258896,11.844996708127347,27.00947244661177,27.828116666325073,46,39,4,83.47999999998137,1.0,0.0,full_calibrated_frame,gray,21,3,False,48,10,"['r0c1', 'r0c2', 'r0c4', 'r0c5', 'r1c5', 'r2c1', 'r2c4', 'r2c5', 'r3c1', 'r3c5']",6,8,210.9133758544922,0,0,0,none,0.0,0.0,0.0
57,61,88,92,20.41826629638672,-0.93792724609375,59,0.14460784313725492,0.3958333333333333,0.6375,0.5990123748779297,0.41,0.10457849782778639,True,0.5700483091787439,False,"['insufficient_model_inlier_ratio_retained', 'insufficient_effective_inlier_ratio_detected']",skip,True,408,382,352,230,59,0.5637254901960784,0.2565217391304348,0.14460784313725492,0.10966621339321136,11.772214321061465,27.453721863713728,44.50917006859475,59,41,4,83.48000000001048,1.0,0.0,full_calibrated_frame,gray,21,3,False,48,19,"['r0c1', 'r0c2', 'r0c3', 'r0c4', 'r0c5', 'r1c0', 'r1c4', 'r1c5', 'r2c1', 'r2c2', 'r2c3', 'r2c4', 'r2c5', 'r2c7', 'r3c0', 'r3c2', 'r3c4', 'r3c5', 'r4c5']",6,8,210.9133758544922,0,0,0,none,0.0,0.0,0.0
58,62,89,93,20.22888946533203,-0.44606971740722656,58,0.13679245283018868,0.3958333333333333,0.65,0.5890020728111267,0.42,0.1023267859553858,True,0.5471698113207547,False,"['insufficient_model_inlier_ratio_retained', 'insufficient_effective_inlier_ratio_detected']",skip,True,424,397,378,228,58,0.5377358490566038,0.2543859649122807,0.13679245283018868,0.12777604162693024,11.249641785341037,27.42908442728747,44.20724031866084,58,42,4,83.48000000001048,1.0,0.0,full_calibrated_frame,gray,21,3,False,48,19,"['r0c0', 'r0c1', 'r0c2', 'r0c3', 'r0c4', 'r0c5', 'r1c0', 'r1c4', 'r1c5', 'r2c1', 'r2c2', 'r2c4', 'r2c5', 'r3c0', 'r3c2', 'r3c3', 'r3c4', 'r3c5', 'r4c5']",6,8,210.9133758544922,0,0,0,none,0.0,0.0,0.0
59,63,90,94,20.202529907226562,0.3871002197265625,55,0.13381995133819952,0.2708333333333333,0.6083333333333333,0.5162057280540466,0.46601941747572817,0.10003238036224127,True,0.5071461502996772,False,"['insufficient_model_inlier_ratio_retained', 'insufficient_effective_inlier_ratio_detected', 'excessive_parallax_clusters']",skip,True,411,383,375,241,55,0.5863746958637469,0.22821576763485477,0.13381995133819952,0.12859265506267548,11.389044142844655,26.467315449744387,37.61874524994044,55,48,4,83.48000000001048,1.0,0.0,full_calibrated_frame,gray,21,3,False,48,13,"['r0c0', 'r0c1', 'r0c2', 'r0c3', 'r0c4', 'r1c4', 'r1c5', 'r2c0', 'r2c1', 'r2c2', 'r2c4', 'r3c0', 'r3c4']",6,8,210.9133758544922,0,0,0,none,0.0,0.0,0.0
60,64,91,95,19.964889526367188,0.7271823883056641,47,0.1111111111111111,0.22916666666666666,0.5875,0.5692965984344482,0.45348837209302323,0.09841424711626945,True,0.4444444444444444,False,"['insufficient_model_inlier_ratio_retained', 'insufficient_effective_inlier_ratio_detected', 'insufficient_grid_coverage', 'excessive_parallax_clusters']",skip,True,423,406,393,231,47,0.5460992907801419,0.20346320346320346,0.1111111111111111,0.11918452382087708,11.310414102014557,35.079290287694036,37.62918284967288,47,39,4,83.48000000001048,1.0,0.0,full_calibrated_frame,gray,21,3,False,48,11,"['r0c1', 'r0c2', 'r0c3', 'r0c4', 'r1c4', 'r2c0', 'r2c1', 'r2c2', 'r2c4', 'r3c2', 'r3c4']",6,8,210.9133758544922,0,0,0,none,0.0,0.0,0.0
61,65,92,96,30.49164581298828,0.046875,35,0.08083140877598152,0.16666666666666666,0.7166666666666667,0.6326186656951904,0.5070422535211268,0.09498611709845695,True,0.3233256351039261,False,"['insufficient_model_inlier_ratio_retained', 'insufficient_effective_inlier_ratio_detected', 'insufficient_grid_coverage', 'excessive_parallax_clusters']",skip,True,433,412,403,202,35,0.4665127020785219,0.17326732673267325,0.08083140877598152,0.11871397495269775,9.754696072542608,45.966858104622276,50.13267607963141,35,36,4,83.47999999998137,1.0,0.0,full_calibrated_frame,gray,21,3,False,48,8,"['r0c2', 'r1c2', 'r4c0', 'r4c1', 'r4c2', 'r4c3', 'r4c4', 'r5c3']",6,8,210.9133758544922,0,0,0,none,0.0,0.0,0.0
62,66,93,97,20.142074584960938,-0.47277069091796875,43,0.10141509433962265,0.3125,0.9041666666666667,0.5428117513656616,0.44155844155844154,0.0933078172967804,True,0.4056603773584906,False,"['insufficient_model_inlier_ratio_retained', 'insufficient_effective_inlier_ratio_detected']",skip,True,424,404,399,204,43,0.4811320754716981,0.2107843137254902,0.10141509433962265,0.16115419566631317,10.497247752363357,36.42682743023235,41.15765403034986,43,34,4,83.47999999998137,1.0,0.0,full_calibrated_frame,gray,21,3,False,48,15,"['r0c0', 'r0c1', 'r0c2', 'r0c3', 'r1c2', 'r1c3', 'r2c0', 'r2c1', 'r2c2', 'r2c3', 'r2c6', 'r3c0', 'r3c3', 'r4c4', 'r5c2']",6,8,210.9133758544922,0,0,0,none,0.0,0.0,0.0
63,67,94,98,43.010711669921875,-0.7337875366210938,45,0.1048951048951049,0.20833333333333334,0.9583333333333334,0.6155523061752319,0.4375,0.09174977831870335,True,0.4195804195804196,False,"['insufficient_model_inlier_ratio_retained', 'insufficient_effective_inlier_ratio_detected', 'insufficient_grid_coverage']",skip,True,429,410,405,208,45,0.48484848484848486,0.21634615384615385,0.1048951048951049,0.1262134611606598,13.700983414701927,59.91531764194654,68.2911853679687,45,35,4,83.48000000001048,1.0,0.0,full_calibrated_frame,gray,21,3,False,48,10,"['r0c5', 'r1c4', 'r1c5', 'r2c4', 'r2c5', 'r3c5', 'r4c5', 'r5c2', 'r5c4', 'r5c5']",6,8,210.9133758544922,0,0,0,none,0.0,0.0,0.0
64,68,95,99,50.100547790527344,-0.13856887817382812,48,0.11428571428571428,0.1875,0.9708333333333333,0.558538556098938,0.37662337662337664,0.10710266570468241,True,0.45714285714285713,False,"['insufficient_model_inlier_ratio_retained', 'insufficient_effective_inlier_ratio_detected', 'insufficient_grid_coverage']",skip,True,420,399,393,199,48,0.4738095238095238,0.24120603015075376,0.11428571428571428,0.12066306173801422,15.796253820017442,65.2663135158665,70.35975862623238,48,29,4,100.17600000000675,1.0,0.0,full_calibrated_frame,gray,21,3,False,48,9,"['r0c5', 'r1c4', 'r1c5', 'r2c4', 'r2c5', 'r3c5', 'r4c5', 'r5c4', 'r5c5']",6,8,210.9133758544922,0,0,0,none,0.0,0.0,0.0
65,69,96,100,40.50721740722656,0.6071090698242188,51,0.12056737588652482,0.22916666666666666,0.9666666666666667,0.5799161195755005,0.44565217391304346,0.0867223446809342,True,0.48226950354609927,False,"['insufficient_model_inlier_ratio_retained', 'insufficient_effective_inlier_ratio_detected', 'insufficient_grid_coverage']",skip,True,423,402,393,230,51,0.5437352245862884,0.2217391304347826,0.12056737588652482,0.1235082745552063,12.9652641076969,55.893285971443746,64.19327769724588,51,41,4,83.48000000001048,1.0,0.0,full_calibrated_frame,gray,21,3,False,48,11,"['r0c4', 'r0c5', 'r1c4', 'r1c5', 'r2c4', 'r2c5', 'r3c4', 'r4c4', 'r5c1', 'r5c4', 'r5c5']",6,8,210.9133758544922,0,0,0,none,0.0,0.0,0.0
66,70,97,101,17.7491455078125,0.44155120849609375,38,0.09026128266033254,0.3125,0.6333333333333333,0.6027459502220154,0.5128205128205128,0.08424099765803739,True,0.36104513064133015,False,"['insufficient_model_inlier_ratio_retained', 'insufficient_effective_inlier_ratio_detected', 'excessive_parallax_clusters']",skip,True,421,399,392,231,38,0.5486935866983373,0.1645021645021645,0.09026128266033254,0.11475984007120132,10.079347841728167,21.90980409933471,37.81208392103564,38,40,4,83.48000000001048,1.0,0.0,full_calibrated_frame,gray,21,3,False,48,15,"['r0c1', 'r0c2', 'r0c3', 'r0c5', 'r0c6', 'r0c7', 'r1c2', 'r1c3', 'r2c0', 'r2c1', 'r2c3', 'r2c5', 'r2c6', 'r2c7', 'r3c3']",6,8,210.9133758544922,0,0,0,none,0.0,0.0,0.0
67,71,98,102,38.33915710449219,0.08067703247070312,49,0.11666666666666667,0.1875,0.9708333333333333,0.5596979260444641,0.4948453608247423,0.08278590526860463,True,0.4444444444444445,False,"['insufficient_model_inlier_ratio_retained', 'insufficient_effective_inlier_ratio_detected', 'insufficient_grid_coverage', 'excessive_parallax_clusters']",skip,True,420,400,389,245,49,0.5833333333333334,0.2,0.11666666666666667,0.10486019402742386,12.413292328044058,37.8523173772129,58.77860226097365,49,48,4,83.47999999998137,1.0,0.0,full_calibrated_frame,gray,21,3,False,48,9,"['r0c4', 'r1c3', 'r1c4', 'r2c3', 'r2c4', 'r3c4', 'r4c4', 'r5c1', 'r5c4']",6,8,210.9133758544922,0,0,0,none,0.0,0.0,0.0
68,72,99,103,36.4696044921875,-0.5159702301025391,52,0.1271393643031785,0.20833333333333334,0.9208333333333333,0.5587437748908997,0.45263157894736844,0.07826237616845944,True,0.4678362573099415,False,"['insufficient_model_inlier_ratio_retained', 'insufficient_effective_inlier_ratio_detected', 'insufficient_grid_coverage', 'excessive_parallax_clusters']",skip,True,409,397,393,247,52,0.6039119804400978,0.21052631578947367,0.1271393643031785,0.09957563877105713,11.65849080101332,36.02388589351879,55.967996909984635,52,43,4,83.48000000001048,1.0,0.0,full_calibrated_frame,gray,21,3,False,48,10,"['r0c3', 'r0c4', 'r1c3', 'r1c4', 'r2c3', 'r2c4', 'r3c3', 'r5c1', 'r5c3', 'r5c4']",6,8,210.9133758544922,0,0,0,none,0.0,0.0,0.0
69,73,100,104,35.48637390136719,-0.3909130096435547,55,0.13126491646778043,0.20833333333333334,0.9666666666666667,0.4963369369506836,0.48598130841121495,0.0763116213805769,True,0.4700854700854701,False,"['insufficient_model_inlier_ratio_retained', 'insufficient_effective_inlier_ratio_detected', 'insufficient_grid_coverage', 'excessive_parallax_clusters']",skip,True,419,411,407,260,55,0.6205250596658711,0.21153846153846154,0.13126491646778043,0.08791391551494598,11.105471594132746,33.30468783943645,43.19679366143123,55,52,4,83.48000000001048,1.0,0.0,full_calibrated_frame,gray,21,3,False,48,10,"['r0c3', 'r1c3', 'r1c4', 'r2c3', 'r2c4', 'r3c3', 'r5c0', 'r5c1', 'r5c3', 'r5c4']",6,8,210.9133758544922,0,0,0,none,0.0,0.0,0.0
70,74,101,105,15.523895263671875,-0.1943206787109375,65,0.15776699029126215,0.375,0.6541666666666667,0.4799004793167114,0.43478260869565216,0.0749585357440018,True,0.53696819496076,False,"['insufficient_model_inlier_ratio_retained', 'insufficient_effective_inlier_ratio_detected']",skip,True,412,405,398,269,65,0.6529126213592233,0.241635687732342,0.15776699029126215,0.09413689374923706,8.349047694582726,19.184388085922855,36.45055787488164,65,50,4,83.48000000001048,1.0,0.0,full_calibrated_frame,gray,21,3,False,48,18,"['r0c0', 'r0c1', 'r0c2', 'r0c4', 'r0c5', 'r0c6', 'r0c7', 'r1c1', 'r1c2', 'r2c0', 'r2c1', 'r2c2', 'r2c5', 'r2c6', 'r2c7', 'r3c1', 'r3c2', 'r4c3']",6,8,210.9133758544922,0,0,0,none,0.0,0.0,0.0
71,75,102,106,33.60383605957031,0.3571929931640625,49,0.11750599520383694,0.1875,0.925,0.5562360286712646,0.5333333333333333,0.07269150390489754,True,0.42701525054466233,False,"['insufficient_model_inlier_ratio_retained', 'insufficient_effective_inlier_ratio_detected', 'insufficient_grid_coverage', 'excessive_parallax_clusters']",skip,True,417,405,394,255,49,0.6115107913669064,0.19215686274509805,0.11750599520383694,0.09798158705234528,12.096982510855183,33.19453611058914,55.62967131997496,49,56,4,83.48000000001048,1.0,0.0,full_calibrated_frame,gray,21,3,False,48,9,"['r0c3', 'r1c3', 'r1c4', 'r2c3', 'r2c4', 'r3c3', 'r4c3', 'r5c0', 'r5c3']",6,8,210.9133758544922,0,0,0,none,0.0,0.0,0.0
72,76,103,107,13.807342529296875,0.2690277099609375,66,0.15137614678899083,0.375,0.6333333333333333,0.48184865713119507,0.4358974358974359,0.06984541210507156,True,0.5352798053527981,False,"['insufficient_model_inlier_ratio_retained', 'insufficient_effective_inlier_ratio_detected']",skip,True,436,416,407,274,66,0.6284403669724771,0.24087591240875914,0.15137614678899083,0.10091623663902283,9.656474422593341,18.56290944611935,36.44233340917658,66,51,4,83.48099999999977,1.0,0.0,full_calibrated_frame,gray,21,3,False,48,18,"['r0c0', 'r0c1', 'r0c2', 'r0c3', 'r0c4', 'r0c5', 'r0c6', 'r0c7', 'r1c1', 'r2c0', 'r2c1', 'r2c2', 'r2c4', 'r2c5', 'r2c6', 'r2c7', 'r3c1', 'r3c2']",6,8,210.9133758544922,0,0,0,none,0.0,0.0,0.0
73,77,104,108,13.706497192382812,0.13316726684570312,73,0.1697674418604651,0.375,0.625,0.5580692887306213,0.44274809160305345,0.06798818625974512,True,0.5793650793650794,False,"['insufficient_model_inlier_ratio_retained', 'insufficient_effective_inlier_ratio_detected']",skip,True,430,407,401,280,73,0.6511627906976745,0.26071428571428573,0.1697674418604651,0.07420367002487183,8.090435934120572,18.18124463251174,37.02660756827969,73,58,4,83.48099999999977,1.0,0.0,full_calibrated_frame,gray,21,3,False,48,18,"['r0c0', 'r0c1', 'r0c3', 'r0c4', 'r0c5', 'r0c6', 'r0c7', 'r1c1', 'r1c2', 'r1c3', 'r2c0', 'r2c1', 'r2c4', 'r2c5', 'r2c6', 'r2c7', 'r3c1', 'r3c2']",6,8,210.9133758544922,0,0,0,none,0.0,0.0,0.0
74,78,105,109,16.315643310546875,-0.19583892822265625,46,0.10599078341013825,0.2708333333333333,0.6291666666666667,0.5105200409889221,0.5053763440860215,0.07970924414417935,True,0.4121863799283154,False,"['insufficient_model_inlier_ratio_retained', 'insufficient_effective_inlier_ratio_detected', 'excessive_parallax_clusters']",skip,True,434,409,391,248,46,0.5714285714285714,0.18548387096774194,0.10599078341013825,0.10803423076868057,11.624317317988893,21.047809347961838,38.2324661276672,46,47,4,100.17699999999604,1.0,0.0,full_calibrated_frame,gray,21,3,False,48,13,"['r0c0', 'r0c1', 'r0c3', 'r0c4', 'r0c5', 'r0c6', 'r1c0', 'r1c1', 'r2c4', 'r2c5', 'r2c6', 'r2c7', 'r3c1']",6,8,210.9133758544922,0,0,0,none,0.0,0.0,0.0
75,79,106,110,15.75968599319458,-0.31370019912719727,51,0.11564625850340136,0.375,0.6208333333333333,0.5144898891448975,0.5,0.07852938405072174,True,0.45883940620782726,False,"['insufficient_model_inlier_ratio_retained', 'insufficient_effective_inlier_ratio_detected', 'excessive_parallax_clusters']",skip,True,441,411,392,247,51,0.5600907029478458,0.20647773279352227,0.11564625850340136,0.09592276066541672,11.013466529500588,20.856902988185254,37.703077475921155,51,51,4,100.17699999999604,1.0,0.0,full_calibrated_frame,gray,21,3,False,48,18,"['r0c0', 'r0c1', 'r0c3', 'r0c4', 'r0c5', 'r0c6', 'r1c0', 'r1c1', 'r1c3', 'r2c0', 'r2c1', 'r2c3', 'r2c4', 'r2c5', 'r2c6', 'r2c7', 'r3c1', 'r3c3']",6,8,210.9133758544922,0,0,0,none,0.0,0.0,0.0
76,80,107,111,12.82708740234375,-0.19338035583496094,77,0.1774193548387097,0.3958333333333333,0.6208333333333333,0.4998836815357208,0.45774647887323944,0.06353066835111787,True,0.5684754521963824,False,"['insufficient_model_inlier_ratio_retained', 'insufficient_effective_inlier_ratio_detected', 'excessive_parallax_clusters']",skip,True,434,416,402,301,77,0.6935483870967742,0.2558139534883721,0.1774193548387097,0.08330215513706207,8.347268035578267,16.790299909568198,26.793478285403864,77,65,4,83.47999999998137,1.0,0.0,full_calibrated_frame,gray,21,3,False,48,19,"['r0c0', 'r0c1', 'r0c3', 'r0c4', 'r0c5', 'r0c6', 'r0c7', 'r1c0', 'r1c1', 'r1c3', 'r2c0', 'r2c1', 'r2c3', 'r2c4', 'r2c5', 'r2c6', 'r2c7', 'r3c1', 'r3c3']",6,8,210.9133758544922,0,0,0,none,0.0,0.0,0.0
77,81,108,112,15.170650482177734,-0.009572029113769531,71,0.16063348416289594,0.3958333333333333,0.625,0.5323544144630432,0.42276422764227645,0.073695529963138,True,0.571658615136876,False,"['insufficient_model_inlier_ratio_retained', 'insufficient_effective_inlier_ratio_detected']",skip,True,442,418,408,276,71,0.6244343891402715,0.2572463768115942,0.16063348416289594,0.09470830857753754,7.650590591770977,19.353517971593096,34.22552504021525,71,52,4,100.17599999997765,1.0,0.0,full_calibrated_frame,gray,21,3,False,48,19,"['r0c0', 'r0c1', 'r0c3', 'r0c4', 'r0c5', 'r0c6', 'r1c0', 'r1c1', 'r1c3', 'r2c0', 'r2c1', 'r2c3', 'r2c4', 'r2c5', 'r2c6', 'r2c7', 'r3c3', 'r3c6', 'r3c7']",6,8,210.9133758544922,0,0,0,none,0.0,0.0,0.0
78,82,109,113,12.350967407226562,0.0986480712890625,94,0.21363636363636362,0.4375,0.6083333333333333,0.46747714281082153,0.38961038961038963,0.05949920866742331,True,0.6548241030999651,False,"['insufficient_model_inlier_ratio_retained', 'insufficient_effective_inlier_ratio_detected']",skip,True,440,429,415,319,94,0.725,0.2946708463949843,0.21363636363636362,0.06634829193353653,5.877366268606116,15.562357653894145,22.39562855082498,94,60,4,83.48000000001048,1.0,0.0,full_calibrated_frame,gray,21,3,False,48,21,"['r0c0', 'r0c1', 'r0c3', 'r0c4', 'r0c5', 'r0c6', 'r0c7', 'r1c0', 'r1c1', 'r1c3', 'r2c0', 'r2c1', 'r2c3', 'r2c4', 'r2c5', 'r2c6', 'r2c7', 'r3c0', 'r3c1', 'r3c3', 'r3c7']",6,8,210.9133758544922,0,0,0,none,0.0,0.0,0.0
79,83,110,114,12.1534423828125,0.018674850463867188,87,0.19683257918552036,0.4583333333333333,0.6375,0.47043007612228394,0.42,0.05817659042049428,True,0.6004140786749482,False,"['insufficient_model_inlier_ratio_retained', 'insufficient_effective_inlier_ratio_detected']",skip,True,442,430,417,322,87,0.7285067873303167,0.2701863354037267,0.19683257918552036,0.0737142413854599,6.16950291626954,15.259536059122901,18.462898391960366,87,63,4,83.48000000001048,1.0,0.0,full_calibrated_frame,gray,21,3,False,48,22,"['r0c0', 'r0c1', 'r0c2', 'r0c3', 'r0c4', 'r0c5', 'r0c6', 'r0c7', 'r1c0', 'r1c1', 'r1c3', 'r2c0', 'r2c1', 'r2c3', 'r2c4', 'r2c5', 'r2c6', 'r2c7', 'r3c0', 'r3c1', 'r3c3', 'r3c7']",6,8,210.9133758544922,0,0,0,none,0.0,0.0,0.0
80,84,111,115,13.868309020996094,-0.26076507568359375,78,0.17607223476297967,0.4583333333333333,0.6291666666666667,0.5231293439865112,0.46938775510204084,0.06651963053141685,True,0.5433646812957158,False,"['insufficient_model_inlier_ratio_retained', 'insufficient_effective_inlier_ratio_detected', 'excessive_parallax_clusters']",skip,True,443,432,428,319,78,0.7200902934537246,0.2445141065830721,0.17607223476297967,0.09409637004137039,8.749131673287662,17.703077101359664,19.944296745319363,78,69,4,100.17600000000675,1.0,0.0,full_calibrated_frame,gray,21,3,False,48,22,"['r0c0', 'r0c1', 'r0c2', 'r0c3', 'r0c4', 'r0c5', 'r0c6', 'r0c7', 'r1c0', 'r1c1', 'r1c3', 'r2c0', 'r2c1', 'r2c3', 'r2c4', 'r2c5', 'r2c6', 'r2c7', 'r3c0', 'r3c1', 'r3c3', 'r3c7']",6,8,210.9133758544922,0,0,0,none,0.0,0.0,0.0
81,85,112,116,11.268110275268555,-0.28175926208496094,89,0.2,0.5,0.65,0.5386675596237183,0.47337278106508873,0.05295955985843959,True,0.5586942875078469,False,"['insufficient_model_inlier_ratio_retained', 'insufficient_effective_inlier_ratio_detected', 'excessive_parallax_clusters']",skip,True,445,436,431,354,89,0.7955056179775281,0.2514124293785311,0.2,0.06783993542194366,6.469872399500231,13.708858749816851,16.25365412450227,89,80,4,83.48000000001048,1.0,0.0,full_calibrated_frame,gray,21,3,False,48,24,"['r0c0', 'r0c1', 'r0c2', 'r0c3', 'r0c4', 'r0c5', 'r0c6', 'r0c7', 'r1c0', 'r1c1', 'r1c2', 'r1c3', 'r2c0', 'r2c2', 'r2c3', 'r2c4', 'r2c5', 'r2c6', 'r2c7', 'r3c0', 'r3c2', 'r3c3', 'r3c6', 'r3c7']",6,8,210.9133758544922,0,0,0,none,0.0,0.0,0.0
82,86,113,117,12.34320068359375,-0.03427696228027344,80,0.1762114537444934,0.4375,0.625,0.5244417190551758,0.4968553459119497,0.05912229725400309,True,0.5123278898495036,False,"['insufficient_model_inlier_ratio_retained', 'insufficient_effective_inlier_ratio_detected', 'excessive_parallax_clusters']",skip,True,454,445,441,347,80,0.76431718061674,0.23054755043227665,0.1762114537444934,0.07170126587152481,7.97484565650671,15.882014656252432,17.97993899019934,80,79,4,100.17599999997765,1.0,0.0,full_calibrated_frame,gray,21,3,False,48,21,"['r0c0', 'r0c2', 'r0c3', 'r0c4', 'r0c5', 'r0c7', 'r1c0', 'r1c1', 'r1c2', 'r1c3', 'r2c0', 'r2c2', 'r2c3', 'r2c4', 'r2c5', 'r2c6', 'r2c7', 'r3c3', 'r3c5', 'r3c6', 'r3c7']",6,8,210.9133758544922,0,0,0,none,0.0,0.0,0.0
83,87,114,118,11.946968078613281,0.043259620666503906,83,0.18568232662192394,0.4583333333333333,0.9375,0.45711225271224976,0.49390243902439024,0.05578262939280987,True,0.5195618153364632,False,"['insufficient_model_inlier_ratio_retained', 'insufficient_effective_inlier_ratio_detected', 'excessive_parallax_clusters']",skip,True,447,439,434,355,83,0.7941834451901566,0.23380281690140844,0.18568232662192394,0.0659063383936882,7.298915989941991,14.904046546645034,17.691415400993964,83,81,4,100.17599999997765,1.0,0.0,full_calibrated_frame,gray,21,3,False,48,22,"['r0c0', 'r0c2', 'r0c3', 'r0c4', 'r0c5', 'r0c7', 'r1c0', 'r1c2', 'r1c3', 'r2c0', 'r2c2', 'r2c3', 'r2c4', 'r2c5', 'r2c6', 'r2c7', 'r3c2', 'r3c3', 'r3c4', 'r3c5', 'r3c7', 'r5c3']",6,8,210.9133758544922,0,0,0,none,0.0,0.0,0.0
84,88,115,119,9.167236328125,0.171844482421875,108,0.24379232505643342,0.4583333333333333,0.6541666666666667,0.44254177808761597,0.4489795918367347,0.04369535717218076,True,0.6593406593406593,False,"['insufficient_model_inlier_ratio_retained', 'insufficient_effective_inlier_ratio_detected']",skip,True,443,437,432,364,108,0.8216704288939052,0.2967032967032967,0.24379232505643342,0.039893101900815964,5.829404768858653,11.474369789675976,14.568078916165174,108,88,4,83.48000000001048,1.0,0.0,full_calibrated_frame,gray,21,3,False,48,22,"['r0c0', 'r0c2', 'r0c3', 'r0c4', 'r0c5', 'r0c7', 'r1c0', 'r1c2', 'r1c3', 'r2c0', 'r2c2', 'r2c3', 'r2c4', 'r2c5', 'r2c6', 'r2c7', 'r3c0', 'r3c2', 'r3c3', 'r3c4', 'r3c5', 'r3c7']",6,8,210.9133758544922,0,0,0,none,0.0,0.0,0.0
85,89,116,120,9.805877685546875,0.183929443359375,103,0.23146067415730337,0.4583333333333333,0.6416666666666667,0.42873913049697876,0.45789473684210524,0.04789081228667147,True,0.634041243459526,False,"['insufficient_model_inlier_ratio_retained', 'insufficient_effective_inlier_ratio_detected', 'excessive_parallax_clusters']",skip,True,445,433,427,361,103,0.8112359550561797,0.2853185595567867,0.23146067415730337,0.04916185885667801,5.532798123189507,12.702739406055526,13.15012266747806,103,87,4,100.17600000000675,1.0,0.0,full_calibrated_frame,gray,21,3,False,48,22,"['r0c2', 'r0c3', 'r0c4', 'r0c5', 'r0c6', 'r0c7', 'r1c0', 'r1c2', 'r1c3', 'r2c0', 'r2c2', 'r2c3', 'r2c4', 'r2c5', 'r2c6', 'r2c7', 'r3c2', 'r3c3', 'r3c4', 'r3c5', 'r3c6', 'r3c7']",6,8,210.9133758544922,0,0,0,none,0.0,0.0,0.0
86,90,117,121,7.368896484375,-0.0101165771484375,118,0.2681818181818182,0.5416666666666666,0.95,0.3972720503807068,0.4847161572052402,0.037017961811635525,True,0.7067984426474992,False,"['insufficient_model_inlier_ratio_retained', 'excessive_parallax_clusters']",skip,True,440,436,432,371,118,0.8431818181818181,0.31805929919137466,0.2681818181818182,0.028779955580830574,4.111933208828553,9.618373797766019,10.336980126016199,118,111,4,83.48000000001048,1.0,0.0,full_calibrated_frame,gray,21,3,False,48,26,"['r0c2', 'r0c3', 'r0c4', 'r0c5', 'r0c6', 'r0c7', 'r1c0', 'r1c2', 'r1c3', 'r2c0', 'r2c2', 'r2c3', 'r2c4', 'r2c5', 'r2c6', 'r2c7', 'r3c0', 'r3c2', 'r3c3', 'r3c4', 'r3c5', 'r3c6', 'r3c7', 'r4c2', 'r4c6', 'r5c2']",6,8,210.9133758544922,0,0,0,none,0.0,0.0,0.0
87,91,118,122,8.05621337890625,-0.14601898193359375,94,0.21809744779582366,0.4375,0.6458333333333334,0.44083690643310547,0.5204081632653061,0.04114150242501702,True,0.5786395814096645,False,"['insufficient_model_inlier_ratio_retained', 'insufficient_effective_inlier_ratio_detected', 'excessive_parallax_clusters']",skip,True,431,424,422,361,94,0.8375870069605569,0.26038781163434904,0.21809744779582366,0.03834720328450203,5.109271610921033,10.550332941116075,11.335025824390527,94,102,4,100.17600000000675,1.0,0.0,full_calibrated_frame,gray,21,3,False,48,21,"['r0c2', 'r0c3', 'r0c4', 'r0c5', 'r0c6', 'r0c7', 'r1c0', 'r1c2', 'r1c3', 'r2c2', 'r2c3', 'r2c4', 'r2c5', 'r2c6', 'r2c7', 'r3c0', 'r3c2', 'r3c3', 'r3c4', 'r3c5', 'r3c7']",6,8,210.9133758544922,0,0,0,none,0.0,0.0,0.0
88,92,119,123,7.7230072021484375,-0.21624374389648438,101,0.23325635103926096,0.4791666666666667,0.6666666666666666,0.4394843280315399,0.5388127853881278,0.03755420823011946,True,0.6001188354129531,False,"['insufficient_model_inlier_ratio_retained', 'insufficient_effective_inlier_ratio_detected', 'excessive_parallax_clusters']",skip,True,433,427,422,374,101,0.8637413394919169,0.2700534759358289,0.23325635103926096,0.03719251975417137,4.731297534727183,9.96395846284678,10.663012018183151,101,118,4,100.17599999997765,1.0,0.0,full_calibrated_frame,gray,21,3,False,48,23,"['r0c2', 'r0c3', 'r0c4', 'r0c5', 'r0c6', 'r0c7', 'r1c0', 'r1c2', 'r1c3', 'r2c2', 'r2c3', 'r2c4', 'r2c5', 'r2c6', 'r2c7', 'r3c0', 'r3c2', 'r3c3', 'r3c4', 'r3c5', 'r3c6', 'r3c7', 'r4c6']",6,8,210.9133758544922,0,0,0,none,0.0,0.0,0.0
89,93,120,124,12.708389282226562,-0.28256988525390625,128,0.3018867924528302,0.4583333333333333,0.9708333333333333,0.42858654260635376,0.5492957746478874,0.028646832893878926,True,0.7256235827664398,False,"['insufficient_model_inlier_ratio_retained', 'excessive_parallax_clusters']",skip,True,424,421,421,392,128,0.9245283018867925,0.32653061224489793,0.3018867924528302,0.031436264514923096,3.3963301507846406,7.330077052503856,13.506187625721527,128,156,4,83.47999999998137,1.0,0.0,full_calibrated_frame,gray,21,3,False,48,22,"['r0c0', 'r0c1', 'r1c0', 'r1c1', 'r1c2', 'r1c3', 'r1c4', 'r1c7', 'r2c0', 'r2c1', 'r3c0', 'r3c1', 'r4c0', 'r4c1', 'r4c3', 'r4c7', 'r5c0', 'r5c1', 'r5c3', 'r5c5', 'r5c6', 'r5c7']",6,8,210.9133758544922,0,0,0,none,0.0,0.0,0.0
90,94,121,125,11.95068359375,-0.20574378967285156,136,0.31554524361948955,0.5,0.9708333333333333,0.3415628969669342,0.5451505016722408,0.02595443991689317,True,0.7555555555555555,False,"['insufficient_model_inlier_ratio_retained', 'excessive_parallax_clusters']",skip,True,431,428,425,400,136,0.9280742459396751,0.34,0.31554524361948955,0.02434566617012024,2.878811528678976,6.8108737699640205,14.042909407838586,136,163,4,83.48000000001048,1.0,0.0,full_calibrated_frame,gray,21,3,False,48,24,"['r0c0', 'r0c1', 'r1c0', 'r1c1', 'r1c2', 'r1c3', 'r1c4', 'r1c7', 'r2c0', 'r2c1', 'r3c0', 'r3c1', 'r4c0', 'r4c1', 'r4c3', 'r4c7', 'r5c0', 'r5c1', 'r5c2', 'r5c3', 'r5c4', 'r5c5', 'r5c6', 'r5c7']",6,8,210.9133758544922,0,0,0,none,0.0,0.0,0.0
91,95,122,126,8.030189514160156,0.18375396728515625,195,0.4513888888888889,0.7083333333333334,0.9791666666666666,0.26183316111564636,0.4895287958115183,0.018346920938856703,True,0.9281294621608758,False,['excessive_parallax_clusters'],skip,True,432,432,429,412,195,0.9537037037037037,0.4733009708737864,0.4513888888888889,0.01311422698199749,1.7721635737096615,4.420002996580602,7.736050950262711,195,187,4,66.7840000000142,1.0,0.0,full_calibrated_frame,gray,21,3,False,48,34,"['r0c0', 'r0c1', 'r0c3', 'r0c5', 'r0c6', 'r1c0', 'r1c1', 'r1c2', 'r1c3', 'r1c4', 'r1c5', 'r1c6', 'r1c7', 'r2c0', 'r2c1', 'r3c0', 'r3c1', 'r3c6', 'r3c7', 'r4c0', 'r4c1', 'r4c2', 'r4c3', 'r4c5', 'r4c6', 'r4c7', 'r5c0', 'r5c1', 'r5c2', 'r5c3', 'r5c4', 'r5c5', 'r5c6', 'r5c7']",6,8,210.9133758544922,0,0,0,none,0.0,0.0,0.0
92,96,123,127,8.797405242919922,0.337799072265625,184,0.423963133640553,0.7083333333333334,0.9833333333333333,0.25594356656074524,0.4931129476584022,0.02040862341207128,True,0.9216128224392687,False,['excessive_parallax_clusters'],skip,True,434,433,429,405,184,0.9331797235023042,0.454320987654321,0.423963133640553,0.019604338333010674,2.0077936902725115,4.868735353777205,7.914011208832643,184,179,4,83.48000000001048,1.0,0.0,full_calibrated_frame,gray,21,3,False,48,34,"['r0c0', 'r0c1', 'r0c5', 'r0c6', 'r0c7', 'r1c0', 'r1c1', 'r1c2', 'r1c3', 'r1c4', 'r1c5', 'r1c6', 'r1c7', 'r2c0', 'r2c1', 'r3c0', 'r3c1', 'r3c6', 'r3c7', 'r4c0', 'r4c1', 'r4c2', 'r4c3', 'r4c5', 'r4c6', 'r4c7', 'r5c0', 'r5c1', 'r5c2', 'r5c3', 'r5c4', 'r5c5', 'r5c6', 'r5c7']",6,8,210.9133758544922,0,0,0,none,0.0,0.0,0.0
93,97,124,128,7.894073486328125,0.3161048889160156,205,0.47344110854503463,0.7083333333333334,0.9833333333333333,0.2420770674943924,0.4533333333333333,0.018769292898575873,True,0.9939393939393938,False,['excessive_parallax_clusters'],skip,True,433,433,432,414,205,0.9561200923787528,0.49516908212560384,0.47344110854503463,0.0168185755610466,1.5191962318395578,4.69600566383275,8.132661514450918,205,170,4,83.48000000001048,1.0,0.0,full_calibrated_frame,gray,21,3,False,48,34,"['r0c0', 'r0c1', 'r0c5', 'r0c6', 'r0c7', 'r1c0', 'r1c1', 'r1c2', 'r1c3', 'r1c4', 'r1c5', 'r1c6', 'r1c7', 'r2c0', 'r2c1', 'r3c0', 'r3c1', 'r3c6', 'r3c7', 'r4c0', 'r4c1', 'r4c2', 'r4c3', 'r4c5', 'r4c6', 'r4c7', 'r5c0', 'r5c1', 'r5c2', 'r5c3', 'r5c4', 'r5c5', 'r5c6', 'r5c7']",6,8,210.9133758544922,0,0,0,none,0.0,0.0,0.0
